report_date_as_yyyy_mm_dd,market_and_exchange_names,noncomm_positions_long_all,noncomm_positions_short_all,comm_positions_long_all,comm_positions_short_all,open_interest_all,date,spec_net,comm_net
2010-01-05T00:00:00.000,EURO FX - CHICAGO MERCANTILE EXCHANGE,37229,73017,75603,46052,156155,2010-01-05,-35788,29551
2010-01-12T00:00:00.000,EURO FX - CHICAGO MERCANTILE EXCHANGE,36186,54103,77041,65306,161287,2010-01-12,-17917,11735
2010-01-19T00:00:00.000,EURO FX - CHICAGO MERCANTILE EXCHANGE,34186,59468,80493,59772,164501,2010-01-19,-25282,20721
2010-01-26T00:00:00.000,EURO FX - CHICAGO MERCANTILE EXCHANGE,33106,72645,107572,66224,184978,2010-01-26,-39539,41348
2010-02-02T00:00:00.000,EURO FX - CHICAGO MERCANTILE EXCHANGE,31207,74948,110320,63773,186878,2010-02-02,-43741,46547
2010-02-09T00:00:00.000,EURO FX - CHICAGO MERCANTILE EXCHANGE,34867,92019,120004,56636,197457,2010-02-09,-57152,63368
2010-02-16T00:00:00.000,EURO FX - CHICAGO MERCANTILE EXCHANGE,34459,93881,119236,55730,196042,2010-02-16,-59422,63506
2010-02-23T00:00:00.000,EURO FX - CHICAGO MERCANTILE EXCHANGE,32728,104351,135199,56953,208474,2010-02-23,-71623,78246
2010-03-02T00:00:00.000,EURO FX - CHICAGO MERCANTILE EXCHANGE,35894,102664,135287,66049,218803,2010-03-02,-66770,69238
2010-03-09T00:00:00.000,EURO FX - CHICAGO MERCANTILE EXCHANGE,32589,107140,169613,88988,243524,2010-03-09,-74551,80625
2010-03-16T00:00:00.000,EURO FX - CHICAGO MERCANTILE EXCHANGE,41800,88141,82124,32720,163822,2010-03-16,-46341,49404
2010-03-23T00:00:00.000,EURO FX - CHICAGO MERCANTILE EXCHANGE,39953,114870,113860,31884,195287,2010-03-23,-74917,81976
2010-03-30T00:00:00.000,EURO FX - CHICAGO MERCANTILE EXCHANGE,35205,120531,147689,49896,223554,2010-03-30,-85326,97793
2010-04-06T00:00:00.000,EURO FX - CHICAGO MERCANTILE EXCHANGE,39036,106259,129186,52156,208883,2010-04-06,-67223,77030
2010-04-13T00:00:00.000,EURO FX - CHICAGO MERCANTILE EXCHANGE,37157,92621,124881,58998,203199,2010-04-13,-55464,65883
2010-04-20T00:00:00.000,EURO FX - CHICAGO MERCANTILE EXCHANGE,33614,105038,130859,54711,208291,2010-04-20,-71424,76148
2010-04-27T00:00:00.000,EURO FX - CHICAGO MERCANTILE EXCHANGE,34462,123475,155391,58045,238298,2010-04-27,-89013,97346
2010-05-04T00:00:00.000,EURO FX - CHICAGO MERCANTILE EXCHANGE,36675,140077,175841,62928,261076,2010-05-04,-103402,112913
2010-05-11T00:00:00.000,EURO FX - CHICAGO MERCANTILE EXCHANGE,39584,153474,197808,73314,287589,2010-05-11,-113890,124494
2010-05-18T00:00:00.000,EURO FX - CHICAGO MERCANTILE EXCHANGE,54411,161554,195262,76108,300526,2010-05-18,-107143,119154
2010-05-25T00:00:00.000,EURO FX - CHICAGO MERCANTILE EXCHANGE,45630,152366,190207,72954,281966,2010-05-25,-106736,117253
2010-06-01T00:00:00.000,EURO FX - CHICAGO MERCANTILE EXCHANGE,45006,138331,176197,79109,275266,2010-06-01,-93325,97088
2010-06-08T00:00:00.000,EURO FX - CHICAGO MERCANTILE EXCHANGE,45938,157883,198558,87172,305060,2010-06-08,-111945,111386
2010-06-15T00:00:00.000,EURO FX - CHICAGO MERCANTILE EXCHANGE,49526,111886,133605,58614,227632,2010-06-15,-62360,74991
2010-06-22T00:00:00.000,EURO FX - CHICAGO MERCANTILE EXCHANGE,41013,111987,139417,58197,224050,2010-06-22,-70974,81220
2010-06-29T00:00:00.000,EURO FX - CHICAGO MERCANTILE EXCHANGE,43357,117027,140113,56627,225752,2010-06-29,-73670,83486
2010-07-06T00:00:00.000,EURO FX - CHICAGO MERCANTILE EXCHANGE,56316,95225,122675,80214,228333,2010-07-06,-38909,42461
2010-07-13T00:00:00.000,EURO FX - CHICAGO MERCANTILE EXCHANGE,56187,83237,123535,88641,225703,2010-07-13,-27050,34894
2010-07-20T00:00:00.000,EURO FX - CHICAGO MERCANTILE EXCHANGE,55008,79259,130879,97825,230118,2010-07-20,-24251,33054
2010-07-27T00:00:00.000,EURO FX - CHICAGO MERCANTILE EXCHANGE,56622,77961,130508,101249,232193,2010-07-27,-21339,29259
2010-08-03T00:00:00.000,EURO FX - CHICAGO MERCANTILE EXCHANGE,60410,67707,127496,116469,236101,2010-08-03,-7297,11027
2010-08-10T00:00:00.000,EURO FX - CHICAGO MERCANTILE EXCHANGE,55797,59528,132681,127762,234276,2010-08-10,-3731,4919
2010-08-17T00:00:00.000,EURO FX - CHICAGO MERCANTILE EXCHANGE,61324,75951,137257,124115,250090,2010-08-17,-14627,13142
2010-08-24T00:00:00.000,EURO FX - CHICAGO MERCANTILE EXCHANGE,54591,76194,142830,118301,245448,2010-08-24,-21603,24529
2010-08-31T00:00:00.000,EURO FX - CHICAGO MERCANTILE EXCHANGE,51099,76668,143877,112447,241133,2010-08-31,-25569,31430
2010-09-07T00:00:00.000,EURO FX - CHICAGO MERCANTILE EXCHANGE,53156,76855,148315,118728,257788,2010-09-07,-23699,29587
2010-09-14T00:00:00.000,EURO FX - CHICAGO MERCANTILE EXCHANGE,54543,64187,67986,58316,170651,2010-09-14,-9644,9670
2010-09-21T00:00:00.000,EURO FX - CHICAGO MERCANTILE EXCHANGE,52300,47203,63931,70956,167463,2010-09-21,5097,-7025
2010-09-28T00:00:00.000,EURO FX - CHICAGO MERCANTILE EXCHANGE,70638,35308,64109,106549,190039,2010-09-28,35330,-42440
2010-10-05T00:00:00.000,EURO FX - CHICAGO MERCANTILE EXCHANGE,72979,24736,66364,122353,197406,2010-10-05,48243,-55989
2010-10-12T00:00:00.000,EURO FX - CHICAGO MERCANTILE EXCHANGE,68718,27207,73180,122239,197836,2010-10-12,41511,-49059
2010-10-19T00:00:00.000,EURO FX - CHICAGO MERCANTILE EXCHANGE,74855,28107,80283,143118,219761,2010-10-19,46748,-62835
2010-10-26T00:00:00.000,EURO FX - CHICAGO MERCANTILE EXCHANGE,70109,29604,79733,130949,209103,2010-10-26,40505,-51216
2010-11-02T00:00:00.000,EURO FX - CHICAGO MERCANTILE EXCHANGE,70185,31575,74771,125394,206972,2010-11-02,38610,-50623
2010-11-09T00:00:00.000,EURO FX - CHICAGO MERCANTILE EXCHANGE,61477,38194,80065,117860,204528,2010-11-09,23283,-37795
2010-11-16T00:00:00.000,EURO FX - CHICAGO MERCANTILE EXCHANGE,54708,46102,82056,99611,195598,2010-11-16,8606,-17555
2010-11-23T00:00:00.000,EURO FX - CHICAGO MERCANTILE EXCHANGE,43670,51963,90172,91128,187189,2010-11-23,-8293,-956
2010-11-30T00:00:00.000,EURO FX - CHICAGO MERCANTILE EXCHANGE,47264,54512,96865,94867,203930,2010-11-30,-7248,1998
2010-12-07T00:00:00.000,EURO FX - CHICAGO MERCANTILE EXCHANGE,32322,47612,115122,92641,198099,2010-12-07,-15290,22481
2010-12-14T00:00:00.000,EURO FX - CHICAGO MERCANTILE EXCHANGE,35689,45993,63095,50387,146781,2010-12-14,-10304,12708
2010-12-21T00:00:00.000,EURO FX - CHICAGO MERCANTILE EXCHANGE,38604,52697,68741,54908,156136,2010-12-21,-14093,13833
2010-12-28T00:00:00.000,EURO FX - CHICAGO MERCANTILE EXCHANGE,33833,60312,80025,52498,162312,2010-12-28,-26479,27527
2011-01-04T00:00:00.000,EURO FX - CHICAGO MERCANTILE EXCHANGE,37102,61303,77703,52848,163239,2011-01-04,-24201,24855
2011-01-11T00:00:00.000,EURO FX - CHICAGO MERCANTILE EXCHANGE,42359,87541,108835,58443,202004,2011-01-11,-45182,50392
2011-01-18T00:00:00.000,EURO FX - CHICAGO MERCANTILE EXCHANGE,67309,63200,65807,71021,188933,2011-01-18,4109,-5214
2011-01-25T00:00:00.000,EURO FX - CHICAGO MERCANTILE EXCHANGE,73488,50587,62983,91071,199706,2011-01-25,22901,-28088
2011-02-01T00:00:00.000,EURO FX - CHICAGO MERCANTILE EXCHANGE,80381,40447,65404,111805,211730,2011-02-01,39934,-46401
2011-02-08T00:00:00.000,EURO FX - CHICAGO MERCANTILE EXCHANGE,73502,38768,65994,113877,203541,2011-02-08,34734,-47883
2011-02-15T00:00:00.000,EURO FX - CHICAGO MERCANTILE EXCHANGE,63395,30931,69268,111581,193304,2011-02-15,32464,-42313
2011-02-22T00:00:00.000,EURO FX - CHICAGO MERCANTILE EXCHANGE,77454,31856,68789,122623,207869,2011-02-22,45598,-53834
2011-03-01T00:00:00.000,EURO FX - CHICAGO MERCANTILE EXCHANGE,83104,31796,66564,129694,217066,2011-03-01,51308,-63130
2011-03-08T00:00:00.000,EURO FX - CHICAGO MERCANTILE EXCHANGE,98171,35877,93190,167583,263702,2011-03-08,62294,-74393
2011-03-15T00:00:00.000,EURO FX - CHICAGO MERCANTILE EXCHANGE,86506,40190,44477,108111,190848,2011-03-15,46316,-63634
2011-03-22T00:00:00.000,EURO FX - CHICAGO MERCANTILE EXCHANGE,81574,33221,53020,113015,194709,2011-03-22,48353,-59995
2011-03-29T00:00:00.000,EURO FX - CHICAGO MERCANTILE EXCHANGE,93031,36401,62196,134511,218177,2011-03-29,56630,-72315
2011-04-05T00:00:00.000,EURO FX - CHICAGO MERCANTILE EXCHANGE,99405,39548,70097,146642,236270,2011-04-05,59857,-76545
2011-04-12T00:00:00.000,EURO FX - CHICAGO MERCANTILE EXCHANGE,105425,40440,69054,151768,243203,2011-04-12,64985,-82714
2011-04-19T00:00:00.000,EURO FX - CHICAGO MERCANTILE EXCHANGE,102686,40491,74976,155704,244006,2011-04-19,62195,-80728
2011-04-26T00:00:00.000,EURO FX - CHICAGO MERCANTILE EXCHANGE,105683,37404,72619,161952,249000,2011-04-26,68279,-89333
2011-05-03T00:00:00.000,EURO FX - CHICAGO MERCANTILE EXCHANGE,128460,28944,62075,186930,264337,2011-05-03,99516,-124855
2011-05-10T00:00:00.000,EURO FX - CHICAGO MERCANTILE EXCHANGE,98054,36607,83295,163027,242927,2011-05-10,61447,-79732
2011-05-17T00:00:00.000,EURO FX - CHICAGO MERCANTILE EXCHANGE,89941,48296,105953,157756,250533,2011-05-17,41645,-51803
2011-05-24T00:00:00.000,EURO FX - CHICAGO MERCANTILE EXCHANGE,75182,56053,134068,156886,258663,2011-05-24,19129,-22818
2011-05-31T00:00:00.000,EURO FX - CHICAGO MERCANTILE EXCHANGE,80494,58524,136097,164386,270101,2011-05-31,21970,-28289
2011-06-07T00:00:00.000,EURO FX - CHICAGO MERCANTILE EXCHANGE,96555,44719,133843,193019,296126,2011-06-07,51836,-59176
2011-06-14T00:00:00.000,EURO FX - CHICAGO MERCANTILE EXCHANGE,84580,34686,48746,113295,190373,2011-06-14,49894,-64549
2011-06-21T00:00:00.000,EURO FX - CHICAGO MERCANTILE EXCHANGE,72153,42382,62478,103169,189190,2011-06-21,29771,-40691
2011-06-28T00:00:00.000,EURO FX - CHICAGO MERCANTILE EXCHANGE,68800,35813,57791,101137,183206,2011-06-28,32987,-43346
2011-07-05T00:00:00.000,EURO FX - CHICAGO MERCANTILE EXCHANGE,81860,38666,54485,111116,194329,2011-07-05,43194,-56631
2011-07-12T00:00:00.000,EURO FX - CHICAGO MERCANTILE EXCHANGE,61392,48976,70726,86428,185541,2011-07-12,12416,-15702
2011-07-19T00:00:00.000,EURO FX - CHICAGO MERCANTILE EXCHANGE,58580,49334,77199,83685,180314,2011-07-19,9246,-6486
2011-07-26T00:00:00.000,EURO FX - CHICAGO MERCANTILE EXCHANGE,60177,43139,71503,97247,183690,2011-07-26,17038,-25744
2011-08-02T00:00:00.000,EURO FX - CHICAGO MERCANTILE EXCHANGE,58313,56550,85149,91248,190722,2011-08-02,1763,-6099
2011-08-09T00:00:00.000,EURO FX - CHICAGO MERCANTILE EXCHANGE,49029,57302,86027,81060,183571,2011-08-09,-8273,4967
2011-08-16T00:00:00.000,EURO FX - CHICAGO MERCANTILE EXCHANGE,47094,40368,75036,82944,168931,2011-08-16,6726,-7908
2011-08-23T00:00:00.000,EURO FX - CHICAGO MERCANTILE EXCHANGE,47711,45172,78732,84822,174714,2011-08-23,2539,-6090
2011-08-30T00:00:00.000,EURO FX - CHICAGO MERCANTILE EXCHANGE,43894,44278,81983,85137,179162,2011-08-30,-384,-3154
2011-09-06T00:00:00.000,EURO FX - CHICAGO MERCANTILE EXCHANGE,33167,69610,128794,83050,209515,2011-09-06,-36443,45744
2011-09-13T00:00:00.000,EURO FX - CHICAGO MERCANTILE EXCHANGE,25704,80163,194836,115819,264500,2011-09-13,-54459,79017
2011-09-20T00:00:00.000,EURO FX - CHICAGO MERCANTILE EXCHANGE,19920,99380,147760,44819,201556,2011-09-20,-79460,102941
2011-09-27T00:00:00.000,EURO FX - CHICAGO MERCANTILE EXCHANGE,19705,102178,159618,51938,215172,2011-09-27,-82473,107680
2011-10-04T00:00:00.000,EURO FX - CHICAGO MERCANTILE EXCHANGE,18104,100801,169387,60185,220839,2011-10-04,-82697,109202
2011-10-11T00:00:00.000,EURO FX - CHICAGO MERCANTILE EXCHANGE,17040,90835,170021,69466,223167,2011-10-11,-73795,100555
2011-10-18T00:00:00.000,EURO FX - CHICAGO MERCANTILE EXCHANGE,20977,98697,178450,70717,230483,2011-10-18,-77720,107733
2011-10-25T00:00:00.000,EURO FX - CHICAGO MERCANTILE EXCHANGE,21323,97835,181494,76852,235774,2011-10-25,-76512,104642
2011-11-01T00:00:00.000,EURO FX - CHICAGO MERCANTILE EXCHANGE,26311,86371,167499,86554,231229,2011-11-01,-60060,80945
2011-11-08T00:00:00.000,EURO FX - CHICAGO MERCANTILE EXCHANGE,27943,82200,168347,88975,231445,2011-11-08,-54257,79372
2011-11-15T00:00:00.000,EURO FX - CHICAGO MERCANTILE EXCHANGE,24048,100195,187608,79137,244552,2011-11-15,-76147,108471
2011-11-22T00:00:00.000,EURO FX - CHICAGO MERCANTILE EXCHANGE,25943,111011,199707,81373,260064,2011-11-22,-85068,118334
2011-11-29T00:00:00.000,EURO FX - CHICAGO MERCANTILE EXCHANGE,27620,131922,218546,80704,277511,2011-11-29,-104302,137842
2011-12-06T00:00:00.000,EURO FX - CHICAGO MERCANTILE EXCHANGE,34521,130335,215981,92238,283309,2011-12-06,-95814,123743
2011-12-13T00:00:00.000,EURO FX - CHICAGO MERCANTILE EXCHANGE,35507,151964,244941,101015,327740,2011-12-13,-116457,143926
2011-12-20T00:00:00.000,EURO FX - CHICAGO MERCANTILE EXCHANGE,49557,163254,188839,45720,266597,2011-12-20,-113697,143119
2011-12-27T00:00:00.000,EURO FX - CHICAGO MERCANTILE EXCHANGE,45183,173062,204337,47710,276022,2011-12-27,-127879,156627
2012-01-03T00:00:00.000,EURO FX - CHICAGO MERCANTILE EXCHANGE,40441,179350,212985,46916,282790,2012-01-03,-138909,166069
2012-01-10T00:00:00.000,EURO FX - CHICAGO MERCANTILE EXCHANGE,29770,184965,231765,50103,294263,2012-01-10,-155195,181662
2012-01-17T00:00:00.000,EURO FX - CHICAGO MERCANTILE EXCHANGE,28396,188426,238254,51069,300962,2012-01-17,-160030,187185
2012-01-24T00:00:00.000,EURO FX - CHICAGO MERCANTILE EXCHANGE,31299,202646,248435,50819,315350,2012-01-24,-171347,197616
2012-01-31T00:00:00.000,EURO FX - CHICAGO MERCANTILE EXCHANGE,31906,189452,239127,55202,305328,2012-01-31,-157546,183925
2012-02-07T00:00:00.000,EURO FX - CHICAGO MERCANTILE EXCHANGE,32128,172721,221948,56784,288657,2012-02-07,-140593,165164
2012-02-14T00:00:00.000,EURO FX - CHICAGO MERCANTILE EXCHANGE,26774,175415,228941,53808,291060,2012-02-14,-148641,175133
2012-02-21T00:00:00.000,EURO FX - CHICAGO MERCANTILE EXCHANGE,29369,171528,221151,51617,287525,2012-02-21,-142159,169534
2012-02-28T00:00:00.000,EURO FX - CHICAGO MERCANTILE EXCHANGE,35728,145402,194512,63056,271282,2012-02-28,-109674,131456
2012-03-06T00:00:00.000,EURO FX - CHICAGO MERCANTILE EXCHANGE,39943,156416,205574,63286,284739,2012-03-06,-116473,142288
2012-03-13T00:00:00.000,EURO FX - CHICAGO MERCANTILE EXCHANGE,40325,139661,212175,83411,311057,2012-03-13,-99336,128764
2012-03-20T00:00:00.000,EURO FX - CHICAGO MERCANTILE EXCHANGE,50416,133370,176529,63974,258535,2012-03-20,-82954,112555
2012-03-27T00:00:00.000,EURO FX - CHICAGO MERCANTILE EXCHANGE,34033,123162,168190,55639,239446,2012-03-27,-89129,112551
2012-04-03T00:00:00.000,EURO FX - CHICAGO MERCANTILE EXCHANGE,39835,119315,166622,62119,241006,2012-04-03,-79480,104503
2012-04-10T00:00:00.000,EURO FX - CHICAGO MERCANTILE EXCHANGE,39253,140617,204616,66567,274830,2012-04-10,-101364,138049
2012-04-17T00:00:00.000,EURO FX - CHICAGO MERCANTILE EXCHANGE,40310,158435,226108,70285,295844,2012-04-17,-118125,155823
2012-04-24T00:00:00.000,EURO FX - CHICAGO MERCANTILE EXCHANGE,36289,149656,219295,70017,287215,2012-04-24,-113367,149278
2012-05-01T00:00:00.000,EURO FX - CHICAGO MERCANTILE EXCHANGE,34957,141947,211742,68746,279605,2012-05-01,-106990,142996
2012-05-08T00:00:00.000,EURO FX - CHICAGO MERCANTILE EXCHANGE,36022,180006,252598,69712,321037,2012-05-08,-143984,182886
2012-05-15T00:00:00.000,EURO FX - CHICAGO MERCANTILE EXCHANGE,38475,212344,286563,66730,356674,2012-05-15,-173869,219833
2012-05-22T00:00:00.000,EURO FX - CHICAGO MERCANTILE EXCHANGE,34714,230075,308311,69614,376708,2012-05-22,-195361,238697
2012-05-29T00:00:00.000,EURO FX - CHICAGO MERCANTILE EXCHANGE,40287,243702,318223,71325,394160,2012-05-29,-203415,246898
2012-06-05T00:00:00.000,EURO FX - CHICAGO MERCANTILE EXCHANGE,36651,251069,328987,69903,401812,2012-06-05,-214418,259084
2012-06-12T00:00:00.000,EURO FX - CHICAGO MERCANTILE EXCHANGE,39245,234432,317031,82599,422131,2012-06-12,-195187,234432
2012-06-19T00:00:00.000,EURO FX - CHICAGO MERCANTILE EXCHANGE,54449,195515,224084,47855,311933,2012-06-19,-141066,176229
2012-06-26T00:00:00.000,EURO FX - CHICAGO MERCANTILE EXCHANGE,36933,196813,244942,47522,315785,2012-06-26,-159880,197420
2012-07-03T00:00:00.000,EURO FX - CHICAGO MERCANTILE EXCHANGE,32236,178413,235912,54541,302289,2012-07-03,-146177,181371
2012-07-10T00:00:00.000,EURO FX - CHICAGO MERCANTILE EXCHANGE,36409,202114,251888,49424,326374,2012-07-10,-165705,202464
2012-07-17T00:00:00.000,EURO FX - CHICAGO MERCANTILE EXCHANGE,31821,199070,254350,51144,323228,2012-07-17,-167249,203206
2012-07-24T00:00:00.000,EURO FX - CHICAGO MERCANTILE EXCHANGE,39501,194567,248645,56865,324443,2012-07-24,-155066,191780
2012-07-31T00:00:00.000,EURO FX - CHICAGO MERCANTILE EXCHANGE,41327,180321,234082,61370,311436,2012-07-31,-138994,172712
2012-08-07T00:00:00.000,EURO FX - CHICAGO MERCANTILE EXCHANGE,46742,178453,238441,74547,322243,2012-08-07,-131711,163894
2012-08-14T00:00:00.000,EURO FX - CHICAGO MERCANTILE EXCHANGE,43152,180962,241859,73974,321568,2012-08-14,-137810,167885
2012-08-21T00:00:00.000,EURO FX - CHICAGO MERCANTILE EXCHANGE,45986,169918,232459,85016,321166,2012-08-21,-123932,147443
2012-08-28T00:00:00.000,EURO FX - CHICAGO MERCANTILE EXCHANGE,45927,147488,224688,97055,311925,2012-08-28,-101561,127633
2012-09-04T00:00:00.000,EURO FX - CHICAGO MERCANTILE EXCHANGE,46580,148886,225276,100488,314363,2012-09-04,-102306,124788
2012-09-11T00:00:00.000,EURO FX - CHICAGO MERCANTILE EXCHANGE,43180,136838,230240,117157,332637,2012-09-11,-93658,113083
2012-09-18T00:00:00.000,EURO FX - CHICAGO MERCANTILE EXCHANGE,48817,122299,140884,53819,234394,2012-09-18,-73482,87065
2012-09-25T00:00:00.000,EURO FX - CHICAGO MERCANTILE EXCHANGE,53345,103583,119654,59930,218363,2012-09-25,-50238,59724
2012-10-02T00:00:00.000,EURO FX - CHICAGO MERCANTILE EXCHANGE,48335,98600,123654,64024,217516,2012-10-02,-50265,59630
2012-10-09T00:00:00.000,EURO FX - CHICAGO MERCANTILE EXCHANGE,39946,112516,142542,60144,227541,2012-10-09,-72570,82398
2012-10-16T00:00:00.000,EURO FX - CHICAGO MERCANTILE EXCHANGE,42041,95536,131046,63590,219809,2012-10-16,-53495,67456
2012-10-23T00:00:00.000,EURO FX - CHICAGO MERCANTILE EXCHANGE,38171,93390,133705,64140,216842,2012-10-23,-55219,69565
2012-10-30T00:00:00.000,EURO FX - CHICAGO MERCANTILE EXCHANGE,38189,96393,139267,64121,221524,2012-10-30,-58204,75146
2012-11-06T00:00:00.000,EURO FX - CHICAGO MERCANTILE EXCHANGE,45212,112353,143191,54864,227725,2012-11-06,-67141,88327
2012-11-13T00:00:00.000,EURO FX - CHICAGO MERCANTILE EXCHANGE,39863,123509,150428,48432,231660,2012-11-13,-83646,101996
2012-11-20T00:00:00.000,EURO FX - CHICAGO MERCANTILE EXCHANGE,36692,128092,155028,45063,232328,2012-11-20,-91400,109965
2012-11-27T00:00:00.000,EURO FX - CHICAGO MERCANTILE EXCHANGE,35799,102492,130148,50616,210234,2012-11-27,-66693,79532
2012-12-04T00:00:00.000,EURO FX - CHICAGO MERCANTILE EXCHANGE,48300,81095,117877,78193,217546,2012-12-04,-32795,39684
2012-12-11T00:00:00.000,EURO FX - CHICAGO MERCANTILE EXCHANGE,51536,83159,133355,98757,241932,2012-12-11,-31623,34598
2012-12-18T00:00:00.000,EURO FX - CHICAGO MERCANTILE EXCHANGE,69460,79196,71803,64052,193681,2012-12-18,-9736,7751
2012-12-24T00:00:00.000,EURO FX - CHICAGO MERCANTILE EXCHANGE,75072,77621,72084,76154,202591,2012-12-24,-2549,-4070
2012-12-31T00:00:00.000,EURO FX - CHICAGO MERCANTILE EXCHANGE,81932,76806,71891,82481,207608,2012-12-31,5126,-10590
2013-01-08T00:00:00.000,EURO FX - CHICAGO MERCANTILE EXCHANGE,66329,74364,77301,67829,194251,2013-01-08,-8035,9472
2013-01-15T00:00:00.000,EURO FX - CHICAGO MERCANTILE EXCHANGE,80174,72859,73119,88184,211373,2013-01-15,7315,-15065
2013-01-22T00:00:00.000,EURO FX - CHICAGO MERCANTILE EXCHANGE,83840,62459,74708,102356,216059,2013-01-22,21381,-27648
2013-01-29T00:00:00.000,EURO FX - CHICAGO MERCANTILE EXCHANGE,93791,66319,81422,116865,237856,2013-01-29,27472,-35443
2013-02-05T00:00:00.000,EURO FX - CHICAGO MERCANTILE EXCHANGE,97397,59445,89236,131946,251236,2013-02-05,37952,-42710
2013-02-12T00:00:00.000,EURO FX - CHICAGO MERCANTILE EXCHANGE,87135,62954,92973,126202,239566,2013-02-12,24181,-33229
2013-02-19T00:00:00.000,EURO FX - CHICAGO MERCANTILE EXCHANGE,81014,61911,91704,118002,234039,2013-02-19,19103,-26298
2013-02-26T00:00:00.000,EURO FX - CHICAGO MERCANTILE EXCHANGE,74832,84226,101311,93280,230567,2013-02-26,-9394,8031
2013-03-05T00:00:00.000,EURO FX - CHICAGO MERCANTILE EXCHANGE,63355,89471,107811,69195,218469,2013-03-05,-26116,38616
2013-03-12T00:00:00.000,EURO FX - CHICAGO MERCANTILE EXCHANGE,57473,82260,104909,68989,213113,2013-03-12,-24787,35920
2013-03-19T00:00:00.000,EURO FX - CHICAGO MERCANTILE EXCHANGE,48958,93842,102319,44157,195073,2013-03-19,-44884,58162
2013-03-26T00:00:00.000,EURO FX - CHICAGO MERCANTILE EXCHANGE,41260,90355,117345,54862,204257,2013-03-26,-49095,62483
2013-04-02T00:00:00.000,EURO FX - CHICAGO MERCANTILE EXCHANGE,44459,110160,147918,63699,235871,2013-04-02,-65701,84219
2013-04-09T00:00:00.000,EURO FX - CHICAGO MERCANTILE EXCHANGE,35343,86201,141694,72488,220353,2013-04-09,-50858,69206
2013-04-16T00:00:00.000,EURO FX - CHICAGO MERCANTILE EXCHANGE,49321,79085,121372,76858,215657,2013-04-16,-29764,44514
2013-04-23T00:00:00.000,EURO FX - CHICAGO MERCANTILE EXCHANGE,47807,82082,127780,78147,220051,2013-04-23,-34275,49633
2013-04-30T00:00:00.000,EURO FX - CHICAGO MERCANTILE EXCHANGE,56771,86920,113781,77610,222618,2013-04-30,-30149,36171
2013-05-07T00:00:00.000,EURO FX - CHICAGO MERCANTILE EXCHANGE,52517,86050,115146,69030,214597,2013-05-07,-33533,46116
2013-05-14T00:00:00.000,EURO FX - CHICAGO MERCANTILE EXCHANGE,52843,99764,132700,65854,232417,2013-05-14,-46921,66846
2013-05-21T00:00:00.000,EURO FX - CHICAGO MERCANTILE EXCHANGE,43037,123986,177851,69705,265194,2013-05-21,-80949,108146
2013-05-28T00:00:00.000,EURO FX - CHICAGO MERCANTILE EXCHANGE,36916,121560,180752,70174,264212,2013-05-28,-84644,110578
2013-06-04T00:00:00.000,EURO FX - CHICAGO MERCANTILE EXCHANGE,43804,95425,148967,78413,240733,2013-06-04,-51621,70554
2013-06-11T00:00:00.000,EURO FX - CHICAGO MERCANTILE EXCHANGE,68956,76489,128701,106793,260418,2013-06-11,-7533,21908
2013-06-18T00:00:00.000,EURO FX - CHICAGO MERCANTILE EXCHANGE,91304,71274,64586,80432,213331,2013-06-18,20030,-15846
2013-06-25T00:00:00.000,EURO FX - CHICAGO MERCANTILE EXCHANGE,87192,69835,70649,86799,211651,2013-06-25,17357,-16150
2013-07-02T00:00:00.000,EURO FX - CHICAGO MERCANTILE EXCHANGE,59270,75360,88115,61074,196064,2013-07-02,-16090,27041
2013-07-09T00:00:00.000,EURO FX - CHICAGO MERCANTILE EXCHANGE,52159,93059,124661,62042,225051,2013-07-09,-40900,62619
2013-07-16T00:00:00.000,EURO FX - CHICAGO MERCANTILE EXCHANGE,53228,90393,126783,65982,220137,2013-07-16,-37165,60801
2013-07-23T00:00:00.000,EURO FX - CHICAGO MERCANTILE EXCHANGE,63130,91030,109572,68740,219429,2013-07-23,-27900,40832
2013-07-30T00:00:00.000,EURO FX - CHICAGO MERCANTILE EXCHANGE,78211,86715,96694,73239,222957,2013-07-30,-8504,23455
2013-08-06T00:00:00.000,EURO FX - CHICAGO MERCANTILE EXCHANGE,85239,79178,90858,86556,228726,2013-08-06,6061,4302
2013-08-13T00:00:00.000,EURO FX - CHICAGO MERCANTILE EXCHANGE,89984,73927,85283,87207,225665,2013-08-13,16057,-1924
2013-08-20T00:00:00.000,EURO FX - CHICAGO MERCANTILE EXCHANGE,113092,76346,78210,109391,249660,2013-08-20,36746,-31181
2013-08-27T00:00:00.000,EURO FX - CHICAGO MERCANTILE EXCHANGE,113592,73511,78540,114408,248672,2013-08-27,40081,-35868
2013-09-03T00:00:00.000,EURO FX - CHICAGO MERCANTILE EXCHANGE,98589,75851,99298,107939,244563,2013-09-03,22738,-8641
2013-09-10T00:00:00.000,EURO FX - CHICAGO MERCANTILE EXCHANGE,82772,70076,122829,123285,257969,2013-09-10,12696,-456
2013-09-17T00:00:00.000,EURO FX - CHICAGO MERCANTILE EXCHANGE,100963,69056,73890,94356,218264,2013-09-17,31907,-20466
2013-09-24T00:00:00.000,EURO FX - CHICAGO MERCANTILE EXCHANGE,129862,64018,72759,138915,254464,2013-09-24,65844,-66156
2013-10-01T00:00:00.000,EURO FX - CHICAGO MERCANTILE EXCHANGE,128580,60304,73837,140700,255067,2013-10-01,68276,-66863
2013-10-08T00:00:00.000,EURO FX - CHICAGO MERCANTILE EXCHANGE,127301,58618,81614,147287,263859,2013-10-08,68683,-65673
2013-10-15T00:00:00.000,EURO FX - CHICAGO MERCANTILE EXCHANGE,121327,60953,84477,138835,257199,2013-10-15,60374,-54358
2013-10-22T00:00:00.000,EURO FX - CHICAGO MERCANTILE EXCHANGE,137061,64627,82406,153006,278139,2013-10-22,72434,-70600
2013-10-29T00:00:00.000,EURO FX - CHICAGO MERCANTILE EXCHANGE,136054,65437,87462,156340,282923,2013-10-29,70617,-68878
2013-11-05T00:00:00.000,EURO FX - CHICAGO MERCANTILE EXCHANGE,103333,70190,93269,124922,252554,2013-11-05,33143,-31653
2013-11-12T00:00:00.000,EURO FX - CHICAGO MERCANTILE EXCHANGE,86121,69295,97194,93189,229166,2013-11-12,16826,4005
2013-11-19T00:00:00.000,EURO FX - CHICAGO MERCANTILE EXCHANGE,81070,72159,105889,95999,232326,2013-11-19,8911,9890
2013-11-26T00:00:00.000,EURO FX - CHICAGO MERCANTILE EXCHANGE,74118,74549,120631,99633,243049,2013-11-26,-431,20998
2013-12-03T00:00:00.000,EURO FX - CHICAGO MERCANTILE EXCHANGE,82230,72918,120205,109636,253653,2013-12-03,9312,10569
2013-12-10T00:00:00.000,EURO FX - CHICAGO MERCANTILE EXCHANGE,91669,75739,152652,149951,302100,2013-12-10,15930,2701
2013-12-17T00:00:00.000,EURO FX - CHICAGO MERCANTILE EXCHANGE,97780,69857,83222,97675,230955,2013-12-17,27923,-14453
2013-12-24T00:00:00.000,EURO FX - CHICAGO MERCANTILE EXCHANGE,102462,70290,87272,106981,240206,2013-12-24,32172,-19709
2013-12-31T00:00:00.000,EURO FX - CHICAGO MERCANTILE EXCHANGE,101916,71327,88251,108680,242071,2013-12-31,30589,-20429
2014-01-07T00:00:00.000,EURO FX - CHICAGO MERCANTILE EXCHANGE,88119,73621,105422,99143,238570,2014-01-07,14498,6279
2014-01-14T00:00:00.000,EURO FX - CHICAGO MERCANTILE EXCHANGE,87059,77813,107883,98891,243434,2014-01-14,9246,8992
2014-01-21T00:00:00.000,EURO FX - CHICAGO MERCANTILE EXCHANGE,79321,83093,131073,96012,255300,2014-01-21,-3772,35061
2014-01-28T00:00:00.000,EURO FX - CHICAGO MERCANTILE EXCHANGE,86963,72616,126816,118340,260799,2014-01-28,14347,8476
2014-02-04T00:00:00.000,EURO FX - CHICAGO MERCANTILE EXCHANGE,67614,81224,160736,119781,274146,2014-02-04,-13610,40955
2014-02-11T00:00:00.000,EURO FX - CHICAGO MERCANTILE EXCHANGE,75048,81977,157239,131888,281037,2014-02-11,-6929,25351
2014-02-18T00:00:00.000,EURO FX - CHICAGO MERCANTILE EXCHANGE,88634,80035,149375,142788,291360,2014-02-18,8599,6587
2014-02-25T00:00:00.000,EURO FX - CHICAGO MERCANTILE EXCHANGE,93003,79103,149693,149405,296924,2014-02-25,13900,288
2014-03-04T00:00:00.000,EURO FX - CHICAGO MERCANTILE EXCHANGE,103868,80416,144494,155241,304308,2014-03-04,23452,-10747
2014-03-11T00:00:00.000,EURO FX - CHICAGO MERCANTILE EXCHANGE,110103,73718,148565,170697,322020,2014-03-11,36385,-22132
2014-03-18T00:00:00.000,EURO FX - CHICAGO MERCANTILE EXCHANGE,117819,64828,91888,130331,264443,2014-03-18,52991,-38443
2014-03-25T00:00:00.000,EURO FX - CHICAGO MERCANTILE EXCHANGE,106914,67280,103755,126788,262179,2014-03-25,39634,-23033
2014-04-01T00:00:00.000,EURO FX - CHICAGO MERCANTILE EXCHANGE,101849,68611,111333,125794,260075,2014-04-01,33238,-14461
2014-04-08T00:00:00.000,EURO FX - CHICAGO MERCANTILE EXCHANGE,92635,69335,120001,125354,261439,2014-04-08,23300,-5353
2014-04-15T00:00:00.000,EURO FX - CHICAGO MERCANTILE EXCHANGE,106252,78564,116428,125819,270722,2014-04-15,27688,-9391
2014-04-22T00:00:00.000,EURO FX - CHICAGO MERCANTILE EXCHANGE,101204,75430,116984,123395,266259,2014-04-22,25774,-6411
2014-04-29T00:00:00.000,EURO FX - CHICAGO MERCANTILE EXCHANGE,102285,76551,118635,124082,271515,2014-04-29,25734,-5447
2014-05-06T00:00:00.000,EURO FX - CHICAGO MERCANTILE EXCHANGE,110673,78122,108249,123865,277013,2014-05-06,32551,-15616
2014-05-13T00:00:00.000,EURO FX - CHICAGO MERCANTILE EXCHANGE,84383,86558,131899,112028,268142,2014-05-13,-2175,19871
2014-05-20T00:00:00.000,EURO FX - CHICAGO MERCANTILE EXCHANGE,75013,84233,145672,114357,268199,2014-05-20,-9220,31315
2014-05-27T00:00:00.000,EURO FX - CHICAGO MERCANTILE EXCHANGE,70753,87386,157716,116315,274051,2014-05-27,-16633,41401
2014-06-03T00:00:00.000,EURO FX - CHICAGO MERCANTILE EXCHANGE,57109,90134,177505,116655,280747,2014-06-03,-33025,60850
2014-06-10T00:00:00.000,EURO FX - CHICAGO MERCANTILE EXCHANGE,43739,100924,224523,136545,331636,2014-06-10,-57185,87978
2014-06-17T00:00:00.000,EURO FX - CHICAGO MERCANTILE EXCHANGE,51405,113240,196143,103622,285489,2014-06-17,-61835,92521
2014-06-24T00:00:00.000,EURO FX - CHICAGO MERCANTILE EXCHANGE,55062,112565,197697,107032,291244,2014-06-24,-57503,90665
2014-07-01T00:00:00.000,EURO FX - CHICAGO MERCANTILE EXCHANGE,52665,113441,196567,105198,291488,2014-07-01,-60776,91369
2014-07-08T00:00:00.000,EURO FX - CHICAGO MERCANTILE EXCHANGE,51595,110860,204115,107205,294381,2014-07-08,-59265,96910
2014-07-15T00:00:00.000,EURO FX - CHICAGO MERCANTILE EXCHANGE,59506,122352,212426,109017,310661,2014-07-15,-62846,103409
2014-07-22T00:00:00.000,EURO FX - CHICAGO MERCANTILE EXCHANGE,58142,146965,239961,108966,339706,2014-07-22,-88823,130995
2014-07-29T00:00:00.000,EURO FX - CHICAGO MERCANTILE EXCHANGE,56562,164637,259960,104377,356865,2014-07-29,-108075,155583
2014-08-05T00:00:00.000,EURO FX - CHICAGO MERCANTILE EXCHANGE,55179,183926,283373,104329,379004,2014-08-05,-128747,179044
2014-08-12T00:00:00.000,EURO FX - CHICAGO MERCANTILE EXCHANGE,51596,177613,282707,107353,376424,2014-08-12,-126017,175354
2014-08-19T00:00:00.000,EURO FX - CHICAGO MERCANTILE EXCHANGE,56774,195599,299068,109422,396460,2014-08-19,-138825,189646
2014-08-26T00:00:00.000,EURO FX - CHICAGO MERCANTILE EXCHANGE,53989,204646,306073,109975,402709,2014-08-26,-150657,196098
2014-09-02T00:00:00.000,EURO FX - CHICAGO MERCANTILE EXCHANGE,59398,220821,317713,108749,419850,2014-09-02,-161423,208964
2014-09-09T00:00:00.000,EURO FX - CHICAGO MERCANTILE EXCHANGE,59376,216881,342823,133916,484306,2014-09-09,-157505,208907
2014-09-16T00:00:00.000,EURO FX - CHICAGO MERCANTILE EXCHANGE,79552,216701,283275,94029,397652,2014-09-16,-137149,189246
2014-09-23T00:00:00.000,EURO FX - CHICAGO MERCANTILE EXCHANGE,60654,202619,297160,106324,398937,2014-09-23,-141965,190836
2014-09-30T00:00:00.000,EURO FX - CHICAGO MERCANTILE EXCHANGE,67030,204555,302134,114913,409986,2014-09-30,-137525,187221
2014-10-07T00:00:00.000,EURO FX - CHICAGO MERCANTILE EXCHANGE,61467,207679,324023,124709,425656,2014-10-07,-146212,199314
2014-10-14T00:00:00.000,EURO FX - CHICAGO MERCANTILE EXCHANGE,60158,215500,337436,132670,434873,2014-10-14,-155342,204766
2014-10-21T00:00:00.000,EURO FX - CHICAGO MERCANTILE EXCHANGE,60188,219559,340562,132521,439863,2014-10-21,-159371,208041
2014-10-28T00:00:00.000,EURO FX - CHICAGO MERCANTILE EXCHANGE,59054,224761,343150,130765,441369,2014-10-28,-165707,212385
2014-11-04T00:00:00.000,EURO FX - CHICAGO MERCANTILE EXCHANGE,59566,238587,367033,129740,465332,2014-11-04,-179021,237293
2014-11-11T00:00:00.000,EURO FX - CHICAGO MERCANTILE EXCHANGE,60454,224347,365507,142559,463976,2014-11-11,-163893,222948
2014-11-18T00:00:00.000,EURO FX - CHICAGO MERCANTILE EXCHANGE,58048,226778,365846,141782,465168,2014-11-18,-168730,224064
2014-11-25T00:00:00.000,EURO FX - CHICAGO MERCANTILE EXCHANGE,57982,223062,366561,144526,465339,2014-11-25,-165080,222035
2014-12-02T00:00:00.000,EURO FX - CHICAGO MERCANTILE EXCHANGE,57272,216551,358219,143333,462058,2014-12-02,-159279,214886
2014-12-09T00:00:00.000,EURO FX - CHICAGO MERCANTILE EXCHANGE,58306,195218,367178,174825,477861,2014-12-09,-136912,192353
2014-12-16T00:00:00.000,EURO FX - CHICAGO MERCANTILE EXCHANGE,56179,182834,268612,95144,368171,2014-12-16,-126655,173468
2014-12-23T00:00:00.000,EURO FX - CHICAGO MERCANTILE EXCHANGE,40690,187294,295843,99595,376849,2014-12-23,-146604,196248
2014-12-30T00:00:00.000,EURO FX - CHICAGO MERCANTILE EXCHANGE,43202,195421,302896,101172,386295,2014-12-30,-152219,201724
2015-01-06T00:00:00.000,EURO FX - CHICAGO MERCANTILE EXCHANGE,46016,207056,322212,105617,406624,2015-01-06,-161040,216595
2015-01-13T00:00:00.000,EURO FX - CHICAGO MERCANTILE EXCHANGE,50858,218709,331934,106709,422426,2015-01-13,-167851,225225
2015-01-20T00:00:00.000,EURO FX - CHICAGO MERCANTILE EXCHANGE,52047,232777,350433,114236,450262,2015-01-20,-180730,236197
2015-01-27T00:00:00.000,EURO FX - CHICAGO MERCANTILE EXCHANGE,50489,235234,355311,111048,449726,2015-01-27,-184745,244263
2015-02-03T00:00:00.000,EURO FX - CHICAGO MERCANTILE EXCHANGE,47719,244028,366203,113239,457209,2015-02-03,-196309,252964
2015-02-10T00:00:00.000,EURO FX - CHICAGO MERCANTILE EXCHANGE,47217,241858,355674,110223,444139,2015-02-10,-194641,245451
2015-02-17T00:00:00.000,EURO FX - CHICAGO MERCANTILE EXCHANGE,47175,232757,349201,111559,438411,2015-02-17,-185582,237642
2015-02-24T00:00:00.000,EURO FX - CHICAGO MERCANTILE EXCHANGE,45511,223247,343315,116354,431217,2015-02-24,-177736,226961
2015-03-03T00:00:00.000,EURO FX - CHICAGO MERCANTILE EXCHANGE,48467,220856,347041,122394,440733,2015-03-03,-172389,224647
2015-03-10T00:00:00.000,EURO FX - CHICAGO MERCANTILE EXCHANGE,61271,242344,369650,136170,496465,2015-03-10,-181073,233480
2015-03-17T00:00:00.000,EURO FX - CHICAGO MERCANTILE EXCHANGE,56329,250103,348754,101065,449508,2015-03-17,-193774,247689
2015-03-24T00:00:00.000,EURO FX - CHICAGO MERCANTILE EXCHANGE,50148,271111,366788,94933,460950,2015-03-24,-220963,271855
2015-03-31T00:00:00.000,EURO FX - CHICAGO MERCANTILE EXCHANGE,41709,268269,372420,97951,459746,2015-03-31,-226560,274469
2015-04-07T00:00:00.000,EURO FX - CHICAGO MERCANTILE EXCHANGE,39444,254702,356228,96223,441624,2015-04-07,-215258,260005
2015-04-14T00:00:00.000,EURO FX - CHICAGO MERCANTILE EXCHANGE,45264,257611,358360,101060,453518,2015-04-14,-212347,257300
2015-04-21T00:00:00.000,EURO FX - CHICAGO MERCANTILE EXCHANGE,46821,261466,361058,102833,457610,2015-04-21,-214645,258225
2015-04-28T00:00:00.000,EURO FX - CHICAGO MERCANTILE EXCHANGE,50734,248500,356986,116294,456919,2015-04-28,-197766,240692
2015-05-05T00:00:00.000,EURO FX - CHICAGO MERCANTILE EXCHANGE,50116,240243,343981,116070,449254,2015-05-05,-190127,227911
2015-05-12T00:00:00.000,EURO FX - CHICAGO MERCANTILE EXCHANGE,43333,222309,345101,127933,439122,2015-05-12,-178976,217168
2015-05-19T00:00:00.000,EURO FX - CHICAGO MERCANTILE EXCHANGE,38758,207097,338273,129839,428580,2015-05-19,-168339,208434
2015-05-26T00:00:00.000,EURO FX - CHICAGO MERCANTILE EXCHANGE,44221,215961,336026,127583,431927,2015-05-26,-171740,208443
2015-06-02T00:00:00.000,EURO FX - CHICAGO MERCANTILE EXCHANGE,49471,214983,326452,119316,428403,2015-06-02,-165512,207136
2015-06-09T00:00:00.000,EURO FX - CHICAGO MERCANTILE EXCHANGE,52643,190617,316710,139995,436540,2015-06-09,-137974,176715
2015-06-16T00:00:00.000,EURO FX - CHICAGO MERCANTILE EXCHANGE,82714,172071,225812,102841,350145,2015-06-16,-89357,122971
2015-06-23T00:00:00.000,EURO FX - CHICAGO MERCANTILE EXCHANGE,67867,167173,233162,101253,345427,2015-06-23,-99306,131909
2015-06-30T00:00:00.000,EURO FX - CHICAGO MERCANTILE EXCHANGE,65554,165589,236963,102207,346115,2015-06-30,-100035,134756
2015-07-07T00:00:00.000,EURO FX - CHICAGO MERCANTILE EXCHANGE,66161,165427,245408,103930,354885,2015-07-07,-99266,141478
2015-07-14T00:00:00.000,EURO FX - CHICAGO MERCANTILE EXCHANGE,62676,170457,249129,105205,356760,2015-07-14,-107781,143924
2015-07-21T00:00:00.000,EURO FX - CHICAGO MERCANTILE EXCHANGE,65728,178704,254622,101507,366892,2015-07-21,-112976,153115
2015-07-28T00:00:00.000,EURO FX - CHICAGO MERCANTILE EXCHANGE,67842,171850,244469,103550,357940,2015-07-28,-104008,140919
2015-08-04T00:00:00.000,EURO FX - CHICAGO MERCANTILE EXCHANGE,70620,184014,254646,102623,367885,2015-08-04,-113394,152023
2015-08-11T00:00:00.000,EURO FX - CHICAGO MERCANTILE EXCHANGE,67373,182583,248825,96502,361334,2015-08-11,-115210,152323
2015-08-18T00:00:00.000,EURO FX - CHICAGO MERCANTILE EXCHANGE,68473,161205,240738,118412,356952,2015-08-18,-92732,122326
2015-08-25T00:00:00.000,EURO FX - CHICAGO MERCANTILE EXCHANGE,87807,153885,235992,144841,374977,2015-08-25,-66078,91151
2015-09-01T00:00:00.000,EURO FX - CHICAGO MERCANTILE EXCHANGE,74910,142767,238443,150100,363980,2015-09-01,-67857,88343
2015-09-08T00:00:00.000,EURO FX - CHICAGO MERCANTILE EXCHANGE,75715,156956,254844,146399,383187,2015-09-08,-81241,108445
2015-09-15T00:00:00.000,EURO FX - CHICAGO MERCANTILE EXCHANGE,63416,147618,201476,99066,311366,2015-09-15,-84202,102410
2015-09-22T00:00:00.000,EURO FX - CHICAGO MERCANTILE EXCHANGE,63526,144559,204828,102714,315450,2015-09-22,-81033,102114
2015-09-29T00:00:00.000,EURO FX - CHICAGO MERCANTILE EXCHANGE,61932,149592,215338,103272,322721,2015-09-29,-87660,112066
2015-10-06T00:00:00.000,EURO FX - CHICAGO MERCANTILE EXCHANGE,65410,154220,222477,113970,337606,2015-10-06,-88810,108507
2015-10-13T00:00:00.000,EURO FX - CHICAGO MERCANTILE EXCHANGE,71132,151708,226415,129400,349720,2015-10-13,-80576,97015
2015-10-20T00:00:00.000,EURO FX - CHICAGO MERCANTILE EXCHANGE,76291,138857,229622,150293,357133,2015-10-20,-62566,79329
2015-10-27T00:00:00.000,EURO FX - CHICAGO MERCANTILE EXCHANGE,70351,176285,261683,127233,380564,2015-10-27,-105934,134450
2015-11-03T00:00:00.000,EURO FX - CHICAGO MERCANTILE EXCHANGE,72883,207217,288232,119288,405462,2015-11-03,-134334,168944
2015-11-10T00:00:00.000,EURO FX - CHICAGO MERCANTILE EXCHANGE,78994,221933,294780,110225,421967,2015-11-10,-142939,184555
2015-11-17T00:00:00.000,EURO FX - CHICAGO MERCANTILE EXCHANGE,78898,243075,307454,103302,436801,2015-11-17,-164177,204152
2015-11-24T00:00:00.000,EURO FX - CHICAGO MERCANTILE EXCHANGE,76296,251780,318441,102519,444626,2015-11-24,-175484,215922
2015-12-01T00:00:00.000,EURO FX - CHICAGO MERCANTILE EXCHANGE,78782,261627,330854,106332,462447,2015-12-01,-182845,224522
2015-12-08T00:00:00.000,EURO FX - CHICAGO MERCANTILE EXCHANGE,80378,252709,309680,112572,474921,2015-12-08,-172331,197108
2015-12-15T00:00:00.000,EURO FX - CHICAGO MERCANTILE EXCHANGE,71295,231256,275052,89741,404837,2015-12-15,-159961,185311
2015-12-22T00:00:00.000,EURO FX - CHICAGO MERCANTILE EXCHANGE,70509,231556,275354,93283,406533,2015-12-22,-161047,182071
2015-12-29T00:00:00.000,EURO FX - CHICAGO MERCANTILE EXCHANGE,66973,227523,273701,93279,400497,2015-12-29,-160550,180422
2016-01-05T00:00:00.000,EURO FX - CHICAGO MERCANTILE EXCHANGE,66857,227500,276815,97443,407105,2016-01-05,-160643,179372
2016-01-12T00:00:00.000,EURO FX - CHICAGO MERCANTILE EXCHANGE,63162,209613,271543,109792,398570,2016-01-12,-146451,161751
2016-01-19T00:00:00.000,EURO FX - CHICAGO MERCANTILE EXCHANGE,69449,206464,265334,117867,400362,2016-01-19,-137015,147467
2016-01-26T00:00:00.000,EURO FX - CHICAGO MERCANTILE EXCHANGE,71446,198661,267012,124194,402227,2016-01-26,-127215,142818
2016-02-02T00:00:00.000,EURO FX - CHICAGO MERCANTILE EXCHANGE,96012,183085,259869,147872,403939,2016-02-02,-87073,111997
2016-02-09T00:00:00.000,EURO FX - CHICAGO MERCANTILE EXCHANGE,114607,177921,268586,194562,441228,2016-02-09,-63314,74024
2016-02-16T00:00:00.000,EURO FX - CHICAGO MERCANTILE EXCHANGE,113970,162175,258996,205232,429997,2016-02-16,-48205,53764
2016-02-23T00:00:00.000,EURO FX - CHICAGO MERCANTILE EXCHANGE,107566,154423,258954,205427,422624,2016-02-23,-46857,53527
2016-03-01T00:00:00.000,EURO FX - CHICAGO MERCANTILE EXCHANGE,103965,172506,260901,174403,417624,2016-03-01,-68541,86498
2016-03-08T00:00:00.000,EURO FX - CHICAGO MERCANTILE EXCHANGE,104165,176072,263377,173378,433221,2016-03-08,-71907,89999
2016-03-15T00:00:00.000,EURO FX - CHICAGO MERCANTILE EXCHANGE,90353,167908,180672,92859,322405,2016-03-15,-77555,87813
2016-03-22T00:00:00.000,EURO FX - CHICAGO MERCANTILE EXCHANGE,91334,157387,176950,103926,324310,2016-03-22,-66053,73024
2016-03-29T00:00:00.000,EURO FX - CHICAGO MERCANTILE EXCHANGE,93726,157537,178491,111140,330090,2016-03-29,-63811,67351
2016-04-05T00:00:00.000,EURO FX - CHICAGO MERCANTILE EXCHANGE,98014,151501,180268,120531,338533,2016-04-05,-53487,59737
2016-04-12T00:00:00.000,EURO FX - CHICAGO MERCANTILE EXCHANGE,89216,141267,182596,126793,333535,2016-04-12,-52051,55803
2016-04-19T00:00:00.000,EURO FX - CHICAGO MERCANTILE EXCHANGE,101211,148128,185459,133519,345563,2016-04-19,-46917,51940
2016-04-26T00:00:00.000,EURO FX - CHICAGO MERCANTILE EXCHANGE,99072,138739,182996,138270,340200,2016-04-26,-39667,44726
2016-05-03T00:00:00.000,EURO FX - CHICAGO MERCANTILE EXCHANGE,113034,136653,184524,156966,360461,2016-05-03,-23619,27558
2016-05-10T00:00:00.000,EURO FX - CHICAGO MERCANTILE EXCHANGE,101277,123149,181863,152379,344978,2016-05-10,-21872,29484
2016-05-17T00:00:00.000,EURO FX - CHICAGO MERCANTILE EXCHANGE,101723,124310,186065,151949,349559,2016-05-17,-22587,34116
2016-05-24T00:00:00.000,EURO FX - CHICAGO MERCANTILE EXCHANGE,93955,131850,193758,145257,350242,2016-05-24,-37895,48501
2016-05-31T00:00:00.000,EURO FX - CHICAGO MERCANTILE EXCHANGE,98218,135872,198726,148012,356178,2016-05-31,-37654,50714
2016-06-07T00:00:00.000,EURO FX - CHICAGO MERCANTILE EXCHANGE,93492,160604,207448,127910,386010,2016-06-07,-67112,79538
2016-06-14T00:00:00.000,EURO FX - CHICAGO MERCANTILE EXCHANGE,104510,160999,168953,98248,325402,2016-06-14,-56489,70705
2016-06-21T00:00:00.000,EURO FX - CHICAGO MERCANTILE EXCHANGE,88639,149985,174231,100833,317400,2016-06-21,-61346,73398
2016-06-28T00:00:00.000,EURO FX - CHICAGO MERCANTILE EXCHANGE,109580,171514,175747,99094,337273,2016-06-28,-61934,76653
2016-07-05T00:00:00.000,EURO FX - CHICAGO MERCANTILE EXCHANGE,112011,187338,197845,104095,362649,2016-07-05,-75327,93750
2016-07-12T00:00:00.000,EURO FX - CHICAGO MERCANTILE EXCHANGE,107635,195295,211520,103371,370372,2016-07-12,-87660,108149
2016-07-19T00:00:00.000,EURO FX - CHICAGO MERCANTILE EXCHANGE,111578,211469,225909,101654,388905,2016-07-19,-99891,124255
2016-07-26T00:00:00.000,EURO FX - CHICAGO MERCANTILE EXCHANGE,109193,221793,239073,103338,400035,2016-07-26,-112600,135735
2016-08-02T00:00:00.000,EURO FX - CHICAGO MERCANTILE EXCHANGE,104516,208619,218778,99452,378500,2016-08-02,-104103,119326
2016-08-09T00:00:00.000,EURO FX - CHICAGO MERCANTILE EXCHANGE,100442,198841,218984,99470,368693,2016-08-09,-98399,119514
2016-08-16T00:00:00.000,EURO FX - CHICAGO MERCANTILE EXCHANGE,103060,195568,208203,99798,366037,2016-08-16,-92508,108405
2016-08-23T00:00:00.000,EURO FX - CHICAGO MERCANTILE EXCHANGE,105374,182032,202180,111006,364044,2016-08-23,-76658,91174
2016-08-30T00:00:00.000,EURO FX - CHICAGO MERCANTILE EXCHANGE,108261,190186,204241,103433,364843,2016-08-30,-81925,100808
2016-09-06T00:00:00.000,EURO FX - CHICAGO MERCANTILE EXCHANGE,97324,189954,220781,107441,375985,2016-09-06,-92630,113340
2016-09-13T00:00:00.000,EURO FX - CHICAGO MERCANTILE EXCHANGE,91783,173258,216048,112825,379624,2016-09-13,-81475,103223
2016-09-20T00:00:00.000,EURO FX - CHICAGO MERCANTILE EXCHANGE,95698,180723,177910,77967,324525,2016-09-20,-85025,99943
2016-09-27T00:00:00.000,EURO FX - CHICAGO MERCANTILE EXCHANGE,100492,176522,174828,86986,328490,2016-09-27,-76030,87842
2016-10-04T00:00:00.000,EURO FX - CHICAGO MERCANTILE EXCHANGE,105634,187693,186827,89483,347643,2016-10-04,-82059,97344
2016-10-11T00:00:00.000,EURO FX - CHICAGO MERCANTILE EXCHANGE,114284,207756,209879,99131,378774,2016-10-11,-93472,110748
2016-10-18T00:00:00.000,EURO FX - CHICAGO MERCANTILE EXCHANGE,128181,237449,230197,104790,413183,2016-10-18,-109268,125407
2016-10-25T00:00:00.000,EURO FX - CHICAGO MERCANTILE EXCHANGE,142881,266737,246230,108147,448471,2016-10-25,-123856,138083
2016-11-01T00:00:00.000,EURO FX - CHICAGO MERCANTILE EXCHANGE,126443,263828,261922,105533,444502,2016-11-01,-137385,156389
2016-11-08T00:00:00.000,EURO FX - CHICAGO MERCANTILE EXCHANGE,118897,248211,245616,101035,418007,2016-11-08,-129314,144581
2016-11-15T00:00:00.000,EURO FX - CHICAGO MERCANTILE EXCHANGE,121575,240757,235596,104624,415752,2016-11-15,-119182,130972
2016-11-22T00:00:00.000,EURO FX - CHICAGO MERCANTILE EXCHANGE,127122,246470,243796,111726,434768,2016-11-22,-119348,132070
2016-11-29T00:00:00.000,EURO FX - CHICAGO MERCANTILE EXCHANGE,136108,255348,245355,116561,447190,2016-11-29,-119240,128794
2016-12-06T00:00:00.000,EURO FX - CHICAGO MERCANTILE EXCHANGE,123390,237946,246681,120065,433237,2016-12-06,-114556,126616
2016-12-13T00:00:00.000,EURO FX - CHICAGO MERCANTILE EXCHANGE,123597,211110,259537,160236,447679,2016-12-13,-87513,99301
2016-12-20T00:00:00.000,EURO FX - CHICAGO MERCANTILE EXCHANGE,117460,195505,219648,130749,399589,2016-12-20,-78045,88899
2016-12-27T00:00:00.000,EURO FX - CHICAGO MERCANTILE EXCHANGE,123281,192689,220288,141332,405681,2016-12-27,-69408,78956
2017-01-03T00:00:00.000,EURO FX - CHICAGO MERCANTILE EXCHANGE,129701,199757,221781,148076,416239,2017-01-03,-70056,73705
2017-01-10T00:00:00.000,EURO FX - CHICAGO MERCANTILE EXCHANGE,134747,200570,219984,147154,415212,2017-01-10,-65823,72830
2017-01-17T00:00:00.000,EURO FX - CHICAGO MERCANTILE EXCHANGE,128846,195346,225333,150756,415090,2017-01-17,-66500,74577
2017-01-24T00:00:00.000,EURO FX - CHICAGO MERCANTILE EXCHANGE,131904,184252,224017,163750,414447,2017-01-24,-52348,60267
2017-01-31T00:00:00.000,EURO FX - CHICAGO MERCANTILE EXCHANGE,125689,171402,218274,164996,405541,2017-01-31,-45713,53278
2017-02-07T00:00:00.000,EURO FX - CHICAGO MERCANTILE EXCHANGE,126708,171659,220490,171635,409178,2017-02-07,-44951,48855
2017-02-14T00:00:00.000,EURO FX - CHICAGO MERCANTILE EXCHANGE,125333,172097,216770,159331,406350,2017-02-14,-46764,57439
2017-02-21T00:00:00.000,EURO FX - CHICAGO MERCANTILE EXCHANGE,130981,189232,220218,155969,417129,2017-02-21,-58251,64249
2017-02-28T00:00:00.000,EURO FX - CHICAGO MERCANTILE EXCHANGE,143584,194748,220938,162414,431635,2017-02-28,-51164,58524
2017-03-07T00:00:00.000,EURO FX - CHICAGO MERCANTILE EXCHANGE,137662,197163,228335,161564,435309,2017-03-07,-59501,66771
2017-03-14T00:00:00.000,EURO FX - CHICAGO MERCANTILE EXCHANGE,148272,189299,166321,128708,381474,2017-03-14,-41027,37613
2017-03-21T00:00:00.000,EURO FX - CHICAGO MERCANTILE EXCHANGE,159590,179252,176574,160480,406717,2017-03-21,-19662,16094
2017-03-28T00:00:00.000,EURO FX - CHICAGO MERCANTILE EXCHANGE,163648,171571,177046,171114,408853,2017-03-28,-7923,5932
2017-04-04T00:00:00.000,EURO FX - CHICAGO MERCANTILE EXCHANGE,155468,166873,173689,166592,397594,2017-04-04,-11405,7097
2017-04-11T00:00:00.000,EURO FX - CHICAGO MERCANTILE EXCHANGE,173594,192550,179203,163127,420332,2017-04-11,-18956,16076
2017-04-18T00:00:00.000,EURO FX - CHICAGO MERCANTILE EXCHANGE,185786,207435,179950,159602,430589,2017-04-18,-21649,20348
2017-04-25T00:00:00.000,EURO FX - CHICAGO MERCANTILE EXCHANGE,157831,178726,181520,167731,411006,2017-04-25,-20895,13789
2017-05-02T00:00:00.000,EURO FX - CHICAGO MERCANTILE EXCHANGE,159418,161071,179781,178953,409936,2017-05-02,-1653,828
2017-05-09T00:00:00.000,EURO FX - CHICAGO MERCANTILE EXCHANGE,155581,133182,183860,217059,418301,2017-05-09,22399,-33199
2017-05-16T00:00:00.000,EURO FX - CHICAGO MERCANTILE EXCHANGE,164234,126630,186406,236357,431659,2017-05-16,37604,-49951
2017-05-23T00:00:00.000,EURO FX - CHICAGO MERCANTILE EXCHANGE,175032,110187,190524,272094,449360,2017-05-23,64845,-81570
2017-05-30T00:00:00.000,EURO FX - CHICAGO MERCANTILE EXCHANGE,176226,103357,185792,279432,453280,2017-05-30,72869,-93640
2017-06-06T00:00:00.000,EURO FX - CHICAGO MERCANTILE EXCHANGE,164889,90880,188042,279047,447178,2017-06-06,74009,-91005
2017-06-13T00:00:00.000,EURO FX - CHICAGO MERCANTILE EXCHANGE,164227,85174,211353,301281,474300,2017-06-13,79053,-89928
2017-06-20T00:00:00.000,EURO FX - CHICAGO MERCANTILE EXCHANGE,167245,122393,132839,192994,379269,2017-06-20,44852,-60155
2017-06-27T00:00:00.000,EURO FX - CHICAGO MERCANTILE EXCHANGE,179671,120976,136134,211639,400560,2017-06-27,58695,-75505
2017-07-03T00:00:00.000,EURO FX - CHICAGO MERCANTILE EXCHANGE,185925,108461,144260,244301,422496,2017-07-03,77464,-100041
2017-07-11T00:00:00.000,EURO FX - CHICAGO MERCANTILE EXCHANGE,190267,106479,150147,258152,436899,2017-07-11,83788,-108005
2017-07-18T00:00:00.000,EURO FX - CHICAGO MERCANTILE EXCHANGE,199540,108219,150114,268566,446259,2017-07-18,91321,-118452
2017-07-25T00:00:00.000,EURO FX - CHICAGO MERCANTILE EXCHANGE,197656,106814,155560,271095,449086,2017-07-25,90842,-115535
2017-08-01T00:00:00.000,EURO FX - CHICAGO MERCANTILE EXCHANGE,191477,108840,164304,272865,457254,2017-08-01,82637,-108561
2017-08-08T00:00:00.000,EURO FX - CHICAGO MERCANTILE EXCHANGE,201231,107546,157833,279623,461152,2017-08-08,93685,-121790
2017-08-15T00:00:00.000,EURO FX - CHICAGO MERCANTILE EXCHANGE,190336,111069,174177,278546,462148,2017-08-15,79267,-104369
2017-08-22T00:00:00.000,EURO FX - CHICAGO MERCANTILE EXCHANGE,197818,109842,169989,284515,464445,2017-08-22,87976,-114526
2017-08-29T00:00:00.000,EURO FX - CHICAGO MERCANTILE EXCHANGE,194331,107812,173410,287170,469307,2017-08-29,86519,-113760
2017-09-05T00:00:00.000,EURO FX - CHICAGO MERCANTILE EXCHANGE,194976,98667,171223,291891,464988,2017-09-05,96309,-120668
2017-09-12T00:00:00.000,EURO FX - CHICAGO MERCANTILE EXCHANGE,191102,105044,175600,291785,487425,2017-09-12,86058,-116185
2017-09-19T00:00:00.000,EURO FX - CHICAGO MERCANTILE EXCHANGE,190025,127272,149288,236626,431108,2017-09-19,62753,-87338
2017-09-26T00:00:00.000,EURO FX - CHICAGO MERCANTILE EXCHANGE,183679,95512,152592,261208,429111,2017-09-26,88167,-108616
2017-10-03T00:00:00.000,EURO FX - CHICAGO MERCANTILE EXCHANGE,187053,96220,157203,266511,438663,2017-10-03,90833,-109308
2017-10-10T00:00:00.000,EURO FX - CHICAGO MERCANTILE EXCHANGE,195816,97737,158660,275104,450748,2017-10-10,98079,-116444
2017-10-17T00:00:00.000,EURO FX - CHICAGO MERCANTILE EXCHANGE,186751,96299,165127,276217,446338,2017-10-17,90452,-111090
2017-10-24T00:00:00.000,EURO FX - CHICAGO MERCANTILE EXCHANGE,183539,100035,165585,271183,445018,2017-10-24,83504,-105598
2017-10-31T00:00:00.000,EURO FX - CHICAGO MERCANTILE EXCHANGE,173670,101573,174510,257642,440384,2017-10-31,72097,-83132
2017-11-07T00:00:00.000,EURO FX - CHICAGO MERCANTILE EXCHANGE,181335,95880,173294,272122,446502,2017-11-07,85455,-98828
2017-11-14T00:00:00.000,EURO FX - CHICAGO MERCANTILE EXCHANGE,200023,115437,173624,275809,467842,2017-11-14,84586,-102185
2017-11-21T00:00:00.000,EURO FX - CHICAGO MERCANTILE EXCHANGE,195909,100472,175054,292129,465307,2017-11-21,95437,-117075
2017-11-28T00:00:00.000,EURO FX - CHICAGO MERCANTILE EXCHANGE,205160,115479,189056,310897,495561,2017-11-28,89681,-121841
2017-12-05T00:00:00.000,EURO FX - CHICAGO MERCANTILE EXCHANGE,205400,112294,190380,314914,499124,2017-12-05,93106,-124534
2017-12-12T00:00:00.000,EURO FX - CHICAGO MERCANTILE EXCHANGE,206027,92138,185209,320739,505744,2017-12-12,113889,-135530
2017-12-19T00:00:00.000,EURO FX - CHICAGO MERCANTILE EXCHANGE,198398,112174,190521,310282,485622,2017-12-19,86224,-119761
2017-12-26T00:00:00.000,EURO FX - CHICAGO MERCANTILE EXCHANGE,208913,116765,186931,318343,497744,2017-12-26,92148,-131412
2018-01-02T00:00:00.000,EURO FX - CHICAGO MERCANTILE EXCHANGE,236808,108940,199313,365245,542622,2018-01-02,127868,-165932
2018-01-09T00:00:00.000,EURO FX - CHICAGO MERCANTILE EXCHANGE,242053,97362,217213,400874,563400,2018-01-09,144691,-183661
2018-01-16T00:00:00.000,EURO FX - CHICAGO MERCANTILE EXCHANGE,254344,114854,231291,413138,594038,2018-01-16,139490,-181847
2018-01-23T00:00:00.000,EURO FX - CHICAGO MERCANTILE EXCHANGE,262175,117458,236300,429090,608683,2018-01-23,144717,-192790
2018-01-30T00:00:00.000,EURO FX - CHICAGO MERCANTILE EXCHANGE,258022,109280,239494,430681,603460,2018-01-30,148742,-191187
2018-02-06T00:00:00.000,EURO FX - CHICAGO MERCANTILE EXCHANGE,251369,110546,245381,424817,596937,2018-02-06,140823,-179436
2018-02-13T00:00:00.000,EURO FX - CHICAGO MERCANTILE EXCHANGE,230785,103496,235656,411639,564233,2018-02-13,127289,-175983
2018-02-20T00:00:00.000,EURO FX - CHICAGO MERCANTILE EXCHANGE,229273,103147,237072,405640,567534,2018-02-20,126126,-168568
2018-02-27T00:00:00.000,EURO FX - CHICAGO MERCANTILE EXCHANGE,238287,100310,227585,404040,567463,2018-02-27,137977,-176455
2018-03-06T00:00:00.000,EURO FX - CHICAGO MERCANTILE EXCHANGE,227354,94382,230012,403842,557530,2018-03-06,132972,-173830
2018-03-13T00:00:00.000,EURO FX - CHICAGO MERCANTILE EXCHANGE,239453,93073,220729,398792,584759,2018-03-13,146380,-178063
2018-03-20T00:00:00.000,EURO FX - CHICAGO MERCANTILE EXCHANGE,219434,86695,183424,351964,496964,2018-03-20,132739,-168540
2018-03-27T00:00:00.000,EURO FX - CHICAGO MERCANTILE EXCHANGE,234656,93592,187625,361061,514049,2018-03-27,141064,-173436
2018-04-03T00:00:00.000,EURO FX - CHICAGO MERCANTILE EXCHANGE,221327,86946,185288,346555,493677,2018-04-03,134381,-161267
2018-04-10T00:00:00.000,EURO FX - CHICAGO MERCANTILE EXCHANGE,236344,88881,182400,363023,508204,2018-04-10,147463,-180623
2018-04-17T00:00:00.000,EURO FX - CHICAGO MERCANTILE EXCHANGE,238829,87353,181413,362866,509032,2018-04-17,151476,-181453
2018-04-24T00:00:00.000,EURO FX - CHICAGO MERCANTILE EXCHANGE,216944,86350,187816,344556,494154,2018-04-24,130594,-156740
2018-05-01T00:00:00.000,EURO FX - CHICAGO MERCANTILE EXCHANGE,221011,100443,201842,343942,509659,2018-05-01,120568,-142100
2018-05-08T00:00:00.000,EURO FX - CHICAGO MERCANTILE EXCHANGE,226601,106096,201532,342701,515132,2018-05-08,120505,-141169
2018-05-15T00:00:00.000,EURO FX - CHICAGO MERCANTILE EXCHANGE,219317,104203,201322,330265,505114,2018-05-15,115114,-128943
2018-05-22T00:00:00.000,EURO FX - CHICAGO MERCANTILE EXCHANGE,225960,116216,209287,333009,520648,2018-05-22,109744,-123722
2018-05-29T00:00:00.000,EURO FX - CHICAGO MERCANTILE EXCHANGE,230927,137890,227944,338977,552251,2018-05-29,93037,-111033
2018-06-05T00:00:00.000,EURO FX - CHICAGO MERCANTILE EXCHANGE,239904,150668,248379,342981,576287,2018-06-05,89236,-94602
2018-06-12T00:00:00.000,EURO FX - CHICAGO MERCANTILE EXCHANGE,236617,148392,269450,366976,599561,2018-06-12,88225,-97526
2018-06-19T00:00:00.000,EURO FX - CHICAGO MERCANTILE EXCHANGE,190684,154566,208997,251900,478200,2018-06-19,36118,-42903
2018-06-26T00:00:00.000,EURO FX - CHICAGO MERCANTILE EXCHANGE,190147,156243,212675,254515,481383,2018-06-26,33904,-41840
2018-07-03T00:00:00.000,EURO FX - CHICAGO MERCANTILE EXCHANGE,189005,152258,215126,263065,487131,2018-07-03,36747,-47939
2018-07-10T00:00:00.000,EURO FX - CHICAGO MERCANTILE EXCHANGE,179401,155044,217394,247174,477596,2018-07-10,24357,-29780
2018-07-17T00:00:00.000,EURO FX - CHICAGO MERCANTILE EXCHANGE,177390,155983,233378,262774,490064,2018-07-17,21407,-29396
2018-07-24T00:00:00.000,EURO FX - CHICAGO MERCANTILE EXCHANGE,179515,149875,232134,277207,496665,2018-07-24,29640,-45073
2018-07-31T00:00:00.000,EURO FX - CHICAGO MERCANTILE EXCHANGE,174549,151724,231982,278576,499721,2018-07-31,22825,-46594
2018-08-07T00:00:00.000,EURO FX - CHICAGO MERCANTILE EXCHANGE,177923,167358,238559,264653,507186,2018-08-07,10565,-26094
2018-08-14T00:00:00.000,EURO FX - CHICAGO MERCANTILE EXCHANGE,188428,190217,246723,257030,526571,2018-08-14,-1789,-10307
2018-08-21T00:00:00.000,EURO FX - CHICAGO MERCANTILE EXCHANGE,188907,193748,254692,258443,532137,2018-08-21,-4841,-3751
2018-08-28T00:00:00.000,EURO FX - CHICAGO MERCANTILE EXCHANGE,171359,178578,255809,269383,529124,2018-08-28,-7219,-13574
2018-09-04T00:00:00.000,EURO FX - CHICAGO MERCANTILE EXCHANGE,173335,165372,254016,283775,527579,2018-09-04,7963,-29759
2018-09-11T00:00:00.000,EURO FX - CHICAGO MERCANTILE EXCHANGE,164639,153469,277060,310471,550492,2018-09-11,11170,-33411
2018-09-18T00:00:00.000,EURO FX - CHICAGO MERCANTILE EXCHANGE,166468,164802,205804,228792,465130,2018-09-18,1666,-22988
2018-09-25T00:00:00.000,EURO FX - CHICAGO MERCANTILE EXCHANGE,172426,168730,203763,240493,477881,2018-09-25,3696,-36730
2018-10-02T00:00:00.000,EURO FX - CHICAGO MERCANTILE EXCHANGE,164738,171839,224680,234180,479644,2018-10-02,-7101,-9500
2018-10-09T00:00:00.000,EURO FX - CHICAGO MERCANTILE EXCHANGE,162315,178457,228799,234237,483802,2018-10-09,-16142,-5438
2018-10-16T00:00:00.000,EURO FX - CHICAGO MERCANTILE EXCHANGE,140817,170161,239573,227660,469299,2018-10-16,-29344,11913
2018-10-23T00:00:00.000,EURO FX - CHICAGO MERCANTILE EXCHANGE,149585,179889,251035,239190,489829,2018-10-23,-30304,11845
2018-10-30T00:00:00.000,EURO FX - CHICAGO MERCANTILE EXCHANGE,157691,190353,253543,238938,504458,2018-10-30,-32662,14605
2018-11-06T00:00:00.000,EURO FX - CHICAGO MERCANTILE EXCHANGE,148973,195816,261621,240069,510193,2018-11-06,-46843,21552
2018-11-13T00:00:00.000,EURO FX - CHICAGO MERCANTILE EXCHANGE,161860,198879,268439,244051,520240,2018-11-13,-37019,24388
2018-11-20T00:00:00.000,EURO FX - CHICAGO MERCANTILE EXCHANGE,157633,204862,275695,252104,535707,2018-11-20,-47229,23591
2018-11-27T00:00:00.000,EURO FX - CHICAGO MERCANTILE EXCHANGE,149719,204790,281759,256916,538454,2018-11-27,-55071,24843
2018-12-04T00:00:00.000,EURO FX - CHICAGO MERCANTILE EXCHANGE,144859,205635,289664,257730,545537,2018-12-04,-60776,31934
2018-12-11T00:00:00.000,EURO FX - CHICAGO MERCANTILE EXCHANGE,146082,202369,341484,312735,613745,2018-12-11,-56287,28749
2018-12-18T00:00:00.000,EURO FX - CHICAGO MERCANTILE EXCHANGE,147654,200778,262111,233982,505711,2018-12-18,-53124,28129
2018-12-24T00:00:00.000,EURO FX - CHICAGO MERCANTILE EXCHANGE,139059,197514,267531,243588,508253,2018-12-24,-58455,23943
2018-12-31T00:00:00.000,EURO FX - CHICAGO MERCANTILE EXCHANGE,148288,194936,262426,244448,505986,2018-12-31,-46648,17978
2019-01-08T00:00:00.000,EURO FX - CHICAGO MERCANTILE EXCHANGE,146271,186804,269050,261525,514545,2019-01-08,-40533,7525
2019-01-15T00:00:00.000,EURO FX - CHICAGO MERCANTILE EXCHANGE,152534,185195,274438,273918,525052,2019-01-15,-32661,520
2019-01-22T00:00:00.000,EURO FX - CHICAGO MERCANTILE EXCHANGE,148652,189658,276892,270757,527176,2019-01-22,-41006,6135
2019-01-29T00:00:00.000,EURO FX - CHICAGO MERCANTILE EXCHANGE,146625,193099,278577,263384,527521,2019-01-29,-46474,15193
2019-02-05T00:00:00.000,EURO FX - CHICAGO MERCANTILE EXCHANGE,145480,197444,280451,261152,523868,2019-02-05,-51964,19299
2019-02-12T00:00:00.000,EURO FX - CHICAGO MERCANTILE EXCHANGE,157170,221070,283224,245708,538627,2019-02-12,-63900,37516
2019-02-19T00:00:00.000,EURO FX - CHICAGO MERCANTILE EXCHANGE,145762,220696,289392,244078,537396,2019-02-19,-74934,45314
2019-02-26T00:00:00.000,EURO FX - CHICAGO MERCANTILE EXCHANGE,143847,216302,282780,238939,528376,2019-02-26,-72455,43841
2019-03-05T00:00:00.000,EURO FX - CHICAGO MERCANTILE EXCHANGE,155922,234088,284662,230006,541753,2019-03-05,-78166,54656
2019-03-12T00:00:00.000,EURO FX - CHICAGO MERCANTILE EXCHANGE,151857,227602,276601,219607,536724,2019-03-12,-75745,56994
2019-03-19T00:00:00.000,EURO FX - CHICAGO MERCANTILE EXCHANGE,141700,219404,251905,191673,483172,2019-03-19,-77704,60232
2019-03-26T00:00:00.000,EURO FX - CHICAGO MERCANTILE EXCHANGE,139696,219974,252484,191685,486804,2019-03-26,-80278,60799
2019-04-02T00:00:00.000,EURO FX - CHICAGO MERCANTILE EXCHANGE,144973,244157,258809,183599,497717,2019-04-02,-99184,75210
2019-04-09T00:00:00.000,EURO FX - CHICAGO MERCANTILE EXCHANGE,140401,242599,258102,180785,494804,2019-04-09,-102198,77317
2019-04-16T00:00:00.000,EURO FX - CHICAGO MERCANTILE EXCHANGE,144867,242890,260967,186481,499280,2019-04-16,-98023,74486
2019-04-23T00:00:00.000,EURO FX - CHICAGO MERCANTILE EXCHANGE,148331,253749,265335,179383,507722,2019-04-23,-105418,85952
2019-04-30T00:00:00.000,EURO FX - CHICAGO MERCANTILE EXCHANGE,153821,259365,266740,184120,517935,2019-04-30,-105544,82620
2019-05-07T00:00:00.000,EURO FX - CHICAGO MERCANTILE EXCHANGE,152633,258738,269233,184489,516282,2019-05-07,-106105,84744
2019-05-14T00:00:00.000,EURO FX - CHICAGO MERCANTILE EXCHANGE,150681,245982,262186,186402,504460,2019-05-14,-95301,75784
2019-05-21T00:00:00.000,EURO FX - CHICAGO MERCANTILE EXCHANGE,149873,250975,272597,194394,516122,2019-05-21,-101102,78203
2019-05-28T00:00:00.000,EURO FX - CHICAGO MERCANTILE EXCHANGE,151129,250820,283460,211782,536798,2019-05-28,-99691,71678
2019-06-04T00:00:00.000,EURO FX - CHICAGO MERCANTILE EXCHANGE,155771,243322,266118,205562,517428,2019-06-04,-87551,60556
2019-06-11T00:00:00.000,EURO FX - CHICAGO MERCANTILE EXCHANGE,149661,236453,289197,227051,542810,2019-06-11,-86792,62146
2019-06-18T00:00:00.000,EURO FX - CHICAGO MERCANTILE EXCHANGE,162795,215125,250067,222928,503825,2019-06-18,-52330,27139
2019-06-25T00:00:00.000,EURO FX - CHICAGO MERCANTILE EXCHANGE,159285,215580,262025,238416,521907,2019-06-25,-56295,23609
2019-07-02T00:00:00.000,EURO FX - CHICAGO MERCANTILE EXCHANGE,157122,188855,268544,261228,520970,2019-07-02,-31733,7316
2019-07-09T00:00:00.000,EURO FX - CHICAGO MERCANTILE EXCHANGE,158398,194263,266303,260339,521379,2019-07-09,-35865,5964
2019-07-16T00:00:00.000,EURO FX - CHICAGO MERCANTILE EXCHANGE,170487,201838,269227,265074,535848,2019-07-16,-31351,4153
2019-07-23T00:00:00.000,EURO FX - CHICAGO MERCANTILE EXCHANGE,173483,212487,269699,254802,541102,2019-07-23,-39004,14897
2019-07-30T00:00:00.000,EURO FX - CHICAGO MERCANTILE EXCHANGE,175132,229115,289310,258340,563024,2019-07-30,-53983,30970
2019-08-06T00:00:00.000,EURO FX - CHICAGO MERCANTILE EXCHANGE,177988,221998,272245,248980,545453,2019-08-06,-44010,23265
2019-08-13T00:00:00.000,EURO FX - CHICAGO MERCANTILE EXCHANGE,167214,213863,286585,259479,550607,2019-08-13,-46649,27106
2019-08-20T00:00:00.000,EURO FX - CHICAGO MERCANTILE EXCHANGE,168455,206432,278685,262478,542806,2019-08-20,-37977,16207
2019-08-27T00:00:00.000,EURO FX - CHICAGO MERCANTILE EXCHANGE,173451,212255,255401,239344,525065,2019-08-27,-38804,16057
2019-09-03T00:00:00.000,EURO FX - CHICAGO MERCANTILE EXCHANGE,186144,235280,263544,236079,546954,2019-09-03,-49136,27465
2019-09-10T00:00:00.000,EURO FX - CHICAGO MERCANTILE EXCHANGE,180535,230377,303836,270876,585117,2019-09-10,-49842,32960
2019-09-17T00:00:00.000,EURO FX - CHICAGO MERCANTILE EXCHANGE,164272,232831,252628,207122,503272,2019-09-17,-68559,45506
2019-09-24T00:00:00.000,EURO FX - CHICAGO MERCANTILE EXCHANGE,160687,221409,250286,211326,502612,2019-09-24,-60722,38960
2019-10-01T00:00:00.000,EURO FX - CHICAGO MERCANTILE EXCHANGE,172258,238236,247476,206802,511934,2019-10-01,-65978,40674
2019-10-08T00:00:00.000,EURO FX - CHICAGO MERCANTILE EXCHANGE,162777,238190,260777,206186,514638,2019-10-08,-75413,54591
2019-10-15T00:00:00.000,EURO FX - CHICAGO MERCANTILE EXCHANGE,153261,230127,264794,214307,517182,2019-10-15,-76866,50487
2019-10-22T00:00:00.000,EURO FX - CHICAGO MERCANTILE EXCHANGE,168653,219703,264350,242340,528545,2019-10-22,-51050,22010
2019-10-29T00:00:00.000,EURO FX - CHICAGO MERCANTILE EXCHANGE,166540,219895,277771,251937,538847,2019-10-29,-53355,25834
2019-11-05T00:00:00.000,EURO FX - CHICAGO MERCANTILE EXCHANGE,164183,224929,297733,265666,563336,2019-11-05,-60746,32067
2019-11-12T00:00:00.000,EURO FX - CHICAGO MERCANTILE EXCHANGE,170250,227919,300579,273909,569527,2019-11-12,-57669,26670
2019-11-19T00:00:00.000,EURO FX - CHICAGO MERCANTILE EXCHANGE,163898,226401,310291,278082,577689,2019-11-19,-62503,32209
2019-11-26T00:00:00.000,EURO FX - CHICAGO MERCANTILE EXCHANGE,169916,231332,308994,277623,578450,2019-11-26,-61416,31371
2019-12-03T00:00:00.000,EURO FX - CHICAGO MERCANTILE EXCHANGE,164392,233441,321158,285706,590124,2019-12-03,-69049,35452
2019-12-10T00:00:00.000,EURO FX - CHICAGO MERCANTILE EXCHANGE,164732,232375,363680,325511,646417,2019-12-10,-67643,38169
2019-12-17T00:00:00.000,EURO FX - CHICAGO MERCANTILE EXCHANGE,165355,231049,288313,244275,542923,2019-12-17,-65694,44038
2019-12-24T00:00:00.000,EURO FX - CHICAGO MERCANTILE EXCHANGE,160263,233206,282401,241064,540395,2019-12-24,-72943,41337
2019-12-31T00:00:00.000,EURO FX - CHICAGO MERCANTILE EXCHANGE,168852,243197,285490,245540,557585,2019-12-31,-74345,39950
2020-01-07T00:00:00.000,EURO FX - CHICAGO MERCANTILE EXCHANGE,164813,226477,288408,263100,555940,2020-01-07,-61664,25308
2020-01-14T00:00:00.000,EURO FX - CHICAGO MERCANTILE EXCHANGE,163881,212063,297419,288854,571239,2020-01-14,-48182,8565
2020-01-21T00:00:00.000,EURO FX - CHICAGO MERCANTILE EXCHANGE,168216,215235,302385,295283,582164,2020-01-21,-47019,7102
2020-01-28T00:00:00.000,EURO FX - CHICAGO MERCANTILE EXCHANGE,180653,239515,311346,291195,598793,2020-01-28,-58862,20151
2020-02-04T00:00:00.000,EURO FX - CHICAGO MERCANTILE EXCHANGE,166925,242005,321548,283559,594698,2020-02-04,-75080,37989
2020-02-11T00:00:00.000,EURO FX - CHICAGO MERCANTILE EXCHANGE,169475,255144,338132,281706,612444,2020-02-11,-85669,56426
2020-02-18T00:00:00.000,EURO FX - CHICAGO MERCANTILE EXCHANGE,170586,262093,340245,282010,617487,2020-02-18,-91507,58235
2020-02-25T00:00:00.000,EURO FX - CHICAGO MERCANTILE EXCHANGE,157587,271608,355329,270784,625563,2020-02-25,-114021,84545
2020-03-03T00:00:00.000,EURO FX - CHICAGO MERCANTILE EXCHANGE,151904,238607,385539,329833,640357,2020-03-03,-86703,55706
2020-03-10T00:00:00.000,EURO FX - CHICAGO MERCANTILE EXCHANGE,153820,166487,397574,424702,659151,2020-03-10,-12667,-27128
2020-03-17T00:00:00.000,EURO FX - CHICAGO MERCANTILE EXCHANGE,147133,114638,352847,419664,588116,2020-03-17,32495,-66817
2020-03-24T00:00:00.000,EURO FX - CHICAGO MERCANTILE EXCHANGE,152360,91070,326218,414867,571086,2020-03-24,61290,-88649
2020-03-31T00:00:00.000,EURO FX - CHICAGO MERCANTILE EXCHANGE,155047,80800,315522,415776,551752,2020-03-31,74247,-100254
2020-04-07T00:00:00.000,EURO FX - CHICAGO MERCANTILE EXCHANGE,161185,81561,304521,422120,554697,2020-04-07,79624,-117599
2020-04-14T00:00:00.000,EURO FX - CHICAGO MERCANTILE EXCHANGE,165078,78461,296805,417530,543361,2020-04-14,86617,-120725
2020-04-21T00:00:00.000,EURO FX - CHICAGO MERCANTILE EXCHANGE,170378,83160,297719,413092,546661,2020-04-21,87218,-115373
2020-04-28T00:00:00.000,EURO FX - CHICAGO MERCANTILE EXCHANGE,167264,87583,291497,399179,545082,2020-04-28,79681,-107682
2020-05-05T00:00:00.000,EURO FX - CHICAGO MERCANTILE EXCHANGE,169272,92973,290624,393234,541624,2020-05-05,76299,-102610
2020-05-12T00:00:00.000,EURO FX - CHICAGO MERCANTILE EXCHANGE,171980,93840,294370,400827,547329,2020-05-12,78140,-106457
2020-05-19T00:00:00.000,EURO FX - CHICAGO MERCANTILE EXCHANGE,167756,95194,295367,397961,547206,2020-05-19,72562,-102594
2020-05-26T00:00:00.000,EURO FX - CHICAGO MERCANTILE EXCHANGE,175034,99812,298419,404675,556749,2020-05-26,75222,-106256
2020-06-02T00:00:00.000,EURO FX - CHICAGO MERCANTILE EXCHANGE,174412,93172,312787,429985,583384,2020-06-02,81240,-117198
2020-06-09T00:00:00.000,EURO FX - CHICAGO MERCANTILE EXCHANGE,184669,89020,316909,450627,592915,2020-06-09,95649,-133718
2020-06-16T00:00:00.000,EURO FX - CHICAGO MERCANTILE EXCHANGE,187120,69988,302800,457835,574939,2020-06-16,117132,-155035
2020-06-23T00:00:00.000,EURO FX - CHICAGO MERCANTILE EXCHANGE,190816,72368,305405,467945,585421,2020-06-23,118448,-162540
2020-06-30T00:00:00.000,EURO FX - CHICAGO MERCANTILE EXCHANGE,180387,81432,306839,453967,579738,2020-06-30,98955,-147128
2020-07-07T00:00:00.000,EURO FX - CHICAGO MERCANTILE EXCHANGE,185159,81562,311843,466973,593341,2020-07-07,103597,-155130
2020-07-14T00:00:00.000,EURO FX - CHICAGO MERCANTILE EXCHANGE,194252,83340,309455,471519,604982,2020-07-14,110912,-162064
2020-07-21T00:00:00.000,EURO FX - CHICAGO MERCANTILE EXCHANGE,204185,79138,320979,501647,636212,2020-07-21,125047,-180668
2020-07-28T00:00:00.000,EURO FX - CHICAGO MERCANTILE EXCHANGE,242127,84568,328605,546114,678965,2020-07-28,157559,-217509
2020-08-04T00:00:00.000,EURO FX - CHICAGO MERCANTILE EXCHANGE,262109,81461,332310,573668,704875,2020-08-04,180648,-241358
2020-08-11T00:00:00.000,EURO FX - CHICAGO MERCANTILE EXCHANGE,266078,66327,332842,589103,706458,2020-08-11,199751,-256261
2020-08-18T00:00:00.000,EURO FX - CHICAGO MERCANTILE EXCHANGE,259244,62301,332209,591573,704050,2020-08-18,196943,-259364
2020-08-25T00:00:00.000,EURO FX - CHICAGO MERCANTILE EXCHANGE,262061,50309,332664,600646,704077,2020-08-25,211752,-267982
2020-09-01T00:00:00.000,EURO FX - CHICAGO MERCANTILE EXCHANGE,250867,54120,340434,592019,698211,2020-09-01,196747,-251585
2020-09-08T00:00:00.000,EURO FX - CHICAGO MERCANTILE EXCHANGE,248683,51869,332939,581988,690782,2020-09-08,196814,-249049
2020-09-15T00:00:00.000,EURO FX - CHICAGO MERCANTILE EXCHANGE,230695,52119,326724,561883,658174,2020-09-15,178576,-235159
2020-09-22T00:00:00.000,EURO FX - CHICAGO MERCANTILE EXCHANGE,247049,56227,324148,563561,666412,2020-09-22,190822,-239413
2020-09-29T00:00:00.000,EURO FX - CHICAGO MERCANTILE EXCHANGE,241967,53851,319362,554998,655912,2020-09-29,188116,-235636
2020-10-06T00:00:00.000,EURO FX - CHICAGO MERCANTILE EXCHANGE,231369,57061,322277,548547,652135,2020-10-06,174308,-226270
2020-10-13T00:00:00.000,EURO FX - CHICAGO MERCANTILE EXCHANGE,228295,59658,320037,538976,646165,2020-10-13,168637,-218939
2020-10-20T00:00:00.000,EURO FX - CHICAGO MERCANTILE EXCHANGE,229878,63935,316168,535679,644667,2020-10-20,165943,-219511
2020-10-27T00:00:00.000,EURO FX - CHICAGO MERCANTILE EXCHANGE,217443,61888,320086,526904,636778,2020-10-27,155555,-206818
2020-11-03T00:00:00.000,EURO FX - CHICAGO MERCANTILE EXCHANGE,208237,67888,329671,516373,627754,2020-11-03,140349,-186702
2020-11-10T00:00:00.000,EURO FX - CHICAGO MERCANTILE EXCHANGE,202374,67087,339154,526728,638993,2020-11-10,135287,-187574
2020-11-17T00:00:00.000,EURO FX - CHICAGO MERCANTILE EXCHANGE,203551,69591,338363,522088,637946,2020-11-17,133960,-183725
2020-11-24T00:00:00.000,EURO FX - CHICAGO MERCANTILE EXCHANGE,206354,68104,342250,530912,644566,2020-11-24,138250,-188662
2020-12-01T00:00:00.000,EURO FX - CHICAGO MERCANTILE EXCHANGE,207302,67408,345848,536756,654257,2020-12-01,139894,-190908
2020-12-08T00:00:00.000,EURO FX - CHICAGO MERCANTILE EXCHANGE,222521,66092,349005,562077,683351,2020-12-08,156429,-213072
2020-12-15T00:00:00.000,EURO FX - CHICAGO MERCANTILE EXCHANGE,218710,76877,338345,537607,657046,2020-12-15,141833,-199262
2020-12-21T00:00:00.000,EURO FX - CHICAGO MERCANTILE EXCHANGE,222443,78541,339342,538743,659499,2020-12-21,143902,-199401
2020-12-29T00:00:00.000,EURO FX - CHICAGO MERCANTILE EXCHANGE,222848,79772,348773,550545,671643,2020-12-29,143076,-201772
2021-01-05T00:00:00.000,EURO FX - CHICAGO MERCANTILE EXCHANGE,224832,81841,349449,550714,673532,2021-01-05,142991,-201265
2021-01-12T00:00:00.000,EURO FX - CHICAGO MERCANTILE EXCHANGE,228757,72867,345185,560987,677952,2021-01-12,155890,-215802
2021-01-19T00:00:00.000,EURO FX - CHICAGO MERCANTILE EXCHANGE,236533,73067,337268,559646,676515,2021-01-19,163466,-222378
2021-01-26T00:00:00.000,EURO FX - CHICAGO MERCANTILE EXCHANGE,238099,72755,339228,559856,677432,2021-01-26,165344,-220628
2021-02-02T00:00:00.000,EURO FX - CHICAGO MERCANTILE EXCHANGE,216887,79884,354432,543240,675520,2021-02-02,137003,-188808
2021-02-09T00:00:00.000,EURO FX - CHICAGO MERCANTILE EXCHANGE,220943,80721,349377,541364,673116,2021-02-09,140222,-191987
2021-02-16T00:00:00.000,EURO FX - CHICAGO MERCANTILE EXCHANGE,222895,82889,352756,546512,675761,2021-02-16,140006,-193756
2021-02-23T00:00:00.000,EURO FX - CHICAGO MERCANTILE EXCHANGE,228501,90136,366500,560917,696916,2021-02-23,138365,-194417
2021-03-02T00:00:00.000,EURO FX - CHICAGO MERCANTILE EXCHANGE,222655,96667,374362,550290,698229,2021-03-02,125988,-175928
2021-03-09T00:00:00.000,EURO FX - CHICAGO MERCANTILE EXCHANGE,207588,105624,402394,559836,722123,2021-03-09,101964,-157442
2021-03-16T00:00:00.000,EURO FX - CHICAGO MERCANTILE EXCHANGE,195857,105881,349395,484374,638977,2021-03-16,89976,-134979
2021-03-23T00:00:00.000,EURO FX - CHICAGO MERCANTILE EXCHANGE,195500,102178,350520,488553,641428,2021-03-23,93322,-138033
2021-03-30T00:00:00.000,EURO FX - CHICAGO MERCANTILE EXCHANGE,194763,121024,351292,472620,645121,2021-03-30,73739,-121328
2021-04-06T00:00:00.000,EURO FX - CHICAGO MERCANTILE EXCHANGE,192230,124708,354401,464142,642671,2021-04-06,67522,-109741
2021-04-13T00:00:00.000,EURO FX - CHICAGO MERCANTILE EXCHANGE,190640,123789,361380,471014,648681,2021-04-13,66851,-109634
2021-04-20T00:00:00.000,EURO FX - CHICAGO MERCANTILE EXCHANGE,197137,116329,365754,494986,661640,2021-04-20,80808,-129232
2021-04-27T00:00:00.000,EURO FX - CHICAGO MERCANTILE EXCHANGE,200415,119448,368662,504495,672072,2021-04-27,80967,-135833
2021-05-04T00:00:00.000,EURO FX - CHICAGO MERCANTILE EXCHANGE,206472,121643,364947,507105,677397,2021-05-04,84829,-142158
2021-05-11T00:00:00.000,EURO FX - CHICAGO MERCANTILE EXCHANGE,223387,129480,357792,522697,697211,2021-05-11,93907,-164905
2021-05-18T00:00:00.000,EURO FX - CHICAGO MERCANTILE EXCHANGE,232330,132472,378241,551145,727631,2021-05-18,99858,-172904
2021-05-25T00:00:00.000,EURO FX - CHICAGO MERCANTILE EXCHANGE,236103,132103,381869,561735,738138,2021-05-25,104000,-179866
2021-06-01T00:00:00.000,EURO FX - CHICAGO MERCANTILE EXCHANGE,237360,128038,384998,568512,742079,2021-06-01,109322,-183514
2021-06-08T00:00:00.000,EURO FX - CHICAGO MERCANTILE EXCHANGE,232103,124890,382766,565245,743159,2021-06-08,107213,-182479
2021-06-15T00:00:00.000,EURO FX - CHICAGO MERCANTILE EXCHANGE,210816,92630,381409,563500,694722,2021-06-15,118186,-182091
2021-06-22T00:00:00.000,EURO FX - CHICAGO MERCANTILE EXCHANGE,207863,118806,383894,528473,694804,2021-06-22,89057,-144579
2021-06-29T00:00:00.000,EURO FX - CHICAGO MERCANTILE EXCHANGE,209058,121912,387635,524237,697425,2021-06-29,87146,-136602
2021-07-06T00:00:00.000,EURO FX - CHICAGO MERCANTILE EXCHANGE,212998,135808,386189,510347,699383,2021-07-06,77190,-124158
2021-07-13T00:00:00.000,EURO FX - CHICAGO MERCANTILE EXCHANGE,212851,153138,378329,479700,688952,2021-07-13,59713,-101371
2021-07-20T00:00:00.000,EURO FX - CHICAGO MERCANTILE EXCHANGE,208669,162847,379176,461577,683075,2021-07-20,45822,-82401
2021-07-27T00:00:00.000,EURO FX - CHICAGO MERCANTILE EXCHANGE,202245,164119,373953,453802,678008,2021-07-27,38126,-79849
2021-08-03T00:00:00.000,EURO FX - CHICAGO MERCANTILE EXCHANGE,199067,161060,374123,453158,674491,2021-08-03,38007,-79035
2021-08-10T00:00:00.000,EURO FX - CHICAGO MERCANTILE EXCHANGE,212809,178952,388866,458925,702098,2021-08-10,33857,-70059
2021-08-17T00:00:00.000,EURO FX - CHICAGO MERCANTILE EXCHANGE,233529,175889,383684,456767,694792,2021-08-17,57640,-73083
2021-08-24T00:00:00.000,EURO FX - CHICAGO MERCANTILE EXCHANGE,194169,169539,403032,460425,698547,2021-08-24,24630,-57393
2021-08-31T00:00:00.000,EURO FX - CHICAGO MERCANTILE EXCHANGE,190593,180117,404630,456842,705110,2021-08-31,10476,-52212
2021-09-07T00:00:00.000,EURO FX - CHICAGO MERCANTILE EXCHANGE,189904,163596,397755,471071,696734,2021-09-07,26308,-73316
2021-09-14T00:00:00.000,EURO FX - CHICAGO MERCANTILE EXCHANGE,186554,158749,368593,434853,653102,2021-09-14,27805,-66260
2021-09-21T00:00:00.000,EURO FX - CHICAGO MERCANTILE EXCHANGE,189406,177311,381122,425371,663519,2021-09-21,12095,-44249
2021-09-28T00:00:00.000,EURO FX - CHICAGO MERCANTILE EXCHANGE,195043,194171,378476,408900,668067,2021-09-28,872,-30424
2021-10-05T00:00:00.000,EURO FX - CHICAGO MERCANTILE EXCHANGE,196819,219153,396534,405021,693591,2021-10-05,-22334,-8487
2021-10-12T00:00:00.000,EURO FX - CHICAGO MERCANTILE EXCHANGE,202512,220910,396224,405177,695329,2021-10-12,-18398,-8953
2021-10-19T00:00:00.000,EURO FX - CHICAGO MERCANTILE EXCHANGE,193320,205427,389682,407255,679418,2021-10-19,-12107,-17573
2021-10-26T00:00:00.000,EURO FX - CHICAGO MERCANTILE EXCHANGE,196880,208136,387905,404160,680374,2021-10-26,-11256,-16255
2021-11-02T00:00:00.000,EURO FX - CHICAGO MERCANTILE EXCHANGE,191496,197634,392882,415610,678024,2021-11-02,-6138,-22728
2021-11-09T00:00:00.000,EURO FX - CHICAGO MERCANTILE EXCHANGE,192544,188771,389822,421863,678368,2021-11-09,3773,-32041
2021-11-16T00:00:00.000,EURO FX - CHICAGO MERCANTILE EXCHANGE,198181,202007,404266,431251,705698,2021-11-16,-3826,-26985
2021-11-23T00:00:00.000,EURO FX - CHICAGO MERCANTILE EXCHANGE,204214,220666,403595,420430,711685,2021-11-23,-16452,-16835
2021-11-30T00:00:00.000,EURO FX - CHICAGO MERCANTILE EXCHANGE,191048,214288,407774,418645,705409,2021-11-30,-23240,-10871
2021-12-07T00:00:00.000,EURO FX - CHICAGO MERCANTILE EXCHANGE,194869,203168,418656,438831,716213,2021-12-07,-8299,-20175
2021-12-14T00:00:00.000,EURO FX - CHICAGO MERCANTILE EXCHANGE,189530,201409,378079,394668,661711,2021-12-14,-11879,-16589
2021-12-21T00:00:00.000,EURO FX - CHICAGO MERCANTILE EXCHANGE,196595,206757,381670,397296,672239,2021-12-21,-10162,-15626
2021-12-28T00:00:00.000,EURO FX - CHICAGO MERCANTILE EXCHANGE,198617,205251,384857,403390,673273,2021-12-28,-6634,-18533
2022-01-04T00:00:00.000,EURO FX - CHICAGO MERCANTILE EXCHANGE,199073,200627,388742,415200,678218,2022-01-04,-1554,-26458
2022-01-11T00:00:00.000,EURO FX - CHICAGO MERCANTILE EXCHANGE,204361,198356,389191,422581,682293,2022-01-11,6005,-33390
2022-01-18T00:00:00.000,EURO FX - CHICAGO MERCANTILE EXCHANGE,211901,187317,389617,440081,691882,2022-01-18,24584,-50464
2022-01-25T00:00:00.000,EURO FX - CHICAGO MERCANTILE EXCHANGE,213408,181848,379154,435412,682952,2022-01-25,31560,-56258
2022-02-01T00:00:00.000,EURO FX - CHICAGO MERCANTILE EXCHANGE,213563,183847,376805,434272,685431,2022-02-01,29716,-57467
2022-02-08T00:00:00.000,EURO FX - CHICAGO MERCANTILE EXCHANGE,218973,180131,382426,455678,700098,2022-02-08,38842,-73252
2022-02-15T00:00:00.000,EURO FX - CHICAGO MERCANTILE EXCHANGE,217899,170318,383827,468884,702047,2022-02-15,47581,-85057
2022-02-22T00:00:00.000,EURO FX - CHICAGO MERCANTILE EXCHANGE,214195,154889,379583,477633,696682,2022-02-22,59306,-98050
2022-03-01T00:00:00.000,EURO FX - CHICAGO MERCANTILE EXCHANGE,228385,163446,390260,485365,719975,2022-03-01,64939,-95105
2022-03-08T00:00:00.000,EURO FX - CHICAGO MERCANTILE EXCHANGE,242683,183839,386654,470527,738990,2022-03-08,58844,-83873
2022-03-15T00:00:00.000,EURO FX - CHICAGO MERCANTILE EXCHANGE,202040,183246,369253,411882,666010,2022-03-15,18794,-42629
2022-03-22T00:00:00.000,EURO FX - CHICAGO MERCANTILE EXCHANGE,207051,183208,357492,403870,658817,2022-03-22,23843,-46378
2022-03-29T00:00:00.000,EURO FX - CHICAGO MERCANTILE EXCHANGE,200043,178669,364163,411511,662415,2022-03-29,21374,-47348
2022-04-05T00:00:00.000,EURO FX - CHICAGO MERCANTILE EXCHANGE,210914,183544,357140,406757,663589,2022-04-05,27370,-49617
2022-04-12T00:00:00.000,EURO FX - CHICAGO MERCANTILE EXCHANGE,221645,182585,359853,420603,678607,2022-04-12,39060,-60750
2022-04-19T00:00:00.000,EURO FX - CHICAGO MERCANTILE EXCHANGE,221003,189702,362930,412656,675939,2022-04-19,31301,-49726
2022-04-26T00:00:00.000,EURO FX - CHICAGO MERCANTILE EXCHANGE,222993,200792,368280,414387,688449,2022-04-26,22201,-46107
2022-05-03T00:00:00.000,EURO FX - CHICAGO MERCANTILE EXCHANGE,208449,214827,383222,407808,694926,2022-05-03,-6378,-24586
2022-05-10T00:00:00.000,EURO FX - CHICAGO MERCANTILE EXCHANGE,228230,211701,376043,419069,705046,2022-05-10,16529,-43026
2022-05-17T00:00:00.000,EURO FX - CHICAGO MERCANTILE EXCHANGE,230770,210431,372113,423630,706712,2022-05-17,20339,-51517
2022-05-24T00:00:00.000,EURO FX - CHICAGO MERCANTILE EXCHANGE,237072,198142,366345,438945,708938,2022-05-24,38930,-72600
2022-05-31T00:00:00.000,EURO FX - CHICAGO MERCANTILE EXCHANGE,236553,184281,365434,450620,706317,2022-05-31,52272,-85186
2022-06-07T00:00:00.000,EURO FX - CHICAGO MERCANTILE EXCHANGE,230248,179705,365628,453817,730667,2022-06-07,50543,-88189
2022-06-14T00:00:00.000,EURO FX - CHICAGO MERCANTILE EXCHANGE,206986,213004,361159,389654,668164,2022-06-14,-6018,-28495
2022-06-21T00:00:00.000,EURO FX - CHICAGO MERCANTILE EXCHANGE,195554,211159,373695,391877,671718,2022-06-21,-15605,-18182
2022-06-28T00:00:00.000,EURO FX - CHICAGO MERCANTILE EXCHANGE,189414,200010,380084,399896,671472,2022-06-28,-10596,-19812
2022-07-05T00:00:00.000,EURO FX - CHICAGO MERCANTILE EXCHANGE,197138,213990,377654,386290,673772,2022-07-05,-16852,-8636
2022-07-12T00:00:00.000,EURO FX - CHICAGO MERCANTILE EXCHANGE,197240,222484,385039,379279,682031,2022-07-12,-25244,5760
2022-07-19T00:00:00.000,EURO FX - CHICAGO MERCANTILE EXCHANGE,195875,238620,397991,380561,694106,2022-07-19,-42745,17430
2022-07-26T00:00:00.000,EURO FX - CHICAGO MERCANTILE EXCHANGE,198041,239625,393062,374406,694099,2022-07-26,-41584,18656
2022-08-02T00:00:00.000,EURO FX - CHICAGO MERCANTILE EXCHANGE,191692,230503,391841,376321,683883,2022-08-02,-38811,15520
2022-08-09T00:00:00.000,EURO FX - CHICAGO MERCANTILE EXCHANGE,200088,234624,394543,380141,692398,2022-08-09,-34536,14402
2022-08-16T00:00:00.000,EURO FX - CHICAGO MERCANTILE EXCHANGE,199226,242010,400458,379542,698570,2022-08-16,-42784,20916
2022-08-23T00:00:00.000,EURO FX - CHICAGO MERCANTILE EXCHANGE,210825,254934,406701,382394,717921,2022-08-23,-44109,24307
2022-08-30T00:00:00.000,EURO FX - CHICAGO MERCANTILE EXCHANGE,202258,249934,411684,382824,720081,2022-08-30,-47676,28860
2022-09-06T00:00:00.000,EURO FX - CHICAGO MERCANTILE EXCHANGE,205277,241626,409460,389850,721678,2022-09-06,-36349,19610
2022-09-13T00:00:00.000,EURO FX - CHICAGO MERCANTILE EXCHANGE,207778,219615,410364,421787,742244,2022-09-13,-11837,-11423
2022-09-20T00:00:00.000,EURO FX - CHICAGO MERCANTILE EXCHANGE,206564,173115,354891,407201,657952,2022-09-20,33449,-52310
2022-09-27T00:00:00.000,EURO FX - CHICAGO MERCANTILE EXCHANGE,208736,174939,348374,406814,654142,2022-09-27,33797,-58440
2022-10-04T00:00:00.000,EURO FX - CHICAGO MERCANTILE EXCHANGE,199391,155709,348817,405665,640458,2022-10-04,43682,-56848
2022-10-11T00:00:00.000,EURO FX - CHICAGO MERCANTILE EXCHANGE,196136,158637,349091,409252,639348,2022-10-11,37499,-60161
2022-10-18T00:00:00.000,EURO FX - CHICAGO MERCANTILE EXCHANGE,202703,154553,347078,417655,640469,2022-10-18,48150,-70577
2022-10-25T00:00:00.000,EURO FX - CHICAGO MERCANTILE EXCHANGE,226734,151825,346949,440781,666719,2022-10-25,74909,-93832
2022-11-01T00:00:00.000,EURO FX - CHICAGO MERCANTILE EXCHANGE,239770,133980,339364,468183,671729,2022-11-01,105790,-128819
2022-11-08T00:00:00.000,EURO FX - CHICAGO MERCANTILE EXCHANGE,232317,124718,339218,470981,667902,2022-11-08,107599,-131763
2022-11-15T00:00:00.000,EURO FX - CHICAGO MERCANTILE EXCHANGE,239369,126703,343388,494961,682575,2022-11-15,112666,-151573
2022-11-22T00:00:00.000,EURO FX - CHICAGO MERCANTILE EXCHANGE,239598,116486,345848,503792,680873,2022-11-22,123112,-157944
2022-11-29T00:00:00.000,EURO FX - CHICAGO MERCANTILE EXCHANGE,241122,118875,356905,511490,695776,2022-11-29,122247,-154585
2022-12-06T00:00:00.000,EURO FX - CHICAGO MERCANTILE EXCHANGE,245063,120180,363169,523174,711537,2022-12-06,124883,-160005
2022-12-13T00:00:00.000,EURO FX - CHICAGO MERCANTILE EXCHANGE,236415,111700,414090,571467,772800,2022-12-13,124715,-157377
2022-12-20T00:00:00.000,EURO FX - CHICAGO MERCANTILE EXCHANGE,249149,106877,379011,565025,725968,2022-12-20,142272,-186014
2022-12-27T00:00:00.000,EURO FX - CHICAGO MERCANTILE EXCHANGE,251887,105725,379076,565896,728387,2022-12-27,146162,-186820
2023-01-03T00:00:00.000,EURO FX - CHICAGO MERCANTILE EXCHANGE,222543,92628,389861,563942,712030,2023-01-03,129915,-174081
2023-01-10T00:00:00.000,EURO FX - CHICAGO MERCANTILE EXCHANGE,238623,103641,400775,582985,746163,2023-01-10,134982,-182210
2023-01-17T00:00:00.000,EURO FX - CHICAGO MERCANTILE EXCHANGE,228279,101295,416510,595584,753915,2023-01-17,126984,-179074
2023-01-24T00:00:00.000,EURO FX - CHICAGO MERCANTILE EXCHANGE,237743,103394,429253,615703,777569,2023-01-24,134349,-186450
2023-01-31T00:00:00.000,EURO FX - CHICAGO MERCANTILE EXCHANGE,246755,96246,440756,644345,796738,2023-01-31,150509,-203589
2023-02-07T00:00:00.000,EURO FX - CHICAGO MERCANTILE EXCHANGE,238338,73300,438393,650139,781287,2023-02-07,165038,-211746
2023-02-14T00:00:00.000,EURO FX - CHICAGO MERCANTILE EXCHANGE,236574,72668,444388,656178,788633,2023-02-14,163906,-211790
2023-02-21T00:00:00.000,EURO FX - CHICAGO MERCANTILE EXCHANGE,236414,71346,444658,658476,789898,2023-02-21,165068,-213818
2023-02-28T00:00:00.000,EURO FX - CHICAGO MERCANTILE EXCHANGE,240766,78567,451634,663537,803963,2023-02-28,162199,-211903
2023-03-07T00:00:00.000,EURO FX - CHICAGO MERCANTILE EXCHANGE,233880,85432,458256,660884,821057,2023-03-07,148448,-202628
2023-03-14T00:00:00.000,EURO FX - CHICAGO MERCANTILE EXCHANGE,222313,82357,418829,605698,745403,2023-03-14,139956,-186869
2023-03-21T00:00:00.000,EURO FX - CHICAGO MERCANTILE EXCHANGE,215825,70983,417802,608973,737437,2023-03-21,144842,-191171
2023-03-28T00:00:00.000,EURO FX - CHICAGO MERCANTILE EXCHANGE,222918,77893,410545,601793,732506,2023-03-28,145025,-191248
2023-04-04T00:00:00.000,EURO FX - CHICAGO MERCANTILE EXCHANGE,225416,82023,415104,609891,747095,2023-04-04,143393,-194787
2023-04-11T00:00:00.000,EURO FX - CHICAGO MERCANTILE EXCHANGE,244180,80842,411456,623521,759439,2023-04-11,163338,-212065
2023-04-18T00:00:00.000,EURO FX - CHICAGO MERCANTILE EXCHANGE,242369,78008,417586,630871,766374,2023-04-18,164361,-213285
2023-04-25T00:00:00.000,EURO FX - CHICAGO MERCANTILE EXCHANGE,243516,74116,418842,643279,772882,2023-04-25,169400,-224437
2023-05-02T00:00:00.000,EURO FX - CHICAGO MERCANTILE EXCHANGE,246832,73343,418940,640643,779458,2023-05-02,173489,-221703
2023-05-09T00:00:00.000,EURO FX - CHICAGO MERCANTILE EXCHANGE,260335,80913,418410,652670,794721,2023-05-09,179422,-234260
2023-05-16T00:00:00.000,EURO FX - CHICAGO MERCANTILE EXCHANGE,258736,71647,416383,654716,789930,2023-05-16,187089,-238333
2023-05-23T00:00:00.000,EURO FX - CHICAGO MERCANTILE EXCHANGE,250070,76334,418071,642266,781123,2023-05-23,173736,-224195
2023-05-30T00:00:00.000,EURO FX - CHICAGO MERCANTILE EXCHANGE,241817,76092,415872,629887,775142,2023-05-30,165725,-214015
2023-06-06T00:00:00.000,EURO FX - CHICAGO MERCANTILE EXCHANGE,236060,77639,419532,623448,781967,2023-06-06,158421,-203916
2023-06-13T00:00:00.000,EURO FX - CHICAGO MERCANTILE EXCHANGE,226138,74316,456529,653600,818294,2023-06-13,151822,-197071
2023-06-20T00:00:00.000,EURO FX - CHICAGO MERCANTILE EXCHANGE,229399,84750,398646,591369,732979,2023-06-20,144649,-192723
2023-06-27T00:00:00.000,EURO FX - CHICAGO MERCANTILE EXCHANGE,223977,78949,403130,596390,732123,2023-06-27,145028,-193260
2023-07-03T00:00:00.000,EURO FX - CHICAGO MERCANTILE EXCHANGE,221272,78435,401256,590715,725927,2023-07-03,142837,-189459
2023-07-11T00:00:00.000,EURO FX - CHICAGO MERCANTILE EXCHANGE,224351,84189,403460,595922,736056,2023-07-11,140162,-192462
2023-07-18T00:00:00.000,EURO FX - CHICAGO MERCANTILE EXCHANGE,264514,85682,406328,635671,783132,2023-07-18,178832,-229343
2023-07-25T00:00:00.000,EURO FX - CHICAGO MERCANTILE EXCHANGE,250647,73417,402626,636895,772408,2023-07-25,177230,-234269
2023-08-01T00:00:00.000,EURO FX - CHICAGO MERCANTILE EXCHANGE,240074,68012,404493,626064,755156,2023-08-01,172062,-221571
2023-08-08T00:00:00.000,EURO FX - CHICAGO MERCANTILE EXCHANGE,228048,78237,425875,621325,760968,2023-08-08,149811,-195450
2023-08-15T00:00:00.000,EURO FX - CHICAGO MERCANTILE EXCHANGE,232466,72603,420942,626226,760233,2023-08-15,159863,-205284
2023-08-22T00:00:00.000,EURO FX - CHICAGO MERCANTILE EXCHANGE,239391,80631,410413,610812,750486,2023-08-22,158760,-200399
2023-08-29T00:00:00.000,EURO FX - CHICAGO MERCANTILE EXCHANGE,230542,83863,411996,600147,748127,2023-08-29,146679,-188151
2023-09-05T00:00:00.000,EURO FX - CHICAGO MERCANTILE EXCHANGE,235732,99501,406485,582339,754263,2023-09-05,136231,-175854
2023-09-12T00:00:00.000,EURO FX - CHICAGO MERCANTILE EXCHANGE,212376,99296,412967,562948,743759,2023-09-12,113080,-149981
2023-09-19T00:00:00.000,EURO FX - CHICAGO MERCANTILE EXCHANGE,207424,105443,388465,517207,695343,2023-09-19,101981,-128742
2023-09-26T00:00:00.000,EURO FX - CHICAGO MERCANTILE EXCHANGE,211516,113117,387030,511437,699271,2023-09-26,98399,-124407
2023-10-03T00:00:00.000,EURO FX - CHICAGO MERCANTILE EXCHANGE,211783,132840,388473,493225,702433,2023-10-03,78943,-104752
2023-10-10T00:00:00.000,EURO FX - CHICAGO MERCANTILE EXCHANGE,207522,131990,383243,481536,687382,2023-10-10,75532,-98293
2023-10-17T00:00:00.000,EURO FX - CHICAGO MERCANTILE EXCHANGE,214313,131903,391704,493327,695676,2023-10-17,82410,-101623
2023-10-24T00:00:00.000,EURO FX - CHICAGO MERCANTILE EXCHANGE,215569,130316,396435,504431,702668,2023-10-24,85253,-107996
2023-10-31T00:00:00.000,EURO FX - CHICAGO MERCANTILE EXCHANGE,210834,125445,393348,502379,694962,2023-10-31,85389,-109031
2023-11-07T00:00:00.000,EURO FX - CHICAGO MERCANTILE EXCHANGE,212483,123427,390336,507851,697624,2023-11-07,89056,-117515
2023-11-14T00:00:00.000,EURO FX - CHICAGO MERCANTILE EXCHANGE,221190,112283,381765,522752,702463,2023-11-14,108907,-140987
2023-11-21T00:00:00.000,EURO FX - CHICAGO MERCANTILE EXCHANGE,231095,101441,380815,546633,712364,2023-11-21,129654,-165818
2023-11-28T00:00:00.000,EURO FX - CHICAGO MERCANTILE EXCHANGE,233454,90289,388784,565099,727138,2023-11-28,143165,-176315
2023-12-05T00:00:00.000,EURO FX - CHICAGO MERCANTILE EXCHANGE,235684,83324,404550,593479,756615,2023-12-05,152360,-188929
2023-12-12T00:00:00.000,EURO FX - CHICAGO MERCANTILE EXCHANGE,231837,84510,433209,615566,792149,2023-12-12,147327,-182357
2023-12-19T00:00:00.000,EURO FX - CHICAGO MERCANTILE EXCHANGE,208078,93486,399732,545354,700244,2023-12-19,114592,-145622
2023-12-26T00:00:00.000,EURO FX - CHICAGO MERCANTILE EXCHANGE,211195,93804,400897,552083,705627,2023-12-26,117391,-151186
2024-01-02T00:00:00.000,EURO FX - CHICAGO MERCANTILE EXCHANGE,211912,92436,411907,569293,718885,2024-01-02,119476,-157386
2024-01-09T00:00:00.000,EURO FX - CHICAGO MERCANTILE EXCHANGE,208473,89596,409738,566625,714079,2024-01-09,118877,-156887
2024-01-16T00:00:00.000,EURO FX - CHICAGO MERCANTILE EXCHANGE,204294,100202,433577,570090,733091,2024-01-16,104092,-136513
2024-01-23T00:00:00.000,EURO FX - CHICAGO MERCANTILE EXCHANGE,195190,106866,434578,551975,725423,2024-01-23,88324,-117397
2024-01-30T00:00:00.000,EURO FX - CHICAGO MERCANTILE EXCHANGE,200360,111589,432311,548317,727210,2024-01-30,88771,-116006
2024-02-06T00:00:00.000,EURO FX - CHICAGO MERCANTILE EXCHANGE,202450,140297,434993,521879,731991,2024-02-06,62153,-86886
2024-02-13T00:00:00.000,EURO FX - CHICAGO MERCANTILE EXCHANGE,210848,158010,437266,509530,740105,2024-02-13,52838,-72264
2024-02-20T00:00:00.000,EURO FX - CHICAGO MERCANTILE EXCHANGE,213194,145178,416183,505634,722299,2024-02-20,68016,-89451
2024-02-27T00:00:00.000,EURO FX - CHICAGO MERCANTILE EXCHANGE,205234,142380,411117,501018,715545,2024-02-27,62854,-89901
2024-03-05T00:00:00.000,EURO FX - CHICAGO MERCANTILE EXCHANGE,200025,133714,404771,501537,707108,2024-03-05,66311,-96766
2024-03-12T00:00:00.000,EURO FX - CHICAGO MERCANTILE EXCHANGE,193998,119591,402081,506685,717720,2024-03-12,74407,-104604
2024-03-19T00:00:00.000,EURO FX - CHICAGO MERCANTILE EXCHANGE,182382,134040,388839,462969,656182,2024-03-19,48342,-74130
2024-03-26T00:00:00.000,EURO FX - CHICAGO MERCANTILE EXCHANGE,180193,148999,389331,443503,657300,2024-03-26,31194,-54172
2024-04-02T00:00:00.000,EURO FX - CHICAGO MERCANTILE EXCHANGE,188258,171464,412480,445912,682768,2024-04-02,16794,-33432
2024-04-09T00:00:00.000,EURO FX - CHICAGO MERCANTILE EXCHANGE,175419,142696,383114,435146,643496,2024-04-09,32723,-52032
2024-04-16T00:00:00.000,EURO FX - CHICAGO MERCANTILE EXCHANGE,178912,166688,395979,424633,658865,2024-04-16,12224,-28654
2024-04-23T00:00:00.000,EURO FX - CHICAGO MERCANTILE EXCHANGE,167296,177285,413769,419034,665771,2024-04-23,-9989,-5265
2024-04-30T00:00:00.000,EURO FX - CHICAGO MERCANTILE EXCHANGE,167185,173962,399163,409900,652297,2024-04-30,-6777,-10737
2024-05-07T00:00:00.000,EURO FX - CHICAGO MERCANTILE EXCHANGE,170594,166004,393845,416124,654804,2024-05-07,4590,-22279
2024-05-14T00:00:00.000,EURO FX - CHICAGO MERCANTILE EXCHANGE,178398,161243,387812,426094,656802,2024-05-14,17155,-38282
2024-05-21T00:00:00.000,EURO FX - CHICAGO MERCANTILE EXCHANGE,182574,141099,378118,447571,653081,2024-05-21,41475,-69453
2024-05-28T00:00:00.000,EURO FX - CHICAGO MERCANTILE EXCHANGE,184656,127084,380224,464876,664864,2024-05-28,57572,-84652
2024-06-04T00:00:00.000,EURO FX - CHICAGO MERCANTILE EXCHANGE,188957,121087,383423,482209,671736,2024-06-04,67870,-98786
2024-06-11T00:00:00.000,EURO FX - CHICAGO MERCANTILE EXCHANGE,187697,144053,409006,481351,712894,2024-06-11,43644,-72345
2024-06-18T00:00:00.000,EURO FX - CHICAGO MERCANTILE EXCHANGE,171464,163513,386112,413976,650388,2024-06-18,7951,-27864
2024-06-25T00:00:00.000,EURO FX - CHICAGO MERCANTILE EXCHANGE,167370,175801,390837,400604,650087,2024-06-25,-8431,-9767
2024-07-02T00:00:00.000,EURO FX - CHICAGO MERCANTILE EXCHANGE,164369,173888,376888,389609,636895,2024-07-02,-9519,-12721
2024-07-09T00:00:00.000,EURO FX - CHICAGO MERCANTILE EXCHANGE,165829,162206,375248,402487,637266,2024-07-09,3623,-27239
2024-07-16T00:00:00.000,EURO FX - CHICAGO MERCANTILE EXCHANGE,179937,155188,375217,424766,649251,2024-07-16,24749,-49549
2024-07-23T00:00:00.000,EURO FX - CHICAGO MERCANTILE EXCHANGE,188929,153023,387742,447615,672022,2024-07-23,35906,-59873
2024-07-30T00:00:00.000,EURO FX - CHICAGO MERCANTILE EXCHANGE,183006,165207,386079,426892,667299,2024-07-30,17799,-40813
2024-08-06T00:00:00.000,EURO FX - CHICAGO MERCANTILE EXCHANGE,185799,152219,386568,444428,671104,2024-08-06,33580,-57860
2024-08-13T00:00:00.000,EURO FX - CHICAGO MERCANTILE EXCHANGE,182212,155229,382394,436421,667350,2024-08-13,26983,-54027
2024-08-20T00:00:00.000,EURO FX - CHICAGO MERCANTILE EXCHANGE,194350,138333,386948,476172,692017,2024-08-20,56017,-89224
2024-08-27T00:00:00.000,EURO FX - CHICAGO MERCANTILE EXCHANGE,218381,125543,388226,523748,726519,2024-08-27,92838,-135522
2024-09-03T00:00:00.000,EURO FX - CHICAGO MERCANTILE EXCHANGE,215969,115951,402899,544447,740311,2024-09-03,100018,-141548
2024-09-10T00:00:00.000,EURO FX - CHICAGO MERCANTILE EXCHANGE,192821,111388,411082,534889,741888,2024-09-10,81433,-123807
2024-09-17T00:00:00.000,EURO FX - CHICAGO MERCANTILE EXCHANGE,182281,112635,386396,500798,678001,2024-09-17,69646,-114402
2024-09-24T00:00:00.000,EURO FX - CHICAGO MERCANTILE EXCHANGE,187795,116097,379577,492405,679514,2024-09-24,71698,-112828
2024-10-01T00:00:00.000,EURO FX - CHICAGO MERCANTILE EXCHANGE,178273,122946,381281,474983,674734,2024-10-01,55327,-93702
2024-10-08T00:00:00.000,EURO FX - CHICAGO MERCANTILE EXCHANGE,173866,134768,384954,459849,669131,2024-10-08,39098,-74895
2024-10-15T00:00:00.000,EURO FX - CHICAGO MERCANTILE EXCHANGE,169319,152169,382899,431874,658481,2024-10-15,17150,-48975
2024-10-22T00:00:00.000,EURO FX - CHICAGO MERCANTILE EXCHANGE,153159,181683,391222,391230,650759,2024-10-22,-28524,-8
2024-10-29T00:00:00.000,EURO FX - CHICAGO MERCANTILE EXCHANGE,159313,209617,401671,370223,661675,2024-10-29,-50304,31448
2024-11-05T00:00:00.000,EURO FX - CHICAGO MERCANTILE EXCHANGE,159900,181553,381704,381087,645597,2024-11-05,-21653,617
2024-11-12T00:00:00.000,EURO FX - CHICAGO MERCANTILE EXCHANGE,160003,167440,366805,385079,637105,2024-11-12,-7437,-18274
2024-11-19T00:00:00.000,EURO FX - CHICAGO MERCANTILE EXCHANGE,154305,196862,399002,377955,658774,2024-11-19,-42557,21047
2024-11-26T00:00:00.000,EURO FX - CHICAGO MERCANTILE EXCHANGE,156334,212343,401183,368756,665553,2024-11-26,-56009,32427
2024-12-03T00:00:00.000,EURO FX - CHICAGO MERCANTILE EXCHANGE,167693,225182,401120,366644,675059,2024-12-03,-57489,34476
2024-12-10T00:00:00.000,EURO FX - CHICAGO MERCANTILE EXCHANGE,157375,232948,452311,397595,727276,2024-12-10,-75573,54716
2024-12-17T00:00:00.000,EURO FX - CHICAGO MERCANTILE EXCHANGE,152671,218566,340837,292748,584000,2024-12-17,-65895,48089
2024-12-24T00:00:00.000,EURO FX - CHICAGO MERCANTILE EXCHANGE,159471,227978,346341,291227,597583,2024-12-24,-68507,55114
2024-12-31T00:00:00.000,EURO FX - CHICAGO MERCANTILE EXCHANGE,168806,238370,344668,293607,609159,2024-12-31,-69564,51061
2025-01-07T00:00:00.000,EURO FX - CHICAGO MERCANTILE EXCHANGE,166503,230627,335373,290369,603187,2025-01-07,-64124,45004
2025-01-14T00:00:00.000,EURO FX - CHICAGO MERCANTILE EXCHANGE,162760,223157,341025,292688,604225,2025-01-14,-60397,48337
2025-01-21T00:00:00.000,EURO FX - CHICAGO MERCANTILE EXCHANGE,167665,230151,338719,294424,609492,2025-01-21,-62486,44295
2025-01-28T00:00:00.000,EURO FX - CHICAGO MERCANTILE EXCHANGE,153660,220264,354830,313235,618908,2025-01-28,-66604,41595
2025-02-04T00:00:00.000,EURO FX - CHICAGO MERCANTILE EXCHANGE,162554,221168,348354,311883,616623,2025-02-04,-58614,36471
2025-02-11T00:00:00.000,EURO FX - CHICAGO MERCANTILE EXCHANGE,165594,230019,352514,312540,622873,2025-02-11,-64425,39974
2025-02-18T00:00:00.000,EURO FX - CHICAGO MERCANTILE EXCHANGE,170320,221740,361239,335044,638024,2025-02-18,-51420,26195
2025-02-25T00:00:00.000,EURO FX - CHICAGO MERCANTILE EXCHANGE,182699,208124,362477,363117,658684,2025-02-25,-25425,-640
2025-03-04T00:00:00.000,EURO FX - CHICAGO MERCANTILE EXCHANGE,185223,195329,376930,396189,683819,2025-03-04,-10106,-19259
2025-03-11T00:00:00.000,EURO FX - CHICAGO MERCANTILE EXCHANGE,188647,175557,394505,442352,729760,2025-03-11,13090,-47847
2025-03-18T00:00:00.000,EURO FX - CHICAGO MERCANTILE EXCHANGE,188952,129527,359417,451777,652620,2025-03-18,59425,-92360
2025-03-25T00:00:00.000,EURO FX - CHICAGO MERCANTILE EXCHANGE,189796,124271,375753,476069,672875,2025-03-25,65525,-100316
2025-04-01T00:00:00.000,EURO FX - CHICAGO MERCANTILE EXCHANGE,183247,131412,379419,462291,670827,2025-04-01,51835,-82872
2025-04-08T00:00:00.000,EURO FX - CHICAGO MERCANTILE EXCHANGE,190296,130316,401858,492274,697776,2025-04-08,59980,-90416
2025-04-15T00:00:00.000,EURO FX - CHICAGO MERCANTILE EXCHANGE,197103,127823,394996,512911,708122,2025-04-15,69280,-117915
2025-04-22T00:00:00.000,EURO FX - CHICAGO MERCANTILE EXCHANGE,196205,131177,401257,519198,719232,2025-04-22,65028,-117941
2025-04-29T00:00:00.000,EURO FX - CHICAGO MERCANTILE EXCHANGE,196388,120591,401746,533257,730212,2025-04-29,75797,-131511
2025-05-06T00:00:00.000,EURO FX - CHICAGO MERCANTILE EXCHANGE,194192,118473,405535,536874,737013,2025-05-06,75719,-131339
2025-05-13T00:00:00.000,EURO FX - CHICAGO MERCANTILE EXCHANGE,209549,124775,406660,540942,750906,2025-05-13,84774,-134282
2025-05-20T00:00:00.000,EURO FX - CHICAGO MERCANTILE EXCHANGE,206042,131589,423456,550286,759249,2025-05-20,74453,-126830
2025-05-27T00:00:00.000,EURO FX - CHICAGO MERCANTILE EXCHANGE,204326,124852,427966,559867,760471,2025-05-27,79474,-131901
2025-06-03T00:00:00.000,EURO FX - CHICAGO MERCANTILE EXCHANGE,202786,120022,437677,575962,781284,2025-06-03,82764,-138285
2025-06-10T00:00:00.000,EURO FX - CHICAGO MERCANTILE EXCHANGE,208754,115729,449157,600413,810517,2025-06-10,93025,-151256
2025-06-17T00:00:00.000,EURO FX - CHICAGO MERCANTILE EXCHANGE,220811,119258,414729,575750,755861,2025-06-17,101553,-161021
2025-06-24T00:00:00.000,EURO FX - CHICAGO MERCANTILE EXCHANGE,223791,112656,417363,581664,762607,2025-06-24,111135,-164301
2025-07-01T00:00:00.000,EURO FX - CHICAGO MERCANTILE EXCHANGE,224979,117442,430913,591577,779031,2025-07-01,107537,-160664
2025-07-08T00:00:00.000,EURO FX - CHICAGO MERCANTILE EXCHANGE,241125,120529,439953,617376,805847,2025-07-08,120596,-177423
2025-07-15T00:00:00.000,EURO FX - CHICAGO MERCANTILE EXCHANGE,242096,113875,451525,635740,820440,2025-07-15,128221,-184215
2025-07-22T00:00:00.000,EURO FX - CHICAGO MERCANTILE EXCHANGE,248380,122865,469100,646813,843447,2025-07-22,125515,-177713
2025-07-29T00:00:00.000,EURO FX - CHICAGO MERCANTILE EXCHANGE,248841,125482,452550,628328,828577,2025-07-29,123359,-175778
2025-08-05T00:00:00.000,EURO FX - CHICAGO MERCANTILE EXCHANGE,247357,131398,453569,617114,818360,2025-08-05,115959,-163545
2025-08-12T00:00:00.000,EURO FX - CHICAGO MERCANTILE EXCHANGE,246299,130868,458037,625100,824972,2025-08-12,115431,-167063
2025-08-19T00:00:00.000,EURO FX - CHICAGO MERCANTILE EXCHANGE,252719,133974,452297,618728,825219,2025-08-19,118745,-166431
2025-08-26T00:00:00.000,EURO FX - CHICAGO MERCANTILE EXCHANGE,258386,135347,461163,634369,842215,2025-08-26,123039,-173206
2025-09-02T00:00:00.000,EURO FX - CHICAGO MERCANTILE EXCHANGE,255660,136068,455696,626965,845820,2025-09-02,119592,-171269
2025-09-09T00:00:00.000,EURO FX - CHICAGO MERCANTILE EXCHANGE,258049,132372,468861,648508,878104,2025-09-09,125677,-179647
2025-09-16T00:00:00.000,EURO FX - CHICAGO MERCANTILE EXCHANGE,253261,135502,490481,657861,855448,2025-09-16,117759,-167380
2025-09-23T00:00:00.000,EURO FX - CHICAGO MERCANTILE EXCHANGE,252472,138127,495459,661236,859215,2025-09-23,114345,-165777
2025-09-30T00:00:00.000,EURO FX - CHICAGO MERCANTILE EXCHANGE,252530,135161,484109,651245,845775,2025-09-30,117369,-167136
2025-10-07T00:00:00.000,EURO FX - CHICAGO MERCANTILE EXCHANGE,255907,137542,488102,655936,855286,2025-10-07,118365,-167834
2025-10-14T00:00:00.000,EURO FX - CHICAGO MERCANTILE EXCHANGE,243010,134685,484101,633231,841079,2025-10-14,108325,-149130
2025-10-21T00:00:00.000,EURO FX - CHICAGO MERCANTILE EXCHANGE,244507,132755,479961,636194,835887,2025-10-21,111752,-156233
2025-10-28T00:00:00.000,EURO FX - CHICAGO MERCANTILE EXCHANGE,250400,143067,482554,634150,843717,2025-10-28,107333,-151596
2025-11-04T00:00:00.000,EURO FX - CHICAGO MERCANTILE EXCHANGE,252542,160747,476902,603514,835176,2025-11-04,91795,-126612
2025-11-10T00:00:00.000,EURO FX - CHICAGO MERCANTILE EXCHANGE,235920,162331,482858,594231,831275,2025-11-10,73589,-111373
2025-11-18T00:00:00.000,EURO FX - CHICAGO MERCANTILE EXCHANGE,243961,144954,473016,613166,827015,2025-11-18,99007,-140150
2025-11-25T00:00:00.000,EURO FX - CHICAGO MERCANTILE EXCHANGE,244392,150321,474204,611180,830589,2025-11-25,94071,-136976
2025-12-02T00:00:00.000,EURO FX - CHICAGO MERCANTILE EXCHANGE,249672,141219,482328,638080,851184,2025-12-02,108453,-155752
2025-12-09T00:00:00.000,EURO FX - CHICAGO MERCANTILE EXCHANGE,268118,129330,536662,726259,942794,2025-12-09,138788,-189597
2025-12-16T00:00:00.000,EURO FX - CHICAGO MERCANTILE EXCHANGE,277002,132099,451583,647640,986986,2025-12-16,144903,-196057
2025-12-23T00:00:00.000,EURO FX - CHICAGO MERCANTILE EXCHANGE,293179,133288,463484,672962,866951,2025-12-23,159891,-209478
2025-12-30T00:00:00.000,EURO FX - CHICAGO MERCANTILE EXCHANGE,294738,137273,464299,675925,869169,2025-12-30,157465,-211626
2026-01-06T00:00:00.000,EURO FX - CHICAGO MERCANTILE EXCHANGE,298253,135441,469661,685480,881815,2026-01-06,162812,-215819
2026-01-13T00:00:00.000,EURO FX - CHICAGO MERCANTILE EXCHANGE,283592,150936,487595,667362,883672,2026-01-13,132656,-179767
2026-01-20T00:00:00.000,EURO FX - CHICAGO MERCANTILE EXCHANGE,275235,163540,488166,643762,880948,2026-01-20,111695,-155596
2026-01-27T00:00:00.000,EURO FX - CHICAGO MERCANTILE EXCHANGE,290336,158202,499732,681336,919284,2026-01-27,132134,-181604
2026-02-03T00:00:00.000,EURO FX - CHICAGO MERCANTILE EXCHANGE,302301,138940,483911,702452,910464,2026-02-03,163361,-218541
2026-02-10T00:00:00.000,EURO FX - CHICAGO MERCANTILE EXCHANGE,318704,138399,484603,720382,926273,2026-02-10,180305,-235779
2026-02-17T00:00:00.000,EURO FX - CHICAGO MERCANTILE EXCHANGE,311549,137069,487219,714896,916813,2026-02-17,174480,-227677
2026-02-24T00:00:00.000,EURO FX - CHICAGO MERCANTILE EXCHANGE,294873,138017,498044,708947,911287,2026-02-24,156856,-210903
2026-03-03T00:00:00.000,EURO FX - CHICAGO MERCANTILE EXCHANGE,294586,158088,485713,670306,913289,2026-03-03,136498,-184593
2026-03-10T00:00:00.000,EURO FX - CHICAGO MERCANTILE EXCHANGE,265686,160542,550287,695706,969374,2026-03-10,105144,-145419
2026-03-17T00:00:00.000,EURO FX - CHICAGO MERCANTILE EXCHANGE,212886,191754,435130,493563,755789,2026-03-17,21132,-58433
2026-03-24T00:00:00.000,EURO FX - CHICAGO MERCANTILE EXCHANGE,200025,190746,444118,490876,764691,2026-03-24,9279,-46758
2026-03-31T00:00:00.000,EURO FX - CHICAGO MERCANTILE EXCHANGE,200168,199661,462337,499328,774237,2026-03-31,507,-36991
2026-04-07T00:00:00.000,EURO FX - CHICAGO MERCANTILE EXCHANGE,200946,208487,464746,497896,775043,2026-04-07,-7541,-33150
2026-04-14T00:00:00.000,EURO FX - CHICAGO MERCANTILE EXCHANGE,214639,188621,465245,527777,788828,2026-04-14,26018,-62532
2026-04-21T00:00:00.000,EURO FX - CHICAGO MERCANTILE EXCHANGE,217407,176083,459844,543507,790622,2026-04-21,41324,-83663
