report_date_as_yyyy_mm_dd,market_and_exchange_names,noncomm_positions_long_all,noncomm_positions_short_all,comm_positions_long_all,comm_positions_short_all,open_interest_all,date,spec_net,comm_net
2010-01-05T00:00:00.000,BRITISH POUND STERLING - CHICAGO MERCANTILE EXCHANGE,18031,51595,60287,14463,92891,2010-01-05,-33564,45824
2010-01-12T00:00:00.000,BRITISH POUND STERLING - CHICAGO MERCANTILE EXCHANGE,15182,50649,56340,11583,89147,2010-01-12,-35467,44757
2010-01-19T00:00:00.000,BRITISH POUND STERLING - CHICAGO MERCANTILE EXCHANGE,21199,41370,41982,17464,83337,2010-01-19,-20171,24518
2010-01-26T00:00:00.000,BRITISH POUND STERLING - CHICAGO MERCANTILE EXCHANGE,15075,42228,54925,21890,86475,2010-01-26,-27153,33035
2010-02-02T00:00:00.000,BRITISH POUND STERLING - CHICAGO MERCANTILE EXCHANGE,14611,48579,63527,19993,95712,2010-02-02,-33968,43534
2010-02-09T00:00:00.000,BRITISH POUND STERLING - CHICAGO MERCANTILE EXCHANGE,14012,66768,84481,18914,116362,2010-02-09,-52756,65567
2010-02-16T00:00:00.000,BRITISH POUND STERLING - CHICAGO MERCANTILE EXCHANGE,13922,70001,89737,17370,119085,2010-02-16,-56079,72367
2010-02-23T00:00:00.000,BRITISH POUND STERLING - CHICAGO MERCANTILE EXCHANGE,13882,76766,96642,15674,125106,2010-02-23,-62884,80968
2010-03-02T00:00:00.000,BRITISH POUND STERLING - CHICAGO MERCANTILE EXCHANGE,13862,81411,94797,16253,129123,2010-03-02,-67549,78544
2010-03-09T00:00:00.000,BRITISH POUND STERLING - CHICAGO MERCANTILE EXCHANGE,10417,73890,119211,38707,148562,2010-03-09,-63473,80504
2010-03-16T00:00:00.000,BRITISH POUND STERLING - CHICAGO MERCANTILE EXCHANGE,11731,75718,94765,14211,121551,2010-03-16,-63987,80554
2010-03-23T00:00:00.000,BRITISH POUND STERLING - CHICAGO MERCANTILE EXCHANGE,11349,82973,105029,15981,130646,2010-03-23,-71624,89048
2010-03-30T00:00:00.000,BRITISH POUND STERLING - CHICAGO MERCANTILE EXCHANGE,11965,79038,104446,21916,132818,2010-03-30,-67073,82530
2010-04-06T00:00:00.000,BRITISH POUND STERLING - CHICAGO MERCANTILE EXCHANGE,14281,73755,100224,23141,129290,2010-04-06,-59474,77083
2010-04-13T00:00:00.000,BRITISH POUND STERLING - CHICAGO MERCANTILE EXCHANGE,13390,70781,92380,23895,121947,2010-04-13,-57391,68485
2010-04-20T00:00:00.000,BRITISH POUND STERLING - CHICAGO MERCANTILE EXCHANGE,14258,63556,88773,27781,121340,2010-04-20,-49298,60992
2010-04-27T00:00:00.000,BRITISH POUND STERLING - CHICAGO MERCANTILE EXCHANGE,11634,66300,90014,22996,119871,2010-04-27,-54666,67018
2010-05-04T00:00:00.000,BRITISH POUND STERLING - CHICAGO MERCANTILE EXCHANGE,13062,78678,102545,20202,133988,2010-05-04,-65616,82343
2010-05-11T00:00:00.000,BRITISH POUND STERLING - CHICAGO MERCANTILE EXCHANGE,10269,82457,115351,23897,142670,2010-05-11,-72188,91454
2010-05-18T00:00:00.000,BRITISH POUND STERLING - CHICAGO MERCANTILE EXCHANGE,10492,87237,125341,29892,152357,2010-05-18,-76745,95449
2010-05-25T00:00:00.000,BRITISH POUND STERLING - CHICAGO MERCANTILE EXCHANGE,10962,86041,126666,29488,151212,2010-05-25,-75079,97178
2010-06-01T00:00:00.000,BRITISH POUND STERLING - CHICAGO MERCANTILE EXCHANGE,11809,82263,123405,29748,149216,2010-06-01,-70454,93657
2010-06-08T00:00:00.000,BRITISH POUND STERLING - CHICAGO MERCANTILE EXCHANGE,14146,88826,134423,37212,167076,2010-06-08,-74680,97211
2010-06-15T00:00:00.000,BRITISH POUND STERLING - CHICAGO MERCANTILE EXCHANGE,13081,61215,91566,25052,119301,2010-06-15,-48134,66514
2010-06-22T00:00:00.000,BRITISH POUND STERLING - CHICAGO MERCANTILE EXCHANGE,15921,62267,93645,31529,125471,2010-06-22,-46346,62116
2010-06-29T00:00:00.000,BRITISH POUND STERLING - CHICAGO MERCANTILE EXCHANGE,17626,52397,88635,36665,121233,2010-06-29,-34771,51970
2010-07-06T00:00:00.000,BRITISH POUND STERLING - CHICAGO MERCANTILE EXCHANGE,18442,56519,89405,39667,123693,2010-07-06,-38077,49738
2010-07-13T00:00:00.000,BRITISH POUND STERLING - CHICAGO MERCANTILE EXCHANGE,15501,50172,98635,52012,131680,2010-07-13,-34671,46623
2010-07-20T00:00:00.000,BRITISH POUND STERLING - CHICAGO MERCANTILE EXCHANGE,16448,43215,92451,58754,124904,2010-07-20,-26767,33697
2010-07-27T00:00:00.000,BRITISH POUND STERLING - CHICAGO MERCANTILE EXCHANGE,17107,35047,88676,60585,122570,2010-07-27,-17940,28091
2010-08-03T00:00:00.000,BRITISH POUND STERLING - CHICAGO MERCANTILE EXCHANGE,31058,31308,82832,78143,135454,2010-08-03,-250,4689
2010-08-10T00:00:00.000,BRITISH POUND STERLING - CHICAGO MERCANTILE EXCHANGE,35915,30894,82534,87126,142227,2010-08-10,5021,-4592
2010-08-17T00:00:00.000,BRITISH POUND STERLING - CHICAGO MERCANTILE EXCHANGE,31467,35898,83970,82482,141441,2010-08-17,-4431,1488
2010-08-24T00:00:00.000,BRITISH POUND STERLING - CHICAGO MERCANTILE EXCHANGE,28511,32876,86511,82980,139333,2010-08-24,-4365,3531
2010-08-31T00:00:00.000,BRITISH POUND STERLING - CHICAGO MERCANTILE EXCHANGE,23052,38318,96716,77121,144196,2010-08-31,-15266,19595
2010-09-07T00:00:00.000,BRITISH POUND STERLING - CHICAGO MERCANTILE EXCHANGE,21363,37431,96791,72743,145712,2010-09-07,-16068,24048
2010-09-14T00:00:00.000,BRITISH POUND STERLING - CHICAGO MERCANTILE EXCHANGE,21108,30235,31126,22726,74850,2010-09-14,-9127,8400
2010-09-21T00:00:00.000,BRITISH POUND STERLING - CHICAGO MERCANTILE EXCHANGE,17858,26847,30333,23643,71318,2010-09-21,-8989,6690
2010-09-28T00:00:00.000,BRITISH POUND STERLING - CHICAGO MERCANTILE EXCHANGE,26725,28919,25415,27634,77713,2010-09-28,-2194,-2219
2010-10-05T00:00:00.000,BRITISH POUND STERLING - CHICAGO MERCANTILE EXCHANGE,37064,27661,23758,39982,86536,2010-10-05,9403,-16224
2010-10-12T00:00:00.000,BRITISH POUND STERLING - CHICAGO MERCANTILE EXCHANGE,39870,31804,26610,40769,92868,2010-10-12,8066,-14159
2010-10-19T00:00:00.000,BRITISH POUND STERLING - CHICAGO MERCANTILE EXCHANGE,34708,28912,31962,40875,90068,2010-10-19,5796,-8913
2010-10-26T00:00:00.000,BRITISH POUND STERLING - CHICAGO MERCANTILE EXCHANGE,33001,27912,28511,38142,86611,2010-10-26,5089,-9631
2010-11-02T00:00:00.000,BRITISH POUND STERLING - CHICAGO MERCANTILE EXCHANGE,39900,24718,26685,45700,91819,2010-11-02,15182,-19015
2010-11-09T00:00:00.000,BRITISH POUND STERLING - CHICAGO MERCANTILE EXCHANGE,41915,20649,24702,55976,96533,2010-11-09,21266,-31274
2010-11-16T00:00:00.000,BRITISH POUND STERLING - CHICAGO MERCANTILE EXCHANGE,45677,21906,29403,56634,98997,2010-11-16,23771,-27231
2010-11-23T00:00:00.000,BRITISH POUND STERLING - CHICAGO MERCANTILE EXCHANGE,35839,25642,34087,46798,93914,2010-11-23,10197,-12711
2010-11-30T00:00:00.000,BRITISH POUND STERLING - CHICAGO MERCANTILE EXCHANGE,24409,29273,41148,34219,85587,2010-11-30,-4864,6929
2010-12-07T00:00:00.000,BRITISH POUND STERLING - CHICAGO MERCANTILE EXCHANGE,14242,27162,52143,36262,86269,2010-12-07,-12920,15881
2010-12-14T00:00:00.000,BRITISH POUND STERLING - CHICAGO MERCANTILE EXCHANGE,12205,20391,37905,28386,67820,2010-12-14,-8186,9519
2010-12-21T00:00:00.000,BRITISH POUND STERLING - CHICAGO MERCANTILE EXCHANGE,14579,22011,36813,25689,69207,2010-12-21,-7432,11124
2010-12-28T00:00:00.000,BRITISH POUND STERLING - CHICAGO MERCANTILE EXCHANGE,18294,31415,46533,26113,82141,2010-12-28,-13121,20420
2011-01-04T00:00:00.000,BRITISH POUND STERLING - CHICAGO MERCANTILE EXCHANGE,17494,31627,49436,27719,84270,2011-01-04,-14133,21717
2011-01-11T00:00:00.000,BRITISH POUND STERLING - CHICAGO MERCANTILE EXCHANGE,21014,26104,46290,34749,86335,2011-01-11,-5090,11541
2011-01-18T00:00:00.000,BRITISH POUND STERLING - CHICAGO MERCANTILE EXCHANGE,31415,25621,32530,43587,90630,2011-01-18,5794,-11057
2011-01-25T00:00:00.000,BRITISH POUND STERLING - CHICAGO MERCANTILE EXCHANGE,36028,28140,31035,46435,96648,2011-01-25,7888,-15400
2011-02-01T00:00:00.000,BRITISH POUND STERLING - CHICAGO MERCANTILE EXCHANGE,46923,24264,29231,61587,108587,2011-02-01,22659,-32356
2011-02-08T00:00:00.000,BRITISH POUND STERLING - CHICAGO MERCANTILE EXCHANGE,49204,24729,30413,65136,111363,2011-02-08,24475,-34723
2011-02-15T00:00:00.000,BRITISH POUND STERLING - CHICAGO MERCANTILE EXCHANGE,68885,16313,28577,95012,132763,2011-02-15,52572,-66435
2011-02-22T00:00:00.000,BRITISH POUND STERLING - CHICAGO MERCANTILE EXCHANGE,53097,17088,37732,84835,123774,2011-02-22,36009,-47103
2011-03-01T00:00:00.000,BRITISH POUND STERLING - CHICAGO MERCANTILE EXCHANGE,52122,26313,38690,77923,126350,2011-03-01,25809,-39233
2011-03-08T00:00:00.000,BRITISH POUND STERLING - CHICAGO MERCANTILE EXCHANGE,54967,21061,47957,96190,145352,2011-03-08,33906,-48233
2011-03-15T00:00:00.000,BRITISH POUND STERLING - CHICAGO MERCANTILE EXCHANGE,28580,28805,41676,50188,98181,2011-03-15,-225,-8512
2011-03-22T00:00:00.000,BRITISH POUND STERLING - CHICAGO MERCANTILE EXCHANGE,53348,23624,30235,76858,117974,2011-03-22,29724,-46623
2011-03-29T00:00:00.000,BRITISH POUND STERLING - CHICAGO MERCANTILE EXCHANGE,30077,29334,45367,54500,104506,2011-03-29,743,-9133
2011-04-05T00:00:00.000,BRITISH POUND STERLING - CHICAGO MERCANTILE EXCHANGE,53796,21382,24080,69398,111219,2011-04-05,32414,-45318
2011-04-12T00:00:00.000,BRITISH POUND STERLING - CHICAGO MERCANTILE EXCHANGE,53423,26752,25408,74300,120316,2011-04-12,26671,-48892
2011-04-19T00:00:00.000,BRITISH POUND STERLING - CHICAGO MERCANTILE EXCHANGE,50572,20397,23872,70132,108808,2011-04-19,30175,-46260
2011-04-26T00:00:00.000,BRITISH POUND STERLING - CHICAGO MERCANTILE EXCHANGE,56867,23284,23115,79277,118486,2011-04-26,33583,-56162
2011-05-03T00:00:00.000,BRITISH POUND STERLING - CHICAGO MERCANTILE EXCHANGE,59735,28928,25334,78794,124003,2011-05-03,30807,-53460
2011-05-10T00:00:00.000,BRITISH POUND STERLING - CHICAGO MERCANTILE EXCHANGE,41368,23250,30739,65923,108117,2011-05-10,18118,-35184
2011-05-17T00:00:00.000,BRITISH POUND STERLING - CHICAGO MERCANTILE EXCHANGE,30327,31255,42237,49692,103753,2011-05-17,-928,-7455
2011-05-24T00:00:00.000,BRITISH POUND STERLING - CHICAGO MERCANTILE EXCHANGE,28090,42233,59457,47228,110336,2011-05-24,-14143,12229
2011-05-31T00:00:00.000,BRITISH POUND STERLING - CHICAGO MERCANTILE EXCHANGE,32284,34113,49191,53028,108085,2011-05-31,-1829,-3837
2011-06-07T00:00:00.000,BRITISH POUND STERLING - CHICAGO MERCANTILE EXCHANGE,33554,35304,51512,58683,113641,2011-06-07,-1750,-7171
2011-06-14T00:00:00.000,BRITISH POUND STERLING - CHICAGO MERCANTILE EXCHANGE,36684,25458,25098,43918,90719,2011-06-14,11226,-18820
2011-06-21T00:00:00.000,BRITISH POUND STERLING - CHICAGO MERCANTILE EXCHANGE,26763,38123,42757,32167,92824,2011-06-21,-11360,10590
2011-06-28T00:00:00.000,BRITISH POUND STERLING - CHICAGO MERCANTILE EXCHANGE,27928,46277,52846,31150,102414,2011-06-28,-18349,21696
2011-07-05T00:00:00.000,BRITISH POUND STERLING - CHICAGO MERCANTILE EXCHANGE,28634,60303,66004,32188,118359,2011-07-05,-31669,33816
2011-07-12T00:00:00.000,BRITISH POUND STERLING - CHICAGO MERCANTILE EXCHANGE,27687,52488,73993,38256,121134,2011-07-12,-24801,35737
2011-07-19T00:00:00.000,BRITISH POUND STERLING - CHICAGO MERCANTILE EXCHANGE,26011,32725,53019,41056,98291,2011-07-19,-6714,11963
2011-07-26T00:00:00.000,BRITISH POUND STERLING - CHICAGO MERCANTILE EXCHANGE,33312,32090,38197,43231,97415,2011-07-26,1222,-5034
2011-08-02T00:00:00.000,BRITISH POUND STERLING - CHICAGO MERCANTILE EXCHANGE,43266,38127,32711,43175,103172,2011-08-02,5139,-10464
2011-08-09T00:00:00.000,BRITISH POUND STERLING - CHICAGO MERCANTILE EXCHANGE,41290,41045,37132,43475,105544,2011-08-09,245,-6343
2011-08-16T00:00:00.000,BRITISH POUND STERLING - CHICAGO MERCANTILE EXCHANGE,36193,39289,36090,41640,100562,2011-08-16,-3096,-5550
2011-08-23T00:00:00.000,BRITISH POUND STERLING - CHICAGO MERCANTILE EXCHANGE,40888,29927,29695,53729,102177,2011-08-23,10961,-24034
2011-08-30T00:00:00.000,BRITISH POUND STERLING - CHICAGO MERCANTILE EXCHANGE,31248,30804,35091,45532,96164,2011-08-30,444,-10441
2011-09-06T00:00:00.000,BRITISH POUND STERLING - CHICAGO MERCANTILE EXCHANGE,30543,43763,56225,44044,110372,2011-09-06,-13220,12181
2011-09-13T00:00:00.000,BRITISH POUND STERLING - CHICAGO MERCANTILE EXCHANGE,33969,60162,83572,50243,142120,2011-09-13,-26193,33329
2011-09-20T00:00:00.000,BRITISH POUND STERLING - CHICAGO MERCANTILE EXCHANGE,14106,73861,115619,40077,143678,2011-09-20,-59755,75542
2011-09-27T00:00:00.000,BRITISH POUND STERLING - CHICAGO MERCANTILE EXCHANGE,14288,78298,126815,43137,154682,2011-09-27,-64010,83678
2011-10-04T00:00:00.000,BRITISH POUND STERLING - CHICAGO MERCANTILE EXCHANGE,14929,83653,148769,60087,175500,2011-10-04,-68724,88682
2011-10-11T00:00:00.000,BRITISH POUND STERLING - CHICAGO MERCANTILE EXCHANGE,15391,77363,156606,74402,184709,2011-10-11,-61972,82204
2011-10-18T00:00:00.000,BRITISH POUND STERLING - CHICAGO MERCANTILE EXCHANGE,16946,70172,146414,75827,175827,2011-10-18,-53226,70587
2011-10-25T00:00:00.000,BRITISH POUND STERLING - CHICAGO MERCANTILE EXCHANGE,18917,69064,136586,77318,171560,2011-10-25,-50147,59268
2011-11-01T00:00:00.000,BRITISH POUND STERLING - CHICAGO MERCANTILE EXCHANGE,24396,71488,127589,73719,169466,2011-11-01,-47092,53870
2011-11-08T00:00:00.000,BRITISH POUND STERLING - CHICAGO MERCANTILE EXCHANGE,22607,51729,106849,72170,147978,2011-11-08,-29122,34679
2011-11-15T00:00:00.000,BRITISH POUND STERLING - CHICAGO MERCANTILE EXCHANGE,23355,56219,112483,70020,150702,2011-11-15,-32864,42463
2011-11-22T00:00:00.000,BRITISH POUND STERLING - CHICAGO MERCANTILE EXCHANGE,20691,57325,126010,75198,160287,2011-11-22,-36634,50812
2011-11-29T00:00:00.000,BRITISH POUND STERLING - CHICAGO MERCANTILE EXCHANGE,23503,70163,154277,90373,190728,2011-11-29,-46660,63904
2011-12-06T00:00:00.000,BRITISH POUND STERLING - CHICAGO MERCANTILE EXCHANGE,26311,69871,170467,109281,209514,2011-12-06,-43560,61186
2011-12-13T00:00:00.000,BRITISH POUND STERLING - CHICAGO MERCANTILE EXCHANGE,23782,63291,179246,121639,218203,2011-12-13,-39509,57607
2011-12-20T00:00:00.000,BRITISH POUND STERLING - CHICAGO MERCANTILE EXCHANGE,26533,52472,143472,104008,183972,2011-12-20,-25939,39464
2011-12-27T00:00:00.000,BRITISH POUND STERLING - CHICAGO MERCANTILE EXCHANGE,25465,54637,143533,102195,183119,2011-12-27,-29172,41338
2012-01-03T00:00:00.000,BRITISH POUND STERLING - CHICAGO MERCANTILE EXCHANGE,27832,59731,152896,105145,193595,2012-01-03,-31899,47751
2012-01-10T00:00:00.000,BRITISH POUND STERLING - CHICAGO MERCANTILE EXCHANGE,24044,59897,162591,106978,199855,2012-01-10,-35853,55613
2012-01-17T00:00:00.000,BRITISH POUND STERLING - CHICAGO MERCANTILE EXCHANGE,23373,65007,174545,108900,211418,2012-01-17,-41634,65645
2012-01-24T00:00:00.000,BRITISH POUND STERLING - CHICAGO MERCANTILE EXCHANGE,16103,47464,158781,110718,190040,2012-01-24,-31361,48063
2012-01-31T00:00:00.000,BRITISH POUND STERLING - CHICAGO MERCANTILE EXCHANGE,23698,49912,151492,111212,190849,2012-01-31,-26214,40280
2012-02-07T00:00:00.000,BRITISH POUND STERLING - CHICAGO MERCANTILE EXCHANGE,28161,61283,148536,106817,195733,2012-02-07,-33122,41719
2012-02-14T00:00:00.000,BRITISH POUND STERLING - CHICAGO MERCANTILE EXCHANGE,29309,69908,144022,94858,192071,2012-02-14,-40599,49164
2012-02-21T00:00:00.000,BRITISH POUND STERLING - CHICAGO MERCANTILE EXCHANGE,27617,58967,139035,101041,186668,2012-02-21,-31350,37994
2012-02-28T00:00:00.000,BRITISH POUND STERLING - CHICAGO MERCANTILE EXCHANGE,26931,50166,130209,99507,176885,2012-02-28,-23235,30702
2012-03-06T00:00:00.000,BRITISH POUND STERLING - CHICAGO MERCANTILE EXCHANGE,22308,59407,142025,98699,184104,2012-03-06,-37099,43326
2012-03-13T00:00:00.000,BRITISH POUND STERLING - CHICAGO MERCANTILE EXCHANGE,21924,63772,156862,103648,202880,2012-03-13,-41848,53214
2012-03-20T00:00:00.000,BRITISH POUND STERLING - CHICAGO MERCANTILE EXCHANGE,25951,41803,96011,75197,141411,2012-03-20,-15852,20814
2012-03-27T00:00:00.000,BRITISH POUND STERLING - CHICAGO MERCANTILE EXCHANGE,26609,37719,83813,74825,135147,2012-03-27,-11110,8988
2012-04-03T00:00:00.000,BRITISH POUND STERLING - CHICAGO MERCANTILE EXCHANGE,29262,38069,87792,80809,142660,2012-04-03,-8807,6983
2012-04-10T00:00:00.000,BRITISH POUND STERLING - CHICAGO MERCANTILE EXCHANGE,29777,48561,94248,74154,145522,2012-04-10,-18784,20094
2012-04-17T00:00:00.000,BRITISH POUND STERLING - CHICAGO MERCANTILE EXCHANGE,33221,46272,98107,89706,157015,2012-04-17,-13051,8401
2012-04-24T00:00:00.000,BRITISH POUND STERLING - CHICAGO MERCANTILE EXCHANGE,47435,39899,89980,113492,173368,2012-04-24,7536,-23512
2012-05-01T00:00:00.000,BRITISH POUND STERLING - CHICAGO MERCANTILE EXCHANGE,53121,36628,94215,133194,188288,2012-05-01,16493,-38979
2012-05-08T00:00:00.000,BRITISH POUND STERLING - CHICAGO MERCANTILE EXCHANGE,59697,34358,98046,146481,199801,2012-05-08,25339,-48435
2012-05-15T00:00:00.000,BRITISH POUND STERLING - CHICAGO MERCANTILE EXCHANGE,57471,32450,102490,149212,199270,2012-05-15,25021,-46722
2012-05-22T00:00:00.000,BRITISH POUND STERLING - CHICAGO MERCANTILE EXCHANGE,40842,29502,116176,132355,184497,2012-05-22,11340,-16179
2012-05-29T00:00:00.000,BRITISH POUND STERLING - CHICAGO MERCANTILE EXCHANGE,36052,34577,120129,123473,181435,2012-05-29,1475,-3344
2012-06-05T00:00:00.000,BRITISH POUND STERLING - CHICAGO MERCANTILE EXCHANGE,39042,41909,126489,107399,184583,2012-06-05,-2867,19090
2012-06-12T00:00:00.000,BRITISH POUND STERLING - CHICAGO MERCANTILE EXCHANGE,28017,51129,131724,93371,178648,2012-06-12,-23112,38353
2012-06-19T00:00:00.000,BRITISH POUND STERLING - CHICAGO MERCANTILE EXCHANGE,32248,49401,71473,42263,121624,2012-06-19,-17153,29210
2012-06-26T00:00:00.000,BRITISH POUND STERLING - CHICAGO MERCANTILE EXCHANGE,35296,36054,62171,48777,114561,2012-06-26,-758,13394
2012-07-03T00:00:00.000,BRITISH POUND STERLING - CHICAGO MERCANTILE EXCHANGE,32208,37561,58748,42419,108208,2012-07-03,-5353,16329
2012-07-10T00:00:00.000,BRITISH POUND STERLING - CHICAGO MERCANTILE EXCHANGE,32804,40426,66039,44391,117616,2012-07-10,-7622,21648
2012-07-17T00:00:00.000,BRITISH POUND STERLING - CHICAGO MERCANTILE EXCHANGE,33896,41349,65425,43877,116976,2012-07-17,-7453,21548
2012-07-24T00:00:00.000,BRITISH POUND STERLING - CHICAGO MERCANTILE EXCHANGE,29332,32266,70130,52738,116143,2012-07-24,-2934,17392
2012-07-31T00:00:00.000,BRITISH POUND STERLING - CHICAGO MERCANTILE EXCHANGE,31304,33114,61352,49211,110770,2012-07-31,-1810,12141
2012-08-07T00:00:00.000,BRITISH POUND STERLING - CHICAGO MERCANTILE EXCHANGE,25764,34039,70631,50620,115125,2012-08-07,-8275,20011
2012-08-14T00:00:00.000,BRITISH POUND STERLING - CHICAGO MERCANTILE EXCHANGE,32054,32342,61071,52308,114042,2012-08-14,-288,8763
2012-08-21T00:00:00.000,BRITISH POUND STERLING - CHICAGO MERCANTILE EXCHANGE,45984,38151,47356,52511,118550,2012-08-21,7833,-5155
2012-08-28T00:00:00.000,BRITISH POUND STERLING - CHICAGO MERCANTILE EXCHANGE,42407,40439,46134,52243,117034,2012-08-28,1968,-6109
2012-09-04T00:00:00.000,BRITISH POUND STERLING - CHICAGO MERCANTILE EXCHANGE,41834,48702,57584,59109,133755,2012-09-04,-6868,-1525
2012-09-11T00:00:00.000,BRITISH POUND STERLING - CHICAGO MERCANTILE EXCHANGE,49312,53678,87588,102391,181682,2012-09-11,-4366,-14803
2012-09-18T00:00:00.000,BRITISH POUND STERLING - CHICAGO MERCANTILE EXCHANGE,52597,38185,57416,94768,151305,2012-09-18,14412,-37352
2012-09-25T00:00:00.000,BRITISH POUND STERLING - CHICAGO MERCANTILE EXCHANGE,60809,33672,67667,121589,172103,2012-09-25,27137,-53922
2012-10-02T00:00:00.000,BRITISH POUND STERLING - CHICAGO MERCANTILE EXCHANGE,64726,34632,69344,125480,177746,2012-10-02,30094,-56136
2012-10-09T00:00:00.000,BRITISH POUND STERLING - CHICAGO MERCANTILE EXCHANGE,54190,31618,69627,111519,161457,2012-10-09,22572,-41892
2012-10-16T00:00:00.000,BRITISH POUND STERLING - CHICAGO MERCANTILE EXCHANGE,54010,34411,68945,111964,164454,2012-10-16,19599,-43019
2012-10-23T00:00:00.000,BRITISH POUND STERLING - CHICAGO MERCANTILE EXCHANGE,54879,36482,68873,94981,155791,2012-10-23,18397,-26108
2012-10-30T00:00:00.000,BRITISH POUND STERLING - CHICAGO MERCANTILE EXCHANGE,57897,34494,70155,108181,163917,2012-10-30,23403,-38026
2012-11-06T00:00:00.000,BRITISH POUND STERLING - CHICAGO MERCANTILE EXCHANGE,57208,37929,72159,103309,164481,2012-11-06,19279,-31150
2012-11-13T00:00:00.000,BRITISH POUND STERLING - CHICAGO MERCANTILE EXCHANGE,45799,37571,69885,89316,149173,2012-11-13,8228,-19431
2012-11-20T00:00:00.000,BRITISH POUND STERLING - CHICAGO MERCANTILE EXCHANGE,46546,45816,72393,82747,150722,2012-11-20,730,-10354
2012-11-27T00:00:00.000,BRITISH POUND STERLING - CHICAGO MERCANTILE EXCHANGE,51107,40829,71028,98590,157701,2012-11-27,10278,-27562
2012-12-04T00:00:00.000,BRITISH POUND STERLING - CHICAGO MERCANTILE EXCHANGE,66050,38780,71351,123690,178749,2012-12-04,27270,-52339
2012-12-11T00:00:00.000,BRITISH POUND STERLING - CHICAGO MERCANTILE EXCHANGE,64753,36799,76362,126897,183628,2012-12-11,27954,-50535
2012-12-18T00:00:00.000,BRITISH POUND STERLING - CHICAGO MERCANTILE EXCHANGE,79375,51339,66225,119542,188472,2012-12-18,28036,-53317
2012-12-24T00:00:00.000,BRITISH POUND STERLING - CHICAGO MERCANTILE EXCHANGE,74466,37145,64162,126925,181219,2012-12-24,37321,-62763
2012-12-31T00:00:00.000,BRITISH POUND STERLING - CHICAGO MERCANTILE EXCHANGE,69146,32838,62945,124180,174676,2012-12-31,36308,-61235
2013-01-08T00:00:00.000,BRITISH POUND STERLING - CHICAGO MERCANTILE EXCHANGE,60523,34574,68047,111288,165584,2013-01-08,25949,-43241
2013-01-15T00:00:00.000,BRITISH POUND STERLING - CHICAGO MERCANTILE EXCHANGE,63796,35458,61608,108553,163295,2013-01-15,28338,-46945
2013-01-22T00:00:00.000,BRITISH POUND STERLING - CHICAGO MERCANTILE EXCHANGE,60201,42263,69899,93288,160820,2013-01-22,17938,-23389
2013-01-29T00:00:00.000,BRITISH POUND STERLING - CHICAGO MERCANTILE EXCHANGE,57989,47367,85116,84976,166060,2013-01-29,10622,140
2013-02-05T00:00:00.000,BRITISH POUND STERLING - CHICAGO MERCANTILE EXCHANGE,51959,50785,93207,76659,165369,2013-02-05,1174,16548
2013-02-12T00:00:00.000,BRITISH POUND STERLING - CHICAGO MERCANTILE EXCHANGE,38661,55437,109569,76486,167100,2013-02-12,-16776,33083
2013-02-19T00:00:00.000,BRITISH POUND STERLING - CHICAGO MERCANTILE EXCHANGE,40668,64033,128744,82702,187027,2013-02-19,-23365,46042
2013-02-26T00:00:00.000,BRITISH POUND STERLING - CHICAGO MERCANTILE EXCHANGE,31126,67256,155078,89382,205183,2013-02-26,-36130,65696
2013-03-05T00:00:00.000,BRITISH POUND STERLING - CHICAGO MERCANTILE EXCHANGE,36021,79870,178904,97356,236181,2013-03-05,-43849,81548
2013-03-12T00:00:00.000,BRITISH POUND STERLING - CHICAGO MERCANTILE EXCHANGE,28833,78633,230701,148217,297130,2013-03-12,-49800,82484
2013-03-19T00:00:00.000,BRITISH POUND STERLING - CHICAGO MERCANTILE EXCHANGE,39048,100528,156292,62690,212517,2013-03-19,-61480,93602
2013-03-26T00:00:00.000,BRITISH POUND STERLING - CHICAGO MERCANTILE EXCHANGE,38184,104739,158512,63071,214636,2013-03-26,-66555,95441
2013-04-02T00:00:00.000,BRITISH POUND STERLING - CHICAGO MERCANTILE EXCHANGE,31815,96835,158053,60190,208425,2013-04-02,-65020,97863
2013-04-09T00:00:00.000,BRITISH POUND STERLING - CHICAGO MERCANTILE EXCHANGE,27104,97073,158433,63203,204827,2013-04-09,-69969,95230
2013-04-16T00:00:00.000,BRITISH POUND STERLING - CHICAGO MERCANTILE EXCHANGE,34020,95995,148381,61580,200884,2013-04-16,-61975,86801
2013-04-23T00:00:00.000,BRITISH POUND STERLING - CHICAGO MERCANTILE EXCHANGE,33989,94101,148320,59407,199465,2013-04-23,-60112,88913
2013-04-30T00:00:00.000,BRITISH POUND STERLING - CHICAGO MERCANTILE EXCHANGE,31078,89685,133909,60277,189084,2013-04-30,-58607,73632
2013-05-07T00:00:00.000,BRITISH POUND STERLING - CHICAGO MERCANTILE EXCHANGE,31542,94628,138468,53039,190781,2013-05-07,-63086,85429
2013-05-14T00:00:00.000,BRITISH POUND STERLING - CHICAGO MERCANTILE EXCHANGE,36975,102330,139716,54547,198068,2013-05-14,-65355,85169
2013-05-21T00:00:00.000,BRITISH POUND STERLING - CHICAGO MERCANTILE EXCHANGE,33380,110356,159386,55388,211098,2013-05-21,-76976,103998
2013-05-28T00:00:00.000,BRITISH POUND STERLING - CHICAGO MERCANTILE EXCHANGE,36221,110746,165979,64616,221612,2013-05-28,-74525,101363
2013-06-04T00:00:00.000,BRITISH POUND STERLING - CHICAGO MERCANTILE EXCHANGE,26666,104404,165170,63342,210499,2013-06-04,-77738,101828
2013-06-11T00:00:00.000,BRITISH POUND STERLING - CHICAGO MERCANTILE EXCHANGE,32755,86442,143781,77735,219176,2013-06-11,-53687,66046
2013-06-18T00:00:00.000,BRITISH POUND STERLING - CHICAGO MERCANTILE EXCHANGE,47377,67783,66978,44363,140550,2013-06-18,-20406,22615
2013-06-25T00:00:00.000,BRITISH POUND STERLING - CHICAGO MERCANTILE EXCHANGE,34419,53848,63165,41384,123602,2013-06-25,-19429,21781
2013-07-02T00:00:00.000,BRITISH POUND STERLING - CHICAGO MERCANTILE EXCHANGE,32562,63886,79613,33060,131817,2013-07-02,-31324,46553
2013-07-09T00:00:00.000,BRITISH POUND STERLING - CHICAGO MERCANTILE EXCHANGE,31311,65570,93694,38586,145033,2013-07-09,-34259,55108
2013-07-16T00:00:00.000,BRITISH POUND STERLING - CHICAGO MERCANTILE EXCHANGE,24634,62080,108037,47781,151127,2013-07-16,-37446,60256
2013-07-23T00:00:00.000,BRITISH POUND STERLING - CHICAGO MERCANTILE EXCHANGE,19135,68788,108960,42604,148065,2013-07-23,-49653,66356
2013-07-30T00:00:00.000,BRITISH POUND STERLING - CHICAGO MERCANTILE EXCHANGE,20155,69618,106157,43787,146335,2013-07-30,-49463,62370
2013-08-06T00:00:00.000,BRITISH POUND STERLING - CHICAGO MERCANTILE EXCHANGE,22097,68130,101039,44843,145387,2013-08-06,-46033,56196
2013-08-13T00:00:00.000,BRITISH POUND STERLING - CHICAGO MERCANTILE EXCHANGE,22209,68730,99984,44164,145126,2013-08-13,-46521,55820
2013-08-20T00:00:00.000,BRITISH POUND STERLING - CHICAGO MERCANTILE EXCHANGE,26947,66469,82623,41692,138505,2013-08-20,-39522,40931
2013-08-27T00:00:00.000,BRITISH POUND STERLING - CHICAGO MERCANTILE EXCHANGE,30004,68230,90813,47051,149328,2013-08-27,-38226,43762
2013-09-03T00:00:00.000,BRITISH POUND STERLING - CHICAGO MERCANTILE EXCHANGE,27943,70989,101846,53848,156870,2013-09-03,-43046,47998
2013-09-10T00:00:00.000,BRITISH POUND STERLING - CHICAGO MERCANTILE EXCHANGE,32921,71087,112660,76126,185433,2013-09-10,-38166,36534
2013-09-17T00:00:00.000,BRITISH POUND STERLING - CHICAGO MERCANTILE EXCHANGE,44124,50434,59423,62078,141735,2013-09-17,-6310,-2655
2013-09-24T00:00:00.000,BRITISH POUND STERLING - CHICAGO MERCANTILE EXCHANGE,50736,49562,71944,84316,163719,2013-09-24,1174,-12372
2013-10-01T00:00:00.000,BRITISH POUND STERLING - CHICAGO MERCANTILE EXCHANGE,47329,45833,81205,95978,172422,2013-10-01,1496,-14773
2013-10-08T00:00:00.000,BRITISH POUND STERLING - CHICAGO MERCANTILE EXCHANGE,58681,49910,84423,105421,184643,2013-10-08,8771,-20998
2013-10-15T00:00:00.000,BRITISH POUND STERLING - CHICAGO MERCANTILE EXCHANGE,60100,47869,83679,106657,183979,2013-10-15,12231,-22978
2013-10-22T00:00:00.000,BRITISH POUND STERLING - CHICAGO MERCANTILE EXCHANGE,59437,45175,79775,107751,181489,2013-10-22,14262,-27976
2013-10-29T00:00:00.000,BRITISH POUND STERLING - CHICAGO MERCANTILE EXCHANGE,57791,47629,80393,102329,177427,2013-10-29,10162,-21936
2013-11-05T00:00:00.000,BRITISH POUND STERLING - CHICAGO MERCANTILE EXCHANGE,51186,53578,82503,90876,172368,2013-11-05,-2392,-8373
2013-11-12T00:00:00.000,BRITISH POUND STERLING - CHICAGO MERCANTILE EXCHANGE,43888,53191,91367,89935,171002,2013-11-12,-9303,1432
2013-11-19T00:00:00.000,BRITISH POUND STERLING - CHICAGO MERCANTILE EXCHANGE,53766,55431,93473,101568,183449,2013-11-19,-1665,-8095
2013-11-26T00:00:00.000,BRITISH POUND STERLING - CHICAGO MERCANTILE EXCHANGE,56969,56578,118100,130144,214443,2013-11-26,391,-12044
2013-12-03T00:00:00.000,BRITISH POUND STERLING - CHICAGO MERCANTILE EXCHANGE,73962,55593,121372,156792,239371,2013-12-03,18369,-35420
2013-12-10T00:00:00.000,BRITISH POUND STERLING - CHICAGO MERCANTILE EXCHANGE,71015,52586,137216,173717,255604,2013-12-10,18429,-36501
2013-12-17T00:00:00.000,BRITISH POUND STERLING - CHICAGO MERCANTILE EXCHANGE,62285,44460,91971,125519,191648,2013-12-17,17825,-33548
2013-12-24T00:00:00.000,BRITISH POUND STERLING - CHICAGO MERCANTILE EXCHANGE,62593,48173,94669,129001,198063,2013-12-24,14420,-34332
2013-12-31T00:00:00.000,BRITISH POUND STERLING - CHICAGO MERCANTILE EXCHANGE,62084,39303,100344,145925,206886,2013-12-31,22781,-45581
2014-01-07T00:00:00.000,BRITISH POUND STERLING - CHICAGO MERCANTILE EXCHANGE,54679,36501,97956,134725,194668,2014-01-07,18178,-36769
2014-01-14T00:00:00.000,BRITISH POUND STERLING - CHICAGO MERCANTILE EXCHANGE,54352,43192,106759,134907,201372,2014-01-14,11160,-28148
2014-01-21T00:00:00.000,BRITISH POUND STERLING - CHICAGO MERCANTILE EXCHANGE,56573,47853,110212,134031,208112,2014-01-21,8720,-23819
2014-01-28T00:00:00.000,BRITISH POUND STERLING - CHICAGO MERCANTILE EXCHANGE,63359,41187,111557,152335,218738,2014-01-28,22172,-40778
2014-02-04T00:00:00.000,BRITISH POUND STERLING - CHICAGO MERCANTILE EXCHANGE,52098,41147,114398,135274,202690,2014-02-04,10951,-20876
2014-02-11T00:00:00.000,BRITISH POUND STERLING - CHICAGO MERCANTILE EXCHANGE,53199,42527,115521,138625,204982,2014-02-11,10672,-23104
2014-02-18T00:00:00.000,BRITISH POUND STERLING - CHICAGO MERCANTILE EXCHANGE,76271,53948,120336,160633,241471,2014-02-18,22323,-40297
2014-02-25T00:00:00.000,BRITISH POUND STERLING - CHICAGO MERCANTILE EXCHANGE,74558,45756,128291,177930,257037,2014-02-25,28802,-49639
2014-03-04T00:00:00.000,BRITISH POUND STERLING - CHICAGO MERCANTILE EXCHANGE,71021,41416,130043,179625,254013,2014-03-04,29605,-49582
2014-03-11T00:00:00.000,BRITISH POUND STERLING - CHICAGO MERCANTILE EXCHANGE,64553,42554,138296,179531,250867,2014-03-11,21999,-41235
2014-03-18T00:00:00.000,BRITISH POUND STERLING - CHICAGO MERCANTILE EXCHANGE,64141,38605,109445,148828,208961,2014-03-18,25536,-39383
2014-03-25T00:00:00.000,BRITISH POUND STERLING - CHICAGO MERCANTILE EXCHANGE,66751,37027,102280,144695,202115,2014-03-25,29724,-42415
2014-04-01T00:00:00.000,BRITISH POUND STERLING - CHICAGO MERCANTILE EXCHANGE,75969,42397,102154,148722,211437,2014-04-01,33572,-46568
2014-04-08T00:00:00.000,BRITISH POUND STERLING - CHICAGO MERCANTILE EXCHANGE,91642,45165,96497,159397,226667,2014-04-08,46477,-62900
2014-04-15T00:00:00.000,BRITISH POUND STERLING - CHICAGO MERCANTILE EXCHANGE,87472,36874,98398,169024,226688,2014-04-15,50598,-70626
2014-04-22T00:00:00.000,BRITISH POUND STERLING - CHICAGO MERCANTILE EXCHANGE,89692,41892,105313,172390,237055,2014-04-22,47800,-67077
2014-04-29T00:00:00.000,BRITISH POUND STERLING - CHICAGO MERCANTILE EXCHANGE,85913,41679,106203,171519,236030,2014-04-29,44234,-65316
2014-05-06T00:00:00.000,BRITISH POUND STERLING - CHICAGO MERCANTILE EXCHANGE,83794,43148,108175,172470,241264,2014-05-06,40646,-64295
2014-05-13T00:00:00.000,BRITISH POUND STERLING - CHICAGO MERCANTILE EXCHANGE,71168,39413,114382,168710,230333,2014-05-13,31755,-54328
2014-05-20T00:00:00.000,BRITISH POUND STERLING - CHICAGO MERCANTILE EXCHANGE,80009,46919,117999,167790,237637,2014-05-20,33090,-49791
2014-05-27T00:00:00.000,BRITISH POUND STERLING - CHICAGO MERCANTILE EXCHANGE,78438,43134,120854,172105,238440,2014-05-27,35304,-51251
2014-06-03T00:00:00.000,BRITISH POUND STERLING - CHICAGO MERCANTILE EXCHANGE,79476,44502,125359,170679,239604,2014-06-03,34974,-45320
2014-06-10T00:00:00.000,BRITISH POUND STERLING - CHICAGO MERCANTILE EXCHANGE,85202,49360,126458,177887,271602,2014-06-10,35842,-51429
2014-06-17T00:00:00.000,BRITISH POUND STERLING - CHICAGO MERCANTILE EXCHANGE,100434,47838,107659,180605,250231,2014-06-17,52596,-72946
2014-06-24T00:00:00.000,BRITISH POUND STERLING - CHICAGO MERCANTILE EXCHANGE,98098,48347,115089,183985,254369,2014-06-24,49751,-68896
2014-07-01T00:00:00.000,BRITISH POUND STERLING - CHICAGO MERCANTILE EXCHANGE,99929,43517,112124,187421,255911,2014-07-01,56412,-75297
2014-07-08T00:00:00.000,BRITISH POUND STERLING - CHICAGO MERCANTILE EXCHANGE,86614,44975,123491,185800,254788,2014-07-08,41639,-62309
2014-07-15T00:00:00.000,BRITISH POUND STERLING - CHICAGO MERCANTILE EXCHANGE,85983,47213,123543,183834,255115,2014-07-15,38770,-60291
2014-07-22T00:00:00.000,BRITISH POUND STERLING - CHICAGO MERCANTILE EXCHANGE,71792,44295,126841,171724,241155,2014-07-22,27497,-44883
2014-07-29T00:00:00.000,BRITISH POUND STERLING - CHICAGO MERCANTILE EXCHANGE,75370,50460,122856,160397,237411,2014-07-29,24910,-37541
2014-08-05T00:00:00.000,BRITISH POUND STERLING - CHICAGO MERCANTILE EXCHANGE,66437,54316,127890,148099,230801,2014-08-05,12121,-20209
2014-08-12T00:00:00.000,BRITISH POUND STERLING - CHICAGO MERCANTILE EXCHANGE,65348,46549,126296,149762,223719,2014-08-12,18799,-23466
2014-08-19T00:00:00.000,BRITISH POUND STERLING - CHICAGO MERCANTILE EXCHANGE,72230,58943,132029,148030,237291,2014-08-19,13287,-16001
2014-08-26T00:00:00.000,BRITISH POUND STERLING - CHICAGO MERCANTILE EXCHANGE,71002,55535,129909,147322,233435,2014-08-26,15467,-17413
2014-09-02T00:00:00.000,BRITISH POUND STERLING - CHICAGO MERCANTILE EXCHANGE,67538,58090,140619,148169,238973,2014-09-02,9448,-7550
2014-09-09T00:00:00.000,BRITISH POUND STERLING - CHICAGO MERCANTILE EXCHANGE,81330,54603,141636,159314,256591,2014-09-09,26727,-17678
2014-09-16T00:00:00.000,BRITISH POUND STERLING - CHICAGO MERCANTILE EXCHANGE,55617,62198,56449,40674,134560,2014-09-16,-6581,15775
2014-09-23T00:00:00.000,BRITISH POUND STERLING - CHICAGO MERCANTILE EXCHANGE,53691,54741,57886,44652,134061,2014-09-23,-1050,13234
2014-09-30T00:00:00.000,BRITISH POUND STERLING - CHICAGO MERCANTILE EXCHANGE,54243,50654,54723,51553,132369,2014-09-30,3589,3170
2014-10-07T00:00:00.000,BRITISH POUND STERLING - CHICAGO MERCANTILE EXCHANGE,46503,47578,61525,50649,129666,2014-10-07,-1075,10876
2014-10-14T00:00:00.000,BRITISH POUND STERLING - CHICAGO MERCANTILE EXCHANGE,43116,45953,74112,58761,138471,2014-10-14,-2837,15351
2014-10-21T00:00:00.000,BRITISH POUND STERLING - CHICAGO MERCANTILE EXCHANGE,36567,41052,79177,62369,135766,2014-10-21,-4485,16808
2014-10-28T00:00:00.000,BRITISH POUND STERLING - CHICAGO MERCANTILE EXCHANGE,40718,46965,75868,61989,138661,2014-10-28,-6247,13879
2014-11-04T00:00:00.000,BRITISH POUND STERLING - CHICAGO MERCANTILE EXCHANGE,43289,50751,79539,60534,144215,2014-11-04,-7462,19005
2014-11-11T00:00:00.000,BRITISH POUND STERLING - CHICAGO MERCANTILE EXCHANGE,40661,53552,87014,63337,151660,2014-11-11,-12891,23677
2014-11-18T00:00:00.000,BRITISH POUND STERLING - CHICAGO MERCANTILE EXCHANGE,42865,65694,99090,62517,166966,2014-11-18,-22829,36573
2014-11-25T00:00:00.000,BRITISH POUND STERLING - CHICAGO MERCANTILE EXCHANGE,38541,69207,110033,62208,171730,2014-11-25,-30666,47825
2014-12-02T00:00:00.000,BRITISH POUND STERLING - CHICAGO MERCANTILE EXCHANGE,38556,69570,114685,65259,174875,2014-12-02,-31014,49426
2014-12-09T00:00:00.000,BRITISH POUND STERLING - CHICAGO MERCANTILE EXCHANGE,37695,61297,124200,85750,192104,2014-12-09,-23602,38450
2014-12-16T00:00:00.000,BRITISH POUND STERLING - CHICAGO MERCANTILE EXCHANGE,37861,52413,80630,53538,137581,2014-12-16,-14552,27092
2014-12-23T00:00:00.000,BRITISH POUND STERLING - CHICAGO MERCANTILE EXCHANGE,36615,51848,85812,54230,141455,2014-12-23,-15233,31582
2014-12-30T00:00:00.000,BRITISH POUND STERLING - CHICAGO MERCANTILE EXCHANGE,35072,54374,90331,53522,143660,2014-12-30,-19302,36809
2015-01-06T00:00:00.000,BRITISH POUND STERLING - CHICAGO MERCANTILE EXCHANGE,39156,64726,103437,58240,161876,2015-01-06,-25570,45197
2015-01-13T00:00:00.000,BRITISH POUND STERLING - CHICAGO MERCANTILE EXCHANGE,41920,79060,118235,60408,178563,2015-01-13,-37140,57827
2015-01-20T00:00:00.000,BRITISH POUND STERLING - CHICAGO MERCANTILE EXCHANGE,35319,81027,128779,62499,182860,2015-01-20,-45708,66280
2015-01-27T00:00:00.000,BRITISH POUND STERLING - CHICAGO MERCANTILE EXCHANGE,38649,83989,129144,62925,185350,2015-01-27,-45340,66219
2015-02-03T00:00:00.000,BRITISH POUND STERLING - CHICAGO MERCANTILE EXCHANGE,36220,78618,128829,67741,182903,2015-02-03,-42398,61088
2015-02-10T00:00:00.000,BRITISH POUND STERLING - CHICAGO MERCANTILE EXCHANGE,36798,75401,121424,66938,175966,2015-02-10,-38603,54486
2015-02-17T00:00:00.000,BRITISH POUND STERLING - CHICAGO MERCANTILE EXCHANGE,42999,71797,108431,67126,170627,2015-02-17,-28798,41305
2015-02-24T00:00:00.000,BRITISH POUND STERLING - CHICAGO MERCANTILE EXCHANGE,46741,68611,103097,70047,169784,2015-02-24,-21870,33050
2015-03-03T00:00:00.000,BRITISH POUND STERLING - CHICAGO MERCANTILE EXCHANGE,44563,71471,100739,65339,165737,2015-03-03,-26908,35400
2015-03-10T00:00:00.000,BRITISH POUND STERLING - CHICAGO MERCANTILE EXCHANGE,48053,80644,132078,84428,205166,2015-03-10,-32591,47650
2015-03-17T00:00:00.000,BRITISH POUND STERLING - CHICAGO MERCANTILE EXCHANGE,47155,85006,124844,65218,188238,2015-03-17,-37851,59626
2015-03-24T00:00:00.000,BRITISH POUND STERLING - CHICAGO MERCANTILE EXCHANGE,35938,74495,125186,66328,178140,2015-03-24,-38557,58858
2015-03-31T00:00:00.000,BRITISH POUND STERLING - CHICAGO MERCANTILE EXCHANGE,35143,71773,130848,75229,182514,2015-03-31,-36630,55619
2015-04-07T00:00:00.000,BRITISH POUND STERLING - CHICAGO MERCANTILE EXCHANGE,37641,71942,130411,78813,185219,2015-04-07,-34301,51598
2015-04-14T00:00:00.000,BRITISH POUND STERLING - CHICAGO MERCANTILE EXCHANGE,33993,70038,136944,79221,189513,2015-04-14,-36045,57723
2015-04-21T00:00:00.000,BRITISH POUND STERLING - CHICAGO MERCANTILE EXCHANGE,34830,64111,124700,77203,175066,2015-04-21,-29281,47497
2015-04-28T00:00:00.000,BRITISH POUND STERLING - CHICAGO MERCANTILE EXCHANGE,33239,67367,118250,73492,171698,2015-04-28,-34128,44758
2015-05-05T00:00:00.000,BRITISH POUND STERLING - CHICAGO MERCANTILE EXCHANGE,34304,59062,117555,87212,173468,2015-05-05,-24758,30343
2015-05-12T00:00:00.000,BRITISH POUND STERLING - CHICAGO MERCANTILE EXCHANGE,37511,68280,124508,85521,183586,2015-05-12,-30769,38987
2015-05-19T00:00:00.000,BRITISH POUND STERLING - CHICAGO MERCANTILE EXCHANGE,41132,64494,117486,94098,182607,2015-05-19,-23362,23388
2015-05-26T00:00:00.000,BRITISH POUND STERLING - CHICAGO MERCANTILE EXCHANGE,34696,60235,117828,90963,176797,2015-05-26,-25539,26865
2015-06-02T00:00:00.000,BRITISH POUND STERLING - CHICAGO MERCANTILE EXCHANGE,32769,58427,117608,89094,175291,2015-06-02,-25658,28514
2015-06-09T00:00:00.000,BRITISH POUND STERLING - CHICAGO MERCANTILE EXCHANGE,31014,59291,121106,90666,181049,2015-06-09,-28277,30440
2015-06-16T00:00:00.000,BRITISH POUND STERLING - CHICAGO MERCANTILE EXCHANGE,33877,59311,87973,62426,146635,2015-06-16,-25434,25547
2015-06-23T00:00:00.000,BRITISH POUND STERLING - CHICAGO MERCANTILE EXCHANGE,51530,73724,97485,81898,178641,2015-06-23,-22194,15587
2015-06-30T00:00:00.000,BRITISH POUND STERLING - CHICAGO MERCANTILE EXCHANGE,53656,66415,101251,94133,181413,2015-06-30,-12759,7118
2015-07-07T00:00:00.000,BRITISH POUND STERLING - CHICAGO MERCANTILE EXCHANGE,39583,62556,103158,81987,168480,2015-07-07,-22973,21171
2015-07-14T00:00:00.000,BRITISH POUND STERLING - CHICAGO MERCANTILE EXCHANGE,32162,56361,100879,77666,157073,2015-07-14,-24199,23213
2015-07-21T00:00:00.000,BRITISH POUND STERLING - CHICAGO MERCANTILE EXCHANGE,35141,56609,105350,85715,164779,2015-07-21,-21468,19635
2015-07-28T00:00:00.000,BRITISH POUND STERLING - CHICAGO MERCANTILE EXCHANGE,43795,53583,102505,97339,173295,2015-07-28,-9788,5166
2015-08-04T00:00:00.000,BRITISH POUND STERLING - CHICAGO MERCANTILE EXCHANGE,45748,52305,98230,91834,169224,2015-08-04,-6557,6396
2015-08-11T00:00:00.000,BRITISH POUND STERLING - CHICAGO MERCANTILE EXCHANGE,41751,52122,91311,83243,158247,2015-08-11,-10371,8068
2015-08-18T00:00:00.000,BRITISH POUND STERLING - CHICAGO MERCANTILE EXCHANGE,52030,56001,90500,92949,172083,2015-08-18,-3971,-2449
2015-08-25T00:00:00.000,BRITISH POUND STERLING - CHICAGO MERCANTILE EXCHANGE,58051,54752,89205,99349,176962,2015-08-25,3299,-10144
2015-09-01T00:00:00.000,BRITISH POUND STERLING - CHICAGO MERCANTILE EXCHANGE,47801,59040,99011,82339,170032,2015-09-01,-11239,16672
2015-09-08T00:00:00.000,BRITISH POUND STERLING - CHICAGO MERCANTILE EXCHANGE,43509,61147,114928,84020,186994,2015-09-08,-17638,30908
2015-09-15T00:00:00.000,BRITISH POUND STERLING - CHICAGO MERCANTILE EXCHANGE,43206,46825,82581,68882,145704,2015-09-15,-3619,13699
2015-09-22T00:00:00.000,BRITISH POUND STERLING - CHICAGO MERCANTILE EXCHANGE,45001,43734,80548,75542,146573,2015-09-22,1267,5006
2015-09-29T00:00:00.000,BRITISH POUND STERLING - CHICAGO MERCANTILE EXCHANGE,49815,51862,82145,70731,155821,2015-09-29,-2047,11414
2015-10-06T00:00:00.000,BRITISH POUND STERLING - CHICAGO MERCANTILE EXCHANGE,47700,52233,91391,72503,160373,2015-10-06,-4533,18888
2015-10-13T00:00:00.000,BRITISH POUND STERLING - CHICAGO MERCANTILE EXCHANGE,44765,52292,86121,63602,152164,2015-10-13,-7527,22519
2015-10-20T00:00:00.000,BRITISH POUND STERLING - CHICAGO MERCANTILE EXCHANGE,53477,45940,82773,83118,158043,2015-10-20,7537,-345
2015-10-27T00:00:00.000,BRITISH POUND STERLING - CHICAGO MERCANTILE EXCHANGE,47986,43852,84486,76791,153453,2015-10-27,4134,7695
2015-11-03T00:00:00.000,BRITISH POUND STERLING - CHICAGO MERCANTILE EXCHANGE,45775,45587,83950,76220,151194,2015-11-03,188,7730
2015-11-10T00:00:00.000,BRITISH POUND STERLING - CHICAGO MERCANTILE EXCHANGE,39369,55139,112133,75232,172346,2015-11-10,-15770,36901
2015-11-17T00:00:00.000,BRITISH POUND STERLING - CHICAGO MERCANTILE EXCHANGE,35107,60367,120464,75232,175254,2015-11-17,-25260,45232
2015-11-24T00:00:00.000,BRITISH POUND STERLING - CHICAGO MERCANTILE EXCHANGE,32322,64578,119432,68053,172390,2015-11-24,-32256,51379
2015-12-01T00:00:00.000,BRITISH POUND STERLING - CHICAGO MERCANTILE EXCHANGE,38403,66661,128714,79674,187628,2015-12-01,-28258,49040
2015-12-08T00:00:00.000,BRITISH POUND STERLING - CHICAGO MERCANTILE EXCHANGE,41633,65535,134644,90054,200245,2015-12-08,-23902,44590
2015-12-15T00:00:00.000,BRITISH POUND STERLING - CHICAGO MERCANTILE EXCHANGE,39121,56041,110007,76000,165845,2015-12-15,-16920,34007
2015-12-22T00:00:00.000,BRITISH POUND STERLING - CHICAGO MERCANTILE EXCHANGE,42075,68736,134216,84544,194313,2015-12-22,-26661,49672
2015-12-29T00:00:00.000,BRITISH POUND STERLING - CHICAGO MERCANTILE EXCHANGE,40476,71498,143839,91028,204038,2015-12-29,-31022,52811
2016-01-05T00:00:00.000,BRITISH POUND STERLING - CHICAGO MERCANTILE EXCHANGE,44662,75158,158902,104501,221993,2016-01-05,-30496,54401
2016-01-12T00:00:00.000,BRITISH POUND STERLING - CHICAGO MERCANTILE EXCHANGE,34294,64815,182189,123373,238868,2016-01-12,-30521,58816
2016-01-19T00:00:00.000,BRITISH POUND STERLING - CHICAGO MERCANTILE EXCHANGE,37863,76442,197965,133170,259589,2016-01-19,-38579,64795
2016-01-26T00:00:00.000,BRITISH POUND STERLING - CHICAGO MERCANTILE EXCHANGE,34696,82233,213083,140786,272798,2016-01-26,-47537,72297
2016-02-02T00:00:00.000,BRITISH POUND STERLING - CHICAGO MERCANTILE EXCHANGE,32737,77755,214581,142835,270680,2016-02-02,-45018,71746
2016-02-09T00:00:00.000,BRITISH POUND STERLING - CHICAGO MERCANTILE EXCHANGE,31025,67325,204732,150023,255866,2016-02-09,-36300,54709
2016-02-16T00:00:00.000,BRITISH POUND STERLING - CHICAGO MERCANTILE EXCHANGE,36512,72767,204119,146560,260649,2016-02-16,-36255,57559
2016-02-23T00:00:00.000,BRITISH POUND STERLING - CHICAGO MERCANTILE EXCHANGE,35479,68547,198292,145504,257214,2016-02-23,-33068,52788
2016-03-01T00:00:00.000,BRITISH POUND STERLING - CHICAGO MERCANTILE EXCHANGE,38965,78343,214139,151755,275825,2016-03-01,-39378,62384
2016-03-08T00:00:00.000,BRITISH POUND STERLING - CHICAGO MERCANTILE EXCHANGE,29364,78369,234315,161633,299048,2016-03-08,-49005,72682
2016-03-15T00:00:00.000,BRITISH POUND STERLING - CHICAGO MERCANTILE EXCHANGE,62876,76495,174396,135467,253177,2016-03-15,-13619,38929
2016-03-22T00:00:00.000,BRITISH POUND STERLING - CHICAGO MERCANTILE EXCHANGE,38526,76249,191334,131544,246222,2016-03-22,-37723,59790
2016-03-29T00:00:00.000,BRITISH POUND STERLING - CHICAGO MERCANTILE EXCHANGE,38926,78954,193799,133293,250444,2016-03-29,-40028,60506
2016-04-05T00:00:00.000,BRITISH POUND STERLING - CHICAGO MERCANTILE EXCHANGE,39574,86080,192127,121227,247586,2016-04-05,-46506,70900
2016-04-12T00:00:00.000,BRITISH POUND STERLING - CHICAGO MERCANTILE EXCHANGE,33848,85158,185161,110980,236169,2016-04-12,-51310,74181
2016-04-19T00:00:00.000,BRITISH POUND STERLING - CHICAGO MERCANTILE EXCHANGE,32765,87917,182814,111795,238195,2016-04-19,-55152,71019
2016-04-26T00:00:00.000,BRITISH POUND STERLING - CHICAGO MERCANTILE EXCHANGE,40431,89100,182392,114786,243829,2016-04-26,-48669,67606
2016-05-03T00:00:00.000,BRITISH POUND STERLING - CHICAGO MERCANTILE EXCHANGE,46105,86513,179607,122729,248180,2016-05-03,-40408,56878
2016-05-10T00:00:00.000,BRITISH POUND STERLING - CHICAGO MERCANTILE EXCHANGE,37628,72563,181040,126018,238519,2016-05-10,-34935,55022
2016-05-17T00:00:00.000,BRITISH POUND STERLING - CHICAGO MERCANTILE EXCHANGE,37533,75955,181722,120787,239158,2016-05-17,-38422,60935
2016-05-24T00:00:00.000,BRITISH POUND STERLING - CHICAGO MERCANTILE EXCHANGE,38557,71392,179706,125675,244377,2016-05-24,-32835,54031
2016-05-31T00:00:00.000,BRITISH POUND STERLING - CHICAGO MERCANTILE EXCHANGE,36546,69397,180591,128607,243685,2016-05-31,-32851,51984
2016-06-07T00:00:00.000,BRITISH POUND STERLING - CHICAGO MERCANTILE EXCHANGE,36337,102636,186403,101964,259238,2016-06-07,-66299,84439
2016-06-14T00:00:00.000,BRITISH POUND STERLING - CHICAGO MERCANTILE EXCHANGE,61706,98367,124129,65518,206389,2016-06-14,-36661,58611
2016-06-21T00:00:00.000,BRITISH POUND STERLING - CHICAGO MERCANTILE EXCHANGE,41707,93654,134361,66143,199189,2016-06-21,-51947,68218
2016-06-28T00:00:00.000,BRITISH POUND STERLING - CHICAGO MERCANTILE EXCHANGE,43274,85985,137605,80565,206551,2016-06-28,-42711,57040
2016-07-05T00:00:00.000,BRITISH POUND STERLING - CHICAGO MERCANTILE EXCHANGE,45746,94777,154184,87801,227939,2016-07-05,-49031,66383
2016-07-12T00:00:00.000,BRITISH POUND STERLING - CHICAGO MERCANTILE EXCHANGE,39999,100066,170357,87219,236611,2016-07-12,-60067,83138
2016-07-19T00:00:00.000,BRITISH POUND STERLING - CHICAGO MERCANTILE EXCHANGE,27959,102345,171835,71248,225589,2016-07-19,-74386,100587
2016-07-26T00:00:00.000,BRITISH POUND STERLING - CHICAGO MERCANTILE EXCHANGE,29819,110391,177371,70629,231644,2016-07-26,-80572,106742
2016-08-02T00:00:00.000,BRITISH POUND STERLING - CHICAGO MERCANTILE EXCHANGE,33375,115890,177202,69554,233265,2016-08-02,-82515,107648
2016-08-09T00:00:00.000,BRITISH POUND STERLING - CHICAGO MERCANTILE EXCHANGE,35523,125605,181773,71182,243430,2016-08-09,-90082,110591
2016-08-16T00:00:00.000,BRITISH POUND STERLING - CHICAGO MERCANTILE EXCHANGE,35890,130128,187068,69903,248568,2016-08-16,-94238,117165
2016-08-23T00:00:00.000,BRITISH POUND STERLING - CHICAGO MERCANTILE EXCHANGE,35850,130828,183922,69342,247711,2016-08-23,-94978,114580
2016-08-30T00:00:00.000,BRITISH POUND STERLING - CHICAGO MERCANTILE EXCHANGE,39648,132133,185793,71339,248410,2016-08-30,-92485,114454
2016-09-06T00:00:00.000,BRITISH POUND STERLING - CHICAGO MERCANTILE EXCHANGE,38785,128754,184116,80132,255953,2016-09-06,-89969,103984
2016-09-13T00:00:00.000,BRITISH POUND STERLING - CHICAGO MERCANTILE EXCHANGE,40397,123218,175488,74438,252539,2016-09-13,-82821,101050
2016-09-20T00:00:00.000,BRITISH POUND STERLING - CHICAGO MERCANTILE EXCHANGE,69233,127919,145856,66688,237759,2016-09-20,-58686,79168
2016-09-27T00:00:00.000,BRITISH POUND STERLING - CHICAGO MERCANTILE EXCHANGE,48177,135891,165684,62428,239025,2016-09-27,-87714,103256
2016-10-04T00:00:00.000,BRITISH POUND STERLING - CHICAGO MERCANTILE EXCHANGE,56760,154332,173807,64008,262478,2016-10-04,-97572,109799
2016-10-11T00:00:00.000,BRITISH POUND STERLING - CHICAGO MERCANTILE EXCHANGE,50393,145863,168023,63307,255590,2016-10-11,-95470,104716
2016-10-18T00:00:00.000,BRITISH POUND STERLING - CHICAGO MERCANTILE EXCHANGE,52575,144133,166965,65199,255194,2016-10-18,-91558,101766
2016-10-25T00:00:00.000,BRITISH POUND STERLING - CHICAGO MERCANTILE EXCHANGE,63601,147563,169425,70630,267500,2016-10-25,-83962,98795
2016-11-01T00:00:00.000,BRITISH POUND STERLING - CHICAGO MERCANTILE EXCHANGE,63739,146700,169308,72743,267564,2016-11-01,-82961,96565
2016-11-08T00:00:00.000,BRITISH POUND STERLING - CHICAGO MERCANTILE EXCHANGE,53211,143056,169583,67841,253703,2016-11-08,-89845,101742
2016-11-15T00:00:00.000,BRITISH POUND STERLING - CHICAGO MERCANTILE EXCHANGE,54241,134554,164645,70318,248103,2016-11-15,-80313,94327
2016-11-22T00:00:00.000,BRITISH POUND STERLING - CHICAGO MERCANTILE EXCHANGE,54209,128527,159627,70784,242916,2016-11-22,-74318,88843
2016-11-29T00:00:00.000,BRITISH POUND STERLING - CHICAGO MERCANTILE EXCHANGE,50806,128941,162924,71541,244257,2016-11-29,-78135,91383
2016-12-06T00:00:00.000,BRITISH POUND STERLING - CHICAGO MERCANTILE EXCHANGE,43169,120407,165779,76140,243671,2016-12-06,-77238,89639
2016-12-13T00:00:00.000,BRITISH POUND STERLING - CHICAGO MERCANTILE EXCHANGE,40515,112858,160244,76404,237797,2016-12-13,-72343,83840
2016-12-20T00:00:00.000,BRITISH POUND STERLING - CHICAGO MERCANTILE EXCHANGE,44152,103502,137410,60917,205486,2016-12-20,-59350,76493
2016-12-27T00:00:00.000,BRITISH POUND STERLING - CHICAGO MERCANTILE EXCHANGE,50062,107161,138923,63441,212492,2016-12-27,-57099,75482
2017-01-03T00:00:00.000,BRITISH POUND STERLING - CHICAGO MERCANTILE EXCHANGE,55482,120224,143594,65682,225396,2017-01-03,-64742,77912
2017-01-10T00:00:00.000,BRITISH POUND STERLING - CHICAGO MERCANTILE EXCHANGE,56742,122573,143914,65855,228050,2017-01-10,-65831,78059
2017-01-17T00:00:00.000,BRITISH POUND STERLING - CHICAGO MERCANTILE EXCHANGE,55242,121484,144232,67053,228782,2017-01-17,-66242,77179
2017-01-24T00:00:00.000,BRITISH POUND STERLING - CHICAGO MERCANTILE EXCHANGE,51521,114693,142585,69560,223681,2017-01-24,-63172,73025
2017-01-31T00:00:00.000,BRITISH POUND STERLING - CHICAGO MERCANTILE EXCHANGE,42232,104004,138852,69077,211910,2017-01-31,-61772,69775
2017-02-07T00:00:00.000,BRITISH POUND STERLING - CHICAGO MERCANTILE EXCHANGE,38135,102674,143839,68760,211013,2017-02-07,-64539,75079
2017-02-14T00:00:00.000,BRITISH POUND STERLING - CHICAGO MERCANTILE EXCHANGE,39039,104567,143574,69947,212044,2017-02-14,-65528,73627
2017-02-21T00:00:00.000,BRITISH POUND STERLING - CHICAGO MERCANTILE EXCHANGE,38253,104605,144966,70114,213713,2017-02-21,-66352,74852
2017-02-28T00:00:00.000,BRITISH POUND STERLING - CHICAGO MERCANTILE EXCHANGE,43329,114000,151463,71641,226882,2017-02-28,-70671,79822
2017-03-07T00:00:00.000,BRITISH POUND STERLING - CHICAGO MERCANTILE EXCHANGE,61847,143284,167434,75097,262512,2017-03-07,-81437,92337
2017-03-14T00:00:00.000,BRITISH POUND STERLING - CHICAGO MERCANTILE EXCHANGE,42367,149484,187680,65561,259945,2017-03-14,-107117,122119
2017-03-21T00:00:00.000,BRITISH POUND STERLING - CHICAGO MERCANTILE EXCHANGE,32586,140430,187036,67165,252480,2017-03-21,-107844,119871
2017-03-28T00:00:00.000,BRITISH POUND STERLING - CHICAGO MERCANTILE EXCHANGE,35055,139130,178810,67604,246985,2017-03-28,-104075,111206
2017-04-04T00:00:00.000,BRITISH POUND STERLING - CHICAGO MERCANTILE EXCHANGE,30741,130414,178783,71911,241774,2017-04-04,-99673,106872
2017-04-11T00:00:00.000,BRITISH POUND STERLING - CHICAGO MERCANTILE EXCHANGE,31871,137772,183232,70802,244188,2017-04-11,-105901,112430
2017-04-18T00:00:00.000,BRITISH POUND STERLING - CHICAGO MERCANTILE EXCHANGE,48348,147838,180855,75643,261350,2017-04-18,-99490,105212
2017-04-25T00:00:00.000,BRITISH POUND STERLING - CHICAGO MERCANTILE EXCHANGE,54050,145232,175178,82897,261711,2017-04-25,-91182,92281
2017-05-02T00:00:00.000,BRITISH POUND STERLING - CHICAGO MERCANTILE EXCHANGE,54281,135645,174292,95760,267230,2017-05-02,-81364,78532
2017-05-09T00:00:00.000,BRITISH POUND STERLING - CHICAGO MERCANTILE EXCHANGE,44910,91708,174152,130262,257225,2017-05-09,-46798,43890
2017-05-16T00:00:00.000,BRITISH POUND STERLING - CHICAGO MERCANTILE EXCHANGE,48369,81364,170287,138282,256035,2017-05-16,-32995,32005
2017-05-23T00:00:00.000,BRITISH POUND STERLING - CHICAGO MERCANTILE EXCHANGE,49166,73033,169651,147172,256257,2017-05-23,-23867,22479
2017-05-30T00:00:00.000,BRITISH POUND STERLING - CHICAGO MERCANTILE EXCHANGE,45574,75225,174892,141427,254039,2017-05-30,-29651,33465
2017-06-06T00:00:00.000,BRITISH POUND STERLING - CHICAGO MERCANTILE EXCHANGE,40147,76863,171798,133050,248173,2017-06-06,-36716,38748
2017-06-13T00:00:00.000,BRITISH POUND STERLING - CHICAGO MERCANTILE EXCHANGE,40552,79993,171312,127420,269593,2017-06-13,-39441,43892
2017-06-20T00:00:00.000,BRITISH POUND STERLING - CHICAGO MERCANTILE EXCHANGE,50625,88229,111234,68958,194700,2017-06-20,-37604,42276
2017-06-27T00:00:00.000,BRITISH POUND STERLING - CHICAGO MERCANTILE EXCHANGE,43707,82840,112643,69449,187799,2017-06-27,-39133,43194
2017-07-03T00:00:00.000,BRITISH POUND STERLING - CHICAGO MERCANTILE EXCHANGE,54025,81792,108720,83969,201379,2017-07-03,-27767,24751
2017-07-11T00:00:00.000,BRITISH POUND STERLING - CHICAGO MERCANTILE EXCHANGE,46614,70752,109540,86546,193648,2017-07-11,-24138,22994
2017-07-18T00:00:00.000,BRITISH POUND STERLING - CHICAGO MERCANTILE EXCHANGE,50883,67356,108392,94589,200185,2017-07-18,-16473,13803
2017-07-25T00:00:00.000,BRITISH POUND STERLING - CHICAGO MERCANTILE EXCHANGE,52152,78349,108402,87244,200700,2017-07-25,-26197,21158
2017-08-01T00:00:00.000,BRITISH POUND STERLING - CHICAGO MERCANTILE EXCHANGE,58857,88309,111887,88780,217430,2017-08-01,-29452,23107
2017-08-08T00:00:00.000,BRITISH POUND STERLING - CHICAGO MERCANTILE EXCHANGE,58617,83777,108561,87823,208091,2017-08-08,-25160,20738
2017-08-15T00:00:00.000,BRITISH POUND STERLING - CHICAGO MERCANTILE EXCHANGE,63810,95670,112181,78906,213259,2017-08-15,-31860,33275
2017-08-22T00:00:00.000,BRITISH POUND STERLING - CHICAGO MERCANTILE EXCHANGE,61484,107384,118557,73564,216494,2017-08-22,-45900,44993
2017-08-29T00:00:00.000,BRITISH POUND STERLING - CHICAGO MERCANTILE EXCHANGE,60053,111608,128444,74303,224031,2017-08-29,-51555,54141
2017-09-05T00:00:00.000,BRITISH POUND STERLING - CHICAGO MERCANTILE EXCHANGE,54454,107381,124851,72606,219048,2017-09-05,-52927,52245
2017-09-12T00:00:00.000,BRITISH POUND STERLING - CHICAGO MERCANTILE EXCHANGE,68938,115023,148804,104335,273720,2017-09-12,-46085,44469
2017-09-19T00:00:00.000,BRITISH POUND STERLING - CHICAGO MERCANTILE EXCHANGE,76556,86717,80934,75089,202582,2017-09-19,-10161,5845
2017-09-26T00:00:00.000,BRITISH POUND STERLING - CHICAGO MERCANTILE EXCHANGE,80145,75091,66178,80987,195509,2017-09-26,5054,-14809
2017-10-03T00:00:00.000,BRITISH POUND STERLING - CHICAGO MERCANTILE EXCHANGE,80325,60376,47590,78951,174867,2017-10-03,19949,-31361
2017-10-10T00:00:00.000,BRITISH POUND STERLING - CHICAGO MERCANTILE EXCHANGE,79610,64102,60706,80641,181570,2017-10-10,15508,-19935
2017-10-17T00:00:00.000,BRITISH POUND STERLING - CHICAGO MERCANTILE EXCHANGE,72871,67824,73965,82580,186473,2017-10-17,5047,-8615
2017-10-24T00:00:00.000,BRITISH POUND STERLING - CHICAGO MERCANTILE EXCHANGE,66162,67647,80830,83812,188064,2017-10-24,-1485,-2982
2017-10-31T00:00:00.000,BRITISH POUND STERLING - CHICAGO MERCANTILE EXCHANGE,65482,64237,78103,83879,185123,2017-10-31,1245,-5776
2017-11-07T00:00:00.000,BRITISH POUND STERLING - CHICAGO MERCANTILE EXCHANGE,50403,59601,86580,81087,177968,2017-11-07,-9198,5493
2017-11-14T00:00:00.000,BRITISH POUND STERLING - CHICAGO MERCANTILE EXCHANGE,53147,57680,80930,82014,176727,2017-11-14,-4533,-1084
2017-11-21T00:00:00.000,BRITISH POUND STERLING - CHICAGO MERCANTILE EXCHANGE,58358,58658,75131,82274,175839,2017-11-21,-300,-7143
2017-11-28T00:00:00.000,BRITISH POUND STERLING - CHICAGO MERCANTILE EXCHANGE,66549,61976,69411,82682,178230,2017-11-28,4573,-13271
2017-12-05T00:00:00.000,BRITISH POUND STERLING - CHICAGO MERCANTILE EXCHANGE,89270,82864,63128,80222,202693,2017-12-05,6406,-17094
2017-12-12T00:00:00.000,BRITISH POUND STERLING - CHICAGO MERCANTILE EXCHANGE,82611,71223,79509,97451,208102,2017-12-12,11388,-17942
2017-12-19T00:00:00.000,BRITISH POUND STERLING - CHICAGO MERCANTILE EXCHANGE,77109,56721,69022,95854,183783,2017-12-19,20388,-26832
2017-12-26T00:00:00.000,BRITISH POUND STERLING - CHICAGO MERCANTILE EXCHANGE,76354,63678,75633,97500,190393,2017-12-26,12676,-21867
2018-01-02T00:00:00.000,BRITISH POUND STERLING - CHICAGO MERCANTILE EXCHANGE,93611,77376,74426,105193,211627,2018-01-02,16235,-30767
2018-01-09T00:00:00.000,BRITISH POUND STERLING - CHICAGO MERCANTILE EXCHANGE,85039,59547,73179,115234,203484,2018-01-09,25492,-42055
2018-01-16T00:00:00.000,BRITISH POUND STERLING - CHICAGO MERCANTILE EXCHANGE,84661,58457,91200,132697,218209,2018-01-16,26204,-41497
2018-01-23T00:00:00.000,BRITISH POUND STERLING - CHICAGO MERCANTILE EXCHANGE,99369,66324,93255,141666,236432,2018-01-23,33045,-48411
2018-01-30T00:00:00.000,BRITISH POUND STERLING - CHICAGO MERCANTILE EXCHANGE,95667,63926,90898,141541,235080,2018-01-30,31741,-50643
2018-02-06T00:00:00.000,BRITISH POUND STERLING - CHICAGO MERCANTILE EXCHANGE,81698,53831,90308,136816,216402,2018-02-06,27867,-46508
2018-02-13T00:00:00.000,BRITISH POUND STERLING - CHICAGO MERCANTILE EXCHANGE,64164,49224,85580,115995,193326,2018-02-13,14940,-30415
2018-02-20T00:00:00.000,BRITISH POUND STERLING - CHICAGO MERCANTILE EXCHANGE,57953,50150,87531,109673,188118,2018-02-20,7803,-22142
2018-02-27T00:00:00.000,BRITISH POUND STERLING - CHICAGO MERCANTILE EXCHANGE,62924,50237,89864,114904,196913,2018-02-27,12687,-25040
2018-03-06T00:00:00.000,BRITISH POUND STERLING - CHICAGO MERCANTILE EXCHANGE,61368,56104,93464,112586,197439,2018-03-06,5264,-19122
2018-03-13T00:00:00.000,BRITISH POUND STERLING - CHICAGO MERCANTILE EXCHANGE,67190,59163,95955,117488,206151,2018-03-13,8027,-21533
2018-03-20T00:00:00.000,BRITISH POUND STERLING - CHICAGO MERCANTILE EXCHANGE,71425,47618,50409,88059,159183,2018-03-20,23807,-37650
2018-03-27T00:00:00.000,BRITISH POUND STERLING - CHICAGO MERCANTILE EXCHANGE,90239,56063,45780,94274,176947,2018-03-27,34176,-48494
2018-04-03T00:00:00.000,BRITISH POUND STERLING - CHICAGO MERCANTILE EXCHANGE,86643,46305,45117,99602,172017,2018-04-03,40338,-54485
2018-04-10T00:00:00.000,BRITISH POUND STERLING - CHICAGO MERCANTILE EXCHANGE,95267,52251,46550,104428,182784,2018-04-10,43016,-57878
2018-04-17T00:00:00.000,BRITISH POUND STERLING - CHICAGO MERCANTILE EXCHANGE,113252,65550,47451,110975,205523,2018-04-17,47702,-63524
2018-04-24T00:00:00.000,BRITISH POUND STERLING - CHICAGO MERCANTILE EXCHANGE,90186,52821,52018,100901,183826,2018-04-24,37365,-48883
2018-05-01T00:00:00.000,BRITISH POUND STERLING - CHICAGO MERCANTILE EXCHANGE,84565,58193,70188,102142,194859,2018-05-01,26372,-31954
2018-05-08T00:00:00.000,BRITISH POUND STERLING - CHICAGO MERCANTILE EXCHANGE,62194,53206,84866,95246,188802,2018-05-08,8988,-10380
2018-05-15T00:00:00.000,BRITISH POUND STERLING - CHICAGO MERCANTILE EXCHANGE,61361,55740,91070,96114,190648,2018-05-15,5621,-5044
2018-05-22T00:00:00.000,BRITISH POUND STERLING - CHICAGO MERCANTILE EXCHANGE,56329,50628,89377,98005,186517,2018-05-22,5701,-8628
2018-05-29T00:00:00.000,BRITISH POUND STERLING - CHICAGO MERCANTILE EXCHANGE,71057,61580,97022,101233,205778,2018-05-29,9477,-4211
2018-06-05T00:00:00.000,BRITISH POUND STERLING - CHICAGO MERCANTILE EXCHANGE,78577,71232,125986,122187,239409,2018-06-05,7345,3799
2018-06-12T00:00:00.000,BRITISH POUND STERLING - CHICAGO MERCANTILE EXCHANGE,69254,58285,149396,149576,269609,2018-06-12,10969,-180
2018-06-19T00:00:00.000,BRITISH POUND STERLING - CHICAGO MERCANTILE EXCHANGE,46892,66098,94733,60941,172592,2018-06-19,-19206,33792
2018-06-26T00:00:00.000,BRITISH POUND STERLING - CHICAGO MERCANTILE EXCHANGE,41491,63072,97843,61296,169623,2018-06-26,-21581,36547
2018-07-03T00:00:00.000,BRITISH POUND STERLING - CHICAGO MERCANTILE EXCHANGE,43775,72556,113538,63906,184402,2018-07-03,-28781,49632
2018-07-10T00:00:00.000,BRITISH POUND STERLING - CHICAGO MERCANTILE EXCHANGE,32043,72446,116606,60409,178633,2018-07-10,-40403,56197
2018-07-17T00:00:00.000,BRITISH POUND STERLING - CHICAGO MERCANTILE EXCHANGE,40841,79593,116329,60642,187151,2018-07-17,-38752,55687
2018-07-24T00:00:00.000,BRITISH POUND STERLING - CHICAGO MERCANTILE EXCHANGE,32178,78921,132537,67416,191590,2018-07-24,-46743,65121
2018-07-31T00:00:00.000,BRITISH POUND STERLING - CHICAGO MERCANTILE EXCHANGE,35001,82387,129761,68169,190296,2018-07-31,-47386,61592
2018-08-07T00:00:00.000,BRITISH POUND STERLING - CHICAGO MERCANTILE EXCHANGE,43930,102782,148285,72046,219746,2018-08-07,-58852,76239
2018-08-14T00:00:00.000,BRITISH POUND STERLING - CHICAGO MERCANTILE EXCHANGE,60028,120769,158369,73815,245490,2018-08-14,-60741,84554
2018-08-21T00:00:00.000,BRITISH POUND STERLING - CHICAGO MERCANTILE EXCHANGE,68091,140429,172960,75683,267219,2018-08-21,-72338,97277
2018-08-28T00:00:00.000,BRITISH POUND STERLING - CHICAGO MERCANTILE EXCHANGE,58662,135590,173709,76751,260228,2018-08-28,-76928,96958
2018-09-04T00:00:00.000,BRITISH POUND STERLING - CHICAGO MERCANTILE EXCHANGE,64040,133653,171837,80535,261700,2018-09-04,-69613,91302
2018-09-11T00:00:00.000,BRITISH POUND STERLING - CHICAGO MERCANTILE EXCHANGE,65982,127161,182513,99316,279503,2018-09-11,-61179,83197
2018-09-18T00:00:00.000,BRITISH POUND STERLING - CHICAGO MERCANTILE EXCHANGE,32856,112114,175480,71793,229637,2018-09-18,-79258,103687
2018-09-25T00:00:00.000,BRITISH POUND STERLING - CHICAGO MERCANTILE EXCHANGE,34768,101846,167336,78909,225082,2018-09-25,-67078,88427
2018-10-02T00:00:00.000,BRITISH POUND STERLING - CHICAGO MERCANTILE EXCHANGE,30786,90126,157189,78524,210495,2018-10-02,-59340,78665
2018-10-09T00:00:00.000,BRITISH POUND STERLING - CHICAGO MERCANTILE EXCHANGE,30186,90693,154862,78777,210549,2018-10-09,-60507,76085
2018-10-16T00:00:00.000,BRITISH POUND STERLING - CHICAGO MERCANTILE EXCHANGE,32153,82506,152950,86549,210108,2018-10-16,-50353,66401
2018-10-23T00:00:00.000,BRITISH POUND STERLING - CHICAGO MERCANTILE EXCHANGE,33299,80296,161058,94529,221303,2018-10-23,-46997,66529
2018-10-30T00:00:00.000,BRITISH POUND STERLING - CHICAGO MERCANTILE EXCHANGE,35778,88260,166998,94828,233339,2018-10-30,-52482,72170
2018-11-06T00:00:00.000,BRITISH POUND STERLING - CHICAGO MERCANTILE EXCHANGE,31670,88469,163402,93533,227514,2018-11-06,-56799,69869
2018-11-13T00:00:00.000,BRITISH POUND STERLING - CHICAGO MERCANTILE EXCHANGE,38606,85713,159325,102203,229052,2018-11-13,-47107,57122
2018-11-20T00:00:00.000,BRITISH POUND STERLING - CHICAGO MERCANTILE EXCHANGE,37710,81188,160553,103053,227556,2018-11-20,-43478,57500
2018-11-27T00:00:00.000,BRITISH POUND STERLING - CHICAGO MERCANTILE EXCHANGE,37930,77080,158469,106326,227895,2018-11-27,-39150,52143
2018-12-04T00:00:00.000,BRITISH POUND STERLING - CHICAGO MERCANTILE EXCHANGE,43935,83685,161195,102075,235704,2018-12-04,-39750,59120
2018-12-11T00:00:00.000,BRITISH POUND STERLING - CHICAGO MERCANTILE EXCHANGE,47649,90068,176859,115270,255703,2018-12-11,-42419,61589
2018-12-18T00:00:00.000,BRITISH POUND STERLING - CHICAGO MERCANTILE EXCHANGE,29162,89885,153733,74345,204948,2018-12-18,-60723,79388
2018-12-24T00:00:00.000,BRITISH POUND STERLING - CHICAGO MERCANTILE EXCHANGE,35076,91555,155098,79309,212023,2018-12-24,-56479,75789
2018-12-31T00:00:00.000,BRITISH POUND STERLING - CHICAGO MERCANTILE EXCHANGE,35782,92696,155005,79081,212470,2018-12-31,-56914,75924
2019-01-08T00:00:00.000,BRITISH POUND STERLING - CHICAGO MERCANTILE EXCHANGE,27670,87762,158512,82372,210800,2019-01-08,-60092,76140
2019-01-15T00:00:00.000,BRITISH POUND STERLING - CHICAGO MERCANTILE EXCHANGE,31061,91537,164447,88127,219326,2019-01-15,-60476,76320
2019-01-22T00:00:00.000,BRITISH POUND STERLING - CHICAGO MERCANTILE EXCHANGE,30050,82161,152335,87722,210645,2019-01-22,-52111,64613
2019-01-29T00:00:00.000,BRITISH POUND STERLING - CHICAGO MERCANTILE EXCHANGE,39271,74467,137331,94119,206696,2019-01-29,-35196,43212
2019-02-05T00:00:00.000,BRITISH POUND STERLING - CHICAGO MERCANTILE EXCHANGE,35111,68855,132536,90121,196616,2019-02-05,-33744,42415
2019-02-12T00:00:00.000,BRITISH POUND STERLING - CHICAGO MERCANTILE EXCHANGE,30720,73664,137850,83218,194998,2019-02-12,-42944,54632
2019-02-19T00:00:00.000,BRITISH POUND STERLING - CHICAGO MERCANTILE EXCHANGE,33266,80794,140744,82340,201904,2019-02-19,-47528,58404
2019-02-26T00:00:00.000,BRITISH POUND STERLING - CHICAGO MERCANTILE EXCHANGE,39743,79006,129876,86931,202065,2019-02-26,-39263,42945
2019-03-05T00:00:00.000,BRITISH POUND STERLING - CHICAGO MERCANTILE EXCHANGE,34620,69549,127991,86092,193497,2019-03-05,-34929,41899
2019-03-12T00:00:00.000,BRITISH POUND STERLING - CHICAGO MERCANTILE EXCHANGE,29927,66623,127752,85615,191938,2019-03-12,-36696,42137
2019-03-19T00:00:00.000,BRITISH POUND STERLING - CHICAGO MERCANTILE EXCHANGE,30157,43931,79962,65149,140283,2019-03-19,-13774,14813
2019-03-26T00:00:00.000,BRITISH POUND STERLING - CHICAGO MERCANTILE EXCHANGE,33638,42220,79128,68910,142957,2019-03-26,-8582,10218
2019-04-02T00:00:00.000,BRITISH POUND STERLING - CHICAGO MERCANTILE EXCHANGE,39423,49354,78574,64457,147431,2019-04-02,-9931,14117
2019-04-09T00:00:00.000,BRITISH POUND STERLING - CHICAGO MERCANTILE EXCHANGE,36260,42776,75826,66519,142525,2019-04-09,-6516,9307
2019-04-16T00:00:00.000,BRITISH POUND STERLING - CHICAGO MERCANTILE EXCHANGE,45932,45010,70687,71595,148202,2019-04-16,922,-908
2019-04-23T00:00:00.000,BRITISH POUND STERLING - CHICAGO MERCANTILE EXCHANGE,54522,56357,72862,63973,157851,2019-04-23,-1835,8889
2019-04-30T00:00:00.000,BRITISH POUND STERLING - CHICAGO MERCANTILE EXCHANGE,51577,56245,80506,67739,161764,2019-04-30,-4668,12767
2019-05-07T00:00:00.000,BRITISH POUND STERLING - CHICAGO MERCANTILE EXCHANGE,45232,52111,80034,66261,154991,2019-05-07,-6879,13773
2019-05-14T00:00:00.000,BRITISH POUND STERLING - CHICAGO MERCANTILE EXCHANGE,49332,52650,79235,67252,156893,2019-05-14,-3318,11983
2019-05-21T00:00:00.000,BRITISH POUND STERLING - CHICAGO MERCANTILE EXCHANGE,45638,71790,111772,75175,190191,2019-05-21,-26152,36597
2019-05-28T00:00:00.000,BRITISH POUND STERLING - CHICAGO MERCANTILE EXCHANGE,51796,83792,130329,81944,213930,2019-05-28,-31996,48385
2019-06-04T00:00:00.000,BRITISH POUND STERLING - CHICAGO MERCANTILE EXCHANGE,41998,89760,146295,82794,220728,2019-06-04,-47762,63501
2019-06-11T00:00:00.000,BRITISH POUND STERLING - CHICAGO MERCANTILE EXCHANGE,33761,78562,152966,92923,221181,2019-06-11,-44801,60043
2019-06-18T00:00:00.000,BRITISH POUND STERLING - CHICAGO MERCANTILE EXCHANGE,33155,85719,145152,77424,210421,2019-06-18,-52564,67728
2019-06-25T00:00:00.000,BRITISH POUND STERLING - CHICAGO MERCANTILE EXCHANGE,32059,90996,142565,75134,207543,2019-06-25,-58937,67431
2019-07-02T00:00:00.000,BRITISH POUND STERLING - CHICAGO MERCANTILE EXCHANGE,33647,97891,158837,80904,224591,2019-07-02,-64244,77933
2019-07-09T00:00:00.000,BRITISH POUND STERLING - CHICAGO MERCANTILE EXCHANGE,36232,109214,181197,86378,247048,2019-07-09,-72982,94819
2019-07-16T00:00:00.000,BRITISH POUND STERLING - CHICAGO MERCANTILE EXCHANGE,35190,111547,186194,89850,253464,2019-07-16,-76357,96344
2019-07-23T00:00:00.000,BRITISH POUND STERLING - CHICAGO MERCANTILE EXCHANGE,31935,110518,186280,84469,248063,2019-07-23,-78583,101811
2019-07-30T00:00:00.000,BRITISH POUND STERLING - CHICAGO MERCANTILE EXCHANGE,41367,131517,200508,91446,275984,2019-07-30,-90150,109062
2019-08-06T00:00:00.000,BRITISH POUND STERLING - CHICAGO MERCANTILE EXCHANGE,44716,147418,217107,98207,296904,2019-08-06,-102702,118900
2019-08-13T00:00:00.000,BRITISH POUND STERLING - CHICAGO MERCANTILE EXCHANGE,33405,129225,207577,95331,273931,2019-08-13,-95820,112246
2019-08-20T00:00:00.000,BRITISH POUND STERLING - CHICAGO MERCANTILE EXCHANGE,33405,125823,209548,94037,273481,2019-08-20,-92418,115511
2019-08-27T00:00:00.000,BRITISH POUND STERLING - CHICAGO MERCANTILE EXCHANGE,38143,127171,206475,90595,273650,2019-08-27,-89028,115880
2019-09-03T00:00:00.000,BRITISH POUND STERLING - CHICAGO MERCANTILE EXCHANGE,38695,123654,200362,92045,272396,2019-09-03,-84959,108317
2019-09-10T00:00:00.000,BRITISH POUND STERLING - CHICAGO MERCANTILE EXCHANGE,37903,130136,207848,96424,283161,2019-09-10,-92233,111424
2019-09-17T00:00:00.000,BRITISH POUND STERLING - CHICAGO MERCANTILE EXCHANGE,21332,107456,180897,77773,230609,2019-09-17,-86124,103124
2019-09-24T00:00:00.000,BRITISH POUND STERLING - CHICAGO MERCANTILE EXCHANGE,24446,105241,183185,84578,236081,2019-09-24,-80795,98607
2019-10-01T00:00:00.000,BRITISH POUND STERLING - CHICAGO MERCANTILE EXCHANGE,27916,105008,181676,86780,238392,2019-10-01,-77092,94896
2019-10-08T00:00:00.000,BRITISH POUND STERLING - CHICAGO MERCANTILE EXCHANGE,29482,102701,191313,96609,246896,2019-10-08,-73219,94704
2019-10-15T00:00:00.000,BRITISH POUND STERLING - CHICAGO MERCANTILE EXCHANGE,25431,98383,187491,103115,243309,2019-10-15,-72952,84376
2019-10-22T00:00:00.000,BRITISH POUND STERLING - CHICAGO MERCANTILE EXCHANGE,35749,88189,162541,103465,230224,2019-10-22,-52440,59076
2019-10-29T00:00:00.000,BRITISH POUND STERLING - CHICAGO MERCANTILE EXCHANGE,43157,75572,139336,101750,214406,2019-10-29,-32415,37586
2019-11-05T00:00:00.000,BRITISH POUND STERLING - CHICAGO MERCANTILE EXCHANGE,40984,70019,132041,100069,206317,2019-11-05,-29035,31972
2019-11-12T00:00:00.000,BRITISH POUND STERLING - CHICAGO MERCANTILE EXCHANGE,40348,68481,136814,106039,209312,2019-11-12,-28133,30775
2019-11-19T00:00:00.000,BRITISH POUND STERLING - CHICAGO MERCANTILE EXCHANGE,39205,71108,141288,111145,218042,2019-11-19,-31903,30143
2019-11-26T00:00:00.000,BRITISH POUND STERLING - CHICAGO MERCANTILE EXCHANGE,38646,75222,149337,109855,223181,2019-11-26,-36576,39482
2019-12-03T00:00:00.000,BRITISH POUND STERLING - CHICAGO MERCANTILE EXCHANGE,47755,77805,151535,121233,236714,2019-12-03,-30050,30302
2019-12-10T00:00:00.000,BRITISH POUND STERLING - CHICAGO MERCANTILE EXCHANGE,51920,74559,154988,138534,256553,2019-12-10,-22639,16454
2019-12-17T00:00:00.000,BRITISH POUND STERLING - CHICAGO MERCANTILE EXCHANGE,59311,65091,104881,105273,201586,2019-12-17,-5780,-392
2019-12-24T00:00:00.000,BRITISH POUND STERLING - CHICAGO MERCANTILE EXCHANGE,68574,59877,98829,117972,206283,2019-12-24,8697,-19143
2019-12-31T00:00:00.000,BRITISH POUND STERLING - CHICAGO MERCANTILE EXCHANGE,64574,52181,97705,118255,206784,2019-12-31,12393,-20550
2020-01-07T00:00:00.000,BRITISH POUND STERLING - CHICAGO MERCANTILE EXCHANGE,67403,50893,88398,116133,197490,2020-01-07,16510,-27735
2020-01-14T00:00:00.000,BRITISH POUND STERLING - CHICAGO MERCANTILE EXCHANGE,68816,37284,89932,127209,196536,2020-01-14,31532,-37277
2020-01-21T00:00:00.000,BRITISH POUND STERLING - CHICAGO MERCANTILE EXCHANGE,64256,39334,91212,123849,194625,2020-01-21,24922,-32637
2020-01-28T00:00:00.000,BRITISH POUND STERLING - CHICAGO MERCANTILE EXCHANGE,61887,44198,104061,123497,203169,2020-01-28,17689,-19436
2020-02-04T00:00:00.000,BRITISH POUND STERLING - CHICAGO MERCANTILE EXCHANGE,59659,46672,110198,127204,208165,2020-02-04,12987,-17006
2020-02-11T00:00:00.000,BRITISH POUND STERLING - CHICAGO MERCANTILE EXCHANGE,65006,43922,107906,133105,212228,2020-02-11,21084,-25199
2020-02-18T00:00:00.000,BRITISH POUND STERLING - CHICAGO MERCANTILE EXCHANGE,72784,43526,104712,138894,216933,2020-02-18,29258,-34182
2020-02-25T00:00:00.000,BRITISH POUND STERLING - CHICAGO MERCANTILE EXCHANGE,72667,43069,101927,136111,211321,2020-02-25,29598,-34184
2020-03-03T00:00:00.000,BRITISH POUND STERLING - CHICAGO MERCANTILE EXCHANGE,76063,40901,100855,133529,214672,2020-03-03,35162,-32674
2020-03-10T00:00:00.000,BRITISH POUND STERLING - CHICAGO MERCANTILE EXCHANGE,56077,29749,121960,153650,214185,2020-03-10,26328,-31690
2020-03-17T00:00:00.000,BRITISH POUND STERLING - CHICAGO MERCANTILE EXCHANGE,56575,37935,100164,118536,182109,2020-03-17,18640,-18372
2020-03-24T00:00:00.000,BRITISH POUND STERLING - CHICAGO MERCANTILE EXCHANGE,46534,35650,110975,110500,179552,2020-03-24,10884,475
2020-03-31T00:00:00.000,BRITISH POUND STERLING - CHICAGO MERCANTILE EXCHANGE,37149,32156,107046,102567,165226,2020-03-31,4993,4479
2020-04-07T00:00:00.000,BRITISH POUND STERLING - CHICAGO MERCANTILE EXCHANGE,31254,27561,96711,93785,150318,2020-04-07,3693,2926
2020-04-14T00:00:00.000,BRITISH POUND STERLING - CHICAGO MERCANTILE EXCHANGE,30287,27055,98814,94975,153088,2020-04-14,3232,3839
2020-04-21T00:00:00.000,BRITISH POUND STERLING - CHICAGO MERCANTILE EXCHANGE,29527,30907,106820,95218,158788,2020-04-21,-1380,11602
2020-04-28T00:00:00.000,BRITISH POUND STERLING - CHICAGO MERCANTILE EXCHANGE,31466,38147,109022,91214,162868,2020-04-28,-6681,17808
2020-05-05T00:00:00.000,BRITISH POUND STERLING - CHICAGO MERCANTILE EXCHANGE,28096,40101,109737,86530,161083,2020-05-05,-12005,23207
2020-05-12T00:00:00.000,BRITISH POUND STERLING - CHICAGO MERCANTILE EXCHANGE,31525,45213,112483,84337,166568,2020-05-12,-13688,28146
2020-05-19T00:00:00.000,BRITISH POUND STERLING - CHICAGO MERCANTILE EXCHANGE,35810,54799,120800,87501,179734,2020-05-19,-18989,33299
2020-05-26T00:00:00.000,BRITISH POUND STERLING - CHICAGO MERCANTILE EXCHANGE,39192,61449,124256,88967,188650,2020-05-26,-22257,35289
2020-06-02T00:00:00.000,BRITISH POUND STERLING - CHICAGO MERCANTILE EXCHANGE,26970,63014,136633,92230,190138,2020-06-02,-36044,44403
2020-06-09T00:00:00.000,BRITISH POUND STERLING - CHICAGO MERCANTILE EXCHANGE,28893,52941,127992,93880,185606,2020-06-09,-24048,34112
2020-06-16T00:00:00.000,BRITISH POUND STERLING - CHICAGO MERCANTILE EXCHANGE,29378,45376,116810,87746,166808,2020-06-16,-15998,29064
2020-06-23T00:00:00.000,BRITISH POUND STERLING - CHICAGO MERCANTILE EXCHANGE,29654,48170,117032,89355,170455,2020-06-23,-18516,27677
2020-06-30T00:00:00.000,BRITISH POUND STERLING - CHICAGO MERCANTILE EXCHANGE,34424,55414,127993,94316,186144,2020-06-30,-20990,33677
2020-07-07T00:00:00.000,BRITISH POUND STERLING - CHICAGO MERCANTILE EXCHANGE,39892,56300,116764,90146,180696,2020-07-07,-16408,26618
2020-07-14T00:00:00.000,BRITISH POUND STERLING - CHICAGO MERCANTILE EXCHANGE,43175,56761,111449,88541,179340,2020-07-14,-13586,22908
2020-07-21T00:00:00.000,BRITISH POUND STERLING - CHICAGO MERCANTILE EXCHANGE,46230,61310,105310,84876,180337,2020-07-21,-15080,20434
2020-07-28T00:00:00.000,BRITISH POUND STERLING - CHICAGO MERCANTILE EXCHANGE,39329,64738,109806,81401,178912,2020-07-28,-25409,28405
2020-08-04T00:00:00.000,BRITISH POUND STERLING - CHICAGO MERCANTILE EXCHANGE,45977,60704,97040,84599,176728,2020-08-04,-14727,12441
2020-08-11T00:00:00.000,BRITISH POUND STERLING - CHICAGO MERCANTILE EXCHANGE,48053,50874,95806,96998,179071,2020-08-11,-2821,-1192
2020-08-18T00:00:00.000,BRITISH POUND STERLING - CHICAGO MERCANTILE EXCHANGE,54310,47806,93117,110889,187043,2020-08-18,6504,-17772
2020-08-25T00:00:00.000,BRITISH POUND STERLING - CHICAGO MERCANTILE EXCHANGE,45390,39790,92696,106546,175363,2020-08-25,5600,-13850
2020-09-01T00:00:00.000,BRITISH POUND STERLING - CHICAGO MERCANTILE EXCHANGE,49213,42901,93942,114063,186588,2020-09-01,6312,-20121
2020-09-08T00:00:00.000,BRITISH POUND STERLING - CHICAGO MERCANTILE EXCHANGE,46590,33860,111518,127170,197524,2020-09-08,12730,-15652
2020-09-15T00:00:00.000,BRITISH POUND STERLING - CHICAGO MERCANTILE EXCHANGE,43801,41508,72246,81090,149989,2020-09-15,2293,-8844
2020-09-22T00:00:00.000,BRITISH POUND STERLING - CHICAGO MERCANTILE EXCHANGE,43487,40523,77199,81786,152613,2020-09-22,2964,-4587
2020-09-29T00:00:00.000,BRITISH POUND STERLING - CHICAGO MERCANTILE EXCHANGE,39216,51961,88988,78464,159049,2020-09-29,-12745,10524
2020-10-06T00:00:00.000,BRITISH POUND STERLING - CHICAGO MERCANTILE EXCHANGE,40698,51996,88441,76075,156467,2020-10-06,-11298,12366
2020-10-13T00:00:00.000,BRITISH POUND STERLING - CHICAGO MERCANTILE EXCHANGE,36195,45997,83165,72738,148279,2020-10-13,-9802,10427
2020-10-20T00:00:00.000,BRITISH POUND STERLING - CHICAGO MERCANTILE EXCHANGE,39836,41836,80189,75863,146356,2020-10-20,-2000,4326
2020-10-27T00:00:00.000,BRITISH POUND STERLING - CHICAGO MERCANTILE EXCHANGE,31799,38459,78492,71539,139984,2020-10-27,-6660,6953
2020-11-03T00:00:00.000,BRITISH POUND STERLING - CHICAGO MERCANTILE EXCHANGE,27701,38928,86101,72747,140437,2020-11-03,-11227,13354
2020-11-10T00:00:00.000,BRITISH POUND STERLING - CHICAGO MERCANTILE EXCHANGE,27872,45567,85903,67487,141346,2020-11-10,-17695,18416
2020-11-17T00:00:00.000,BRITISH POUND STERLING - CHICAGO MERCANTILE EXCHANGE,27454,47200,81874,65217,139010,2020-11-17,-19746,16657
2020-11-24T00:00:00.000,BRITISH POUND STERLING - CHICAGO MERCANTILE EXCHANGE,30838,47968,78518,67942,142958,2020-11-24,-17130,10576
2020-12-01T00:00:00.000,BRITISH POUND STERLING - CHICAGO MERCANTILE EXCHANGE,37087,44986,74334,73022,146966,2020-12-01,-7899,1312
2020-12-08T00:00:00.000,BRITISH POUND STERLING - CHICAGO MERCANTILE EXCHANGE,39344,33634,88382,100127,164184,2020-12-08,5710,-11745
2020-12-15T00:00:00.000,BRITISH POUND STERLING - CHICAGO MERCANTILE EXCHANGE,35128,31060,72757,84108,142242,2020-12-15,4068,-11351
2020-12-21T00:00:00.000,BRITISH POUND STERLING - CHICAGO MERCANTILE EXCHANGE,37550,31518,74009,85967,144606,2020-12-21,6032,-11958
2020-12-29T00:00:00.000,BRITISH POUND STERLING - CHICAGO MERCANTILE EXCHANGE,35735,30903,70355,82782,139870,2020-12-29,4832,-12427
2021-01-05T00:00:00.000,BRITISH POUND STERLING - CHICAGO MERCANTILE EXCHANGE,35526,31861,71685,84224,143209,2021-01-05,3665,-12539
2021-01-12T00:00:00.000,BRITISH POUND STERLING - CHICAGO MERCANTILE EXCHANGE,47935,34993,66808,92479,152924,2021-01-12,12942,-25671
2021-01-19T00:00:00.000,BRITISH POUND STERLING - CHICAGO MERCANTILE EXCHANGE,45904,32199,66734,90441,147096,2021-01-19,13705,-23707
2021-01-26T00:00:00.000,BRITISH POUND STERLING - CHICAGO MERCANTILE EXCHANGE,47360,39395,68827,88037,154558,2021-01-26,7965,-19210
2021-02-02T00:00:00.000,BRITISH POUND STERLING - CHICAGO MERCANTILE EXCHANGE,53658,44042,72034,90557,161100,2021-02-02,9616,-18523
2021-02-09T00:00:00.000,BRITISH POUND STERLING - CHICAGO MERCANTILE EXCHANGE,60513,39395,65969,102470,170161,2021-02-09,21118,-36501
2021-02-16T00:00:00.000,BRITISH POUND STERLING - CHICAGO MERCANTILE EXCHANGE,60269,38102,67674,105532,171218,2021-02-16,22167,-37858
2021-02-23T00:00:00.000,BRITISH POUND STERLING - CHICAGO MERCANTILE EXCHANGE,68266,37288,66953,111588,176721,2021-02-23,30978,-44635
2021-03-02T00:00:00.000,BRITISH POUND STERLING - CHICAGO MERCANTILE EXCHANGE,65138,29056,65635,113805,169363,2021-03-02,36082,-48170
2021-03-09T00:00:00.000,BRITISH POUND STERLING - CHICAGO MERCANTILE EXCHANGE,61271,27360,78946,123300,181373,2021-03-09,33911,-44354
2021-03-16T00:00:00.000,BRITISH POUND STERLING - CHICAGO MERCANTILE EXCHANGE,55190,26590,55771,96862,148035,2021-03-16,28600,-41091
2021-03-23T00:00:00.000,BRITISH POUND STERLING - CHICAGO MERCANTILE EXCHANGE,51843,30024,57492,90206,146112,2021-03-23,21819,-32714
2021-03-30T00:00:00.000,BRITISH POUND STERLING - CHICAGO MERCANTILE EXCHANGE,47222,22263,57584,89164,139779,2021-03-30,24959,-31580
2021-04-06T00:00:00.000,BRITISH POUND STERLING - CHICAGO MERCANTILE EXCHANGE,45270,25319,59714,89841,140556,2021-04-06,19951,-30127
2021-04-13T00:00:00.000,BRITISH POUND STERLING - CHICAGO MERCANTILE EXCHANGE,52851,27261,57154,97200,148785,2021-04-13,25590,-40046
2021-04-20T00:00:00.000,BRITISH POUND STERLING - CHICAGO MERCANTILE EXCHANGE,61053,35875,60909,106105,164246,2021-04-20,25178,-45196
2021-04-27T00:00:00.000,BRITISH POUND STERLING - CHICAGO MERCANTILE EXCHANGE,59917,30699,60835,108169,161251,2021-04-27,29218,-47334
2021-05-04T00:00:00.000,BRITISH POUND STERLING - CHICAGO MERCANTILE EXCHANGE,52262,32414,59055,97048,152741,2021-05-04,19848,-37993
2021-05-11T00:00:00.000,BRITISH POUND STERLING - CHICAGO MERCANTILE EXCHANGE,64947,36771,63539,113115,173960,2021-05-11,28176,-49576
2021-05-18T00:00:00.000,BRITISH POUND STERLING - CHICAGO MERCANTILE EXCHANGE,63027,38127,66577,112181,173146,2021-05-18,24900,-45604
2021-05-25T00:00:00.000,BRITISH POUND STERLING - CHICAGO MERCANTILE EXCHANGE,64193,33534,63058,113248,169372,2021-05-25,30659,-50190
2021-06-01T00:00:00.000,BRITISH POUND STERLING - CHICAGO MERCANTILE EXCHANGE,64204,40079,67004,110204,174502,2021-06-01,24125,-43200
2021-06-08T00:00:00.000,BRITISH POUND STERLING - CHICAGO MERCANTILE EXCHANGE,59238,31524,67888,112231,171602,2021-06-08,27714,-44343
2021-06-15T00:00:00.000,BRITISH POUND STERLING - CHICAGO MERCANTILE EXCHANGE,55203,23033,61123,111006,156059,2021-06-15,32170,-49883
2021-06-22T00:00:00.000,BRITISH POUND STERLING - CHICAGO MERCANTILE EXCHANGE,51445,33518,85169,111747,171280,2021-06-22,17927,-26578
2021-06-29T00:00:00.000,BRITISH POUND STERLING - CHICAGO MERCANTILE EXCHANGE,51596,33873,82559,111907,169230,2021-06-29,17723,-29348
2021-07-06T00:00:00.000,BRITISH POUND STERLING - CHICAGO MERCANTILE EXCHANGE,57232,35329,88387,113822,178783,2021-07-06,21903,-25435
2021-07-13T00:00:00.000,BRITISH POUND STERLING - CHICAGO MERCANTILE EXCHANGE,44686,36717,94672,107227,172345,2021-07-13,7969,-12555
2021-07-20T00:00:00.000,BRITISH POUND STERLING - CHICAGO MERCANTILE EXCHANGE,44223,47720,114031,110299,188787,2021-07-20,-3497,3732
2021-07-27T00:00:00.000,BRITISH POUND STERLING - CHICAGO MERCANTILE EXCHANGE,41194,46878,115831,108203,185373,2021-07-27,-5684,7628
2021-08-03T00:00:00.000,BRITISH POUND STERLING - CHICAGO MERCANTILE EXCHANGE,43119,43205,106522,109484,180873,2021-08-03,-86,-2962
2021-08-10T00:00:00.000,BRITISH POUND STERLING - CHICAGO MERCANTILE EXCHANGE,44750,37680,101835,111098,178875,2021-08-10,7070,-9263
2021-08-17T00:00:00.000,BRITISH POUND STERLING - CHICAGO MERCANTILE EXCHANGE,41898,37247,103667,107721,178385,2021-08-17,4651,-4054
2021-08-24T00:00:00.000,BRITISH POUND STERLING - CHICAGO MERCANTILE EXCHANGE,39489,56234,128248,109077,196366,2021-08-24,-16745,19171
2021-08-31T00:00:00.000,BRITISH POUND STERLING - CHICAGO MERCANTILE EXCHANGE,36544,51444,126407,111972,194010,2021-08-31,-14900,14435
2021-09-07T00:00:00.000,BRITISH POUND STERLING - CHICAGO MERCANTILE EXCHANGE,29348,53872,132783,112517,201389,2021-09-07,-24524,20266
2021-09-14T00:00:00.000,BRITISH POUND STERLING - CHICAGO MERCANTILE EXCHANGE,44161,39371,65679,78756,142607,2021-09-14,4790,-13077
2021-09-21T00:00:00.000,BRITISH POUND STERLING - CHICAGO MERCANTILE EXCHANGE,51910,52128,79287,78214,159908,2021-09-21,-218,1073
2021-09-28T00:00:00.000,BRITISH POUND STERLING - CHICAGO MERCANTILE EXCHANGE,57923,55959,83471,80060,171773,2021-09-28,1964,3411
2021-10-05T00:00:00.000,BRITISH POUND STERLING - CHICAGO MERCANTILE EXCHANGE,48137,68155,105899,80223,182338,2021-10-05,-20018,25676
2021-10-12T00:00:00.000,BRITISH POUND STERLING - CHICAGO MERCANTILE EXCHANGE,46794,58773,98512,78321,172829,2021-10-12,-11979,20191
2021-10-19T00:00:00.000,BRITISH POUND STERLING - CHICAGO MERCANTILE EXCHANGE,49112,47497,79459,81840,158961,2021-10-19,1615,-2381
2021-10-26T00:00:00.000,BRITISH POUND STERLING - CHICAGO MERCANTILE EXCHANGE,51912,36959,74688,88348,156495,2021-10-26,14953,-13660
2021-11-02T00:00:00.000,BRITISH POUND STERLING - CHICAGO MERCANTILE EXCHANGE,57255,42208,78420,90152,166780,2021-11-02,15047,-11732
2021-11-09T00:00:00.000,BRITISH POUND STERLING - CHICAGO MERCANTILE EXCHANGE,54004,66097,101492,83944,186898,2021-11-09,-12093,17548
2021-11-16T00:00:00.000,BRITISH POUND STERLING - CHICAGO MERCANTILE EXCHANGE,50443,82042,127197,86015,207099,2021-11-16,-31599,41182
2021-11-23T00:00:00.000,BRITISH POUND STERLING - CHICAGO MERCANTILE EXCHANGE,50122,84701,133888,88085,213313,2021-11-23,-34579,45803
2021-11-30T00:00:00.000,BRITISH POUND STERLING - CHICAGO MERCANTILE EXCHANGE,52099,90998,149168,95396,230423,2021-11-30,-38899,53772
2021-12-07T00:00:00.000,BRITISH POUND STERLING - CHICAGO MERCANTILE EXCHANGE,48950,87227,160312,105688,238310,2021-12-07,-38277,54624
2021-12-14T00:00:00.000,BRITISH POUND STERLING - CHICAGO MERCANTILE EXCHANGE,29497,80245,162359,91919,213210,2021-12-14,-50748,70440
2021-12-21T00:00:00.000,BRITISH POUND STERLING - CHICAGO MERCANTILE EXCHANGE,20824,78510,163619,92495,207747,2021-12-21,-57686,71124
2021-12-28T00:00:00.000,BRITISH POUND STERLING - CHICAGO MERCANTILE EXCHANGE,23093,73812,156875,96774,205378,2021-12-28,-50719,60101
2022-01-04T00:00:00.000,BRITISH POUND STERLING - CHICAGO MERCANTILE EXCHANGE,25980,65151,150332,100816,200007,2022-01-04,-39171,49516
2022-01-11T00:00:00.000,BRITISH POUND STERLING - CHICAGO MERCANTILE EXCHANGE,30506,59672,144550,106518,200493,2022-01-11,-29166,38032
2022-01-18T00:00:00.000,BRITISH POUND STERLING - CHICAGO MERCANTILE EXCHANGE,39760,40007,114486,111638,183234,2022-01-18,-247,2848
2022-01-25T00:00:00.000,BRITISH POUND STERLING - CHICAGO MERCANTILE EXCHANGE,36666,44429,117812,100970,182040,2022-01-25,-7763,16842
2022-02-01T00:00:00.000,BRITISH POUND STERLING - CHICAGO MERCANTILE EXCHANGE,29597,53202,126536,97645,184007,2022-02-01,-23605,28891
2022-02-08T00:00:00.000,BRITISH POUND - CHICAGO MERCANTILE EXCHANGE,44709,53254,120220,110897,197948,2022-02-08,-8545,9323
2022-02-15T00:00:00.000,BRITISH POUND - CHICAGO MERCANTILE EXCHANGE,50151,47914,114901,112027,195302,2022-02-15,2237,2874
2022-02-22T00:00:00.000,BRITISH POUND - CHICAGO MERCANTILE EXCHANGE,42249,48058,116372,106302,188443,2022-02-22,-5809,10070
2022-03-01T00:00:00.000,BRITISH POUND - CHICAGO MERCANTILE EXCHANGE,47679,48016,131583,117454,211869,2022-03-01,-337,14129
2022-03-08T00:00:00.000,BRITISH POUND - CHICAGO MERCANTILE EXCHANGE,50982,63508,164423,138966,246312,2022-03-08,-12526,25457
2022-03-15T00:00:00.000,BRITISH POUND - CHICAGO MERCANTILE EXCHANGE,32442,61503,125994,88715,188323,2022-03-15,-29061,37279
2022-03-22T00:00:00.000,BRITISH POUND - CHICAGO MERCANTILE EXCHANGE,32753,69997,137829,87439,195712,2022-03-22,-37244,50390
2022-03-29T00:00:00.000,BRITISH POUND - CHICAGO MERCANTILE EXCHANGE,30624,70694,164519,112510,224365,2022-03-29,-40070,52009
2022-04-05T00:00:00.000,BRITISH POUND - CHICAGO MERCANTILE EXCHANGE,35873,77631,175429,117650,238266,2022-04-05,-41758,57779
2022-04-12T00:00:00.000,BRITISH POUND - CHICAGO MERCANTILE EXCHANGE,35514,88568,186343,115394,246152,2022-04-12,-53054,70949
2022-04-19T00:00:00.000,BRITISH POUND - CHICAGO MERCANTILE EXCHANGE,36811,95725,186134,113245,249529,2022-04-19,-58914,72889
2022-04-26T00:00:00.000,BRITISH POUND - CHICAGO MERCANTILE EXCHANGE,40436,110057,207141,119230,272792,2022-04-26,-69621,87911
2022-05-03T00:00:00.000,BRITISH POUND - CHICAGO MERCANTILE EXCHANGE,33536,107349,208754,119728,268496,2022-05-03,-73813,89026
2022-05-10T00:00:00.000,BRITISH POUND - CHICAGO MERCANTILE EXCHANGE,29469,109067,210627,115382,264594,2022-05-10,-79598,95245
2022-05-17T00:00:00.000,BRITISH POUND - CHICAGO MERCANTILE EXCHANGE,26613,105854,201647,107303,253811,2022-05-17,-79241,94344
2022-05-24T00:00:00.000,BRITISH POUND - CHICAGO MERCANTILE EXCHANGE,25936,106308,203802,106760,253864,2022-05-24,-80372,97042
2022-05-31T00:00:00.000,BRITISH POUND - CHICAGO MERCANTILE EXCHANGE,30788,104893,193786,106614,252881,2022-05-31,-74105,87172
2022-06-07T00:00:00.000,BRITISH POUND - CHICAGO MERCANTILE EXCHANGE,34618,105428,191742,111277,258623,2022-06-07,-70810,80465
2022-06-14T00:00:00.000,BRITISH POUND - CHICAGO MERCANTILE EXCHANGE,29343,94939,184011,102948,238322,2022-06-14,-65596,81063
2022-06-21T00:00:00.000,BRITISH POUND - CHICAGO MERCANTILE EXCHANGE,28470,91717,177170,99268,228266,2022-06-21,-63247,77902
2022-06-28T00:00:00.000,BRITISH POUND - CHICAGO MERCANTILE EXCHANGE,35184,88302,170967,100737,228736,2022-06-28,-53118,70230
2022-07-05T00:00:00.000,BRITISH POUND - CHICAGO MERCANTILE EXCHANGE,39618,95826,178745,101736,240926,2022-07-05,-56208,77009
2022-07-12T00:00:00.000,BRITISH POUND - CHICAGO MERCANTILE EXCHANGE,33850,92939,174748,99343,231945,2022-07-12,-59089,75405
2022-07-19T00:00:00.000,BRITISH POUND - CHICAGO MERCANTILE EXCHANGE,31943,89193,170053,99754,228051,2022-07-19,-57250,70299
2022-07-26T00:00:00.000,BRITISH POUND - CHICAGO MERCANTILE EXCHANGE,34606,88596,168266,97307,225889,2022-07-26,-53990,70959
2022-08-02T00:00:00.000,BRITISH POUND - CHICAGO MERCANTILE EXCHANGE,29305,85714,171966,99389,226987,2022-08-02,-56409,72577
2022-08-09T00:00:00.000,BRITISH POUND - CHICAGO MERCANTILE EXCHANGE,42219,76687,156282,104232,224581,2022-08-09,-34468,52050
2022-08-16T00:00:00.000,BRITISH POUND - CHICAGO MERCANTILE EXCHANGE,44084,77193,156167,108950,227752,2022-08-16,-33109,47217
2022-08-23T00:00:00.000,BRITISH POUND - CHICAGO MERCANTILE EXCHANGE,58783,86749,161585,112420,248007,2022-08-23,-27966,49165
2022-08-30T00:00:00.000,BRITISH POUND - CHICAGO MERCANTILE EXCHANGE,58477,87647,172796,121298,262004,2022-08-30,-29170,51498
2022-09-06T00:00:00.000,BRITISH POUND - CHICAGO MERCANTILE EXCHANGE,52731,103163,189617,119659,280937,2022-09-06,-50432,69958
2022-09-13T00:00:00.000,BRITISH POUND - CHICAGO MERCANTILE EXCHANGE,41129,109215,232346,145021,303965,2022-09-13,-68086,87325
2022-09-20T00:00:00.000,BRITISH POUND - CHICAGO MERCANTILE EXCHANGE,41289,96132,197346,123858,266295,2022-09-20,-54843,73488
2022-09-27T00:00:00.000,BRITISH POUND - CHICAGO MERCANTILE EXCHANGE,59831,106255,195244,130027,281805,2022-09-27,-46424,65217
2022-10-04T00:00:00.000,BRITISH POUND - CHICAGO MERCANTILE EXCHANGE,42078,91617,191819,112703,256906,2022-10-04,-49539,79116
2022-10-11T00:00:00.000,BRITISH POUND - CHICAGO MERCANTILE EXCHANGE,48979,88149,179700,114896,255649,2022-10-11,-39170,64804
2022-10-18T00:00:00.000,BRITISH POUND - CHICAGO MERCANTILE EXCHANGE,40328,91539,194385,118076,258826,2022-10-18,-51211,76309
2022-10-25T00:00:00.000,BRITISH POUND - CHICAGO MERCANTILE EXCHANGE,43511,91316,189146,122586,258969,2022-10-25,-47805,66560
2022-11-01T00:00:00.000,BRITISH POUND - CHICAGO MERCANTILE EXCHANGE,34979,79815,183210,117833,243549,2022-11-01,-44836,65377
2022-11-08T00:00:00.000,BRITISH POUND - CHICAGO MERCANTILE EXCHANGE,36630,76365,176560,120305,237334,2022-11-08,-39735,56255
2022-11-15T00:00:00.000,BRITISH POUND - CHICAGO MERCANTILE EXCHANGE,34699,67533,170322,120883,230102,2022-11-15,-32834,49439
2022-11-22T00:00:00.000,BRITISH POUND - CHICAGO MERCANTILE EXCHANGE,30917,66859,167143,115656,222317,2022-11-22,-35942,51487
2022-11-29T00:00:00.000,BRITISH POUND - CHICAGO MERCANTILE EXCHANGE,26000,62584,172199,122967,225480,2022-11-29,-36584,49232
2022-12-06T00:00:00.000,BRITISH POUND - CHICAGO MERCANTILE EXCHANGE,28539,56732,168838,131064,230311,2022-12-06,-28193,37774
2022-12-13T00:00:00.000,BRITISH POUND - CHICAGO MERCANTILE EXCHANGE,32008,57747,158686,127398,240264,2022-12-13,-25739,31288
2022-12-20T00:00:00.000,BRITISH POUND - CHICAGO MERCANTILE EXCHANGE,35284,40887,123375,110718,187766,2022-12-20,-5603,12657
2022-12-27T00:00:00.000,BRITISH POUND - CHICAGO MERCANTILE EXCHANGE,40585,51472,128090,108829,195440,2022-12-27,-10887,19261
2023-01-03T00:00:00.000,BRITISH POUND - CHICAGO MERCANTILE EXCHANGE,43625,63926,135314,105622,205722,2023-01-03,-20301,29692
2023-01-10T00:00:00.000,BRITISH POUND - CHICAGO MERCANTILE EXCHANGE,36007,65463,138532,103264,202713,2023-01-10,-29456,35268
2023-01-17T00:00:00.000,BRITISH POUND - CHICAGO MERCANTILE EXCHANGE,41469,66166,130575,99139,201956,2023-01-17,-24697,31436
2023-01-24T00:00:00.000,BRITISH POUND - CHICAGO MERCANTILE EXCHANGE,34756,58690,127207,99553,194051,2023-01-24,-23934,27654
2023-01-31T00:00:00.000,BRITISH POUND - CHICAGO MERCANTILE EXCHANGE,36234,54551,130370,101702,196113,2023-01-31,-18317,28668
2023-02-07T00:00:00.000,BRITISH POUND - CHICAGO MERCANTILE EXCHANGE,47131,61252,132947,101601,203720,2023-02-07,-14121,31346
2023-02-14T00:00:00.000,BRITISH POUND - CHICAGO MERCANTILE EXCHANGE,42198,61993,138641,104626,205316,2023-02-14,-19795,34015
2023-02-21T00:00:00.000,BRITISH POUND - CHICAGO MERCANTILE EXCHANGE,45475,66891,143077,105436,213502,2023-02-21,-21416,37641
2023-02-28T00:00:00.000,BRITISH POUND - CHICAGO MERCANTILE EXCHANGE,41562,65286,145180,108739,212064,2023-02-28,-23724,36441
2023-03-07T00:00:00.000,BRITISH POUND - CHICAGO MERCANTILE EXCHANGE,49111,66513,145695,111782,222558,2023-03-07,-17402,33913
2023-03-14T00:00:00.000,BRITISH POUND - CHICAGO MERCANTILE EXCHANGE,32334,49648,128752,103050,193377,2023-03-14,-17314,25702
2023-03-21T00:00:00.000,BRITISH POUND - CHICAGO MERCANTILE EXCHANGE,28652,49150,129030,103524,190796,2023-03-21,-20498,25506
2023-03-28T00:00:00.000,BRITISH POUND - CHICAGO MERCANTILE EXCHANGE,28355,52439,133149,110572,199868,2023-03-28,-24084,22577
2023-04-04T00:00:00.000,BRITISH POUND - CHICAGO MERCANTILE EXCHANGE,46415,61208,133802,124921,224690,2023-04-04,-14793,8881
2023-04-11T00:00:00.000,BRITISH POUND - CHICAGO MERCANTILE EXCHANGE,54928,57326,125634,130975,225292,2023-04-11,-2398,-5341
2023-04-18T00:00:00.000,BRITISH POUND - CHICAGO MERCANTILE EXCHANGE,53834,52532,127731,135726,224536,2023-04-18,1302,-7995
2023-04-25T00:00:00.000,BRITISH POUND - CHICAGO MERCANTILE EXCHANGE,59405,53566,127306,137836,231666,2023-04-25,5839,-10530
2023-05-02T00:00:00.000,BRITISH POUND - CHICAGO MERCANTILE EXCHANGE,58661,57596,131148,135965,231602,2023-05-02,1065,-4817
2023-05-09T00:00:00.000,BRITISH POUND - CHICAGO MERCANTILE EXCHANGE,71561,67033,126935,138463,242576,2023-05-09,4528,-11528
2023-05-16T00:00:00.000,BRITISH POUND - CHICAGO MERCANTILE EXCHANGE,77388,64795,125675,143404,247165,2023-05-16,12593,-17729
2023-05-23T00:00:00.000,BRITISH POUND - CHICAGO MERCANTILE EXCHANGE,69203,57614,123348,140024,237614,2023-05-23,11589,-16676
2023-05-30T00:00:00.000,BRITISH POUND - CHICAGO MERCANTILE EXCHANGE,70320,57085,124002,139210,240301,2023-05-30,13235,-15208
2023-06-06T00:00:00.000,BRITISH POUND - CHICAGO MERCANTILE EXCHANGE,65063,52579,128441,142565,242117,2023-06-06,12484,-14124
2023-06-13T00:00:00.000,BRITISH POUND - CHICAGO MERCANTILE EXCHANGE,76383,69648,147717,166317,290350,2023-06-13,6735,-18600
2023-06-20T00:00:00.000,BRITISH POUND - CHICAGO MERCANTILE EXCHANGE,101567,54959,73692,132695,226505,2023-06-20,46608,-59003
2023-06-27T00:00:00.000,BRITISH POUND - CHICAGO MERCANTILE EXCHANGE,104382,52388,75034,141835,229970,2023-06-27,51994,-66801
2023-07-03T00:00:00.000,BRITISH POUND - CHICAGO MERCANTILE EXCHANGE,96461,46196,74446,138110,221021,2023-07-03,50265,-63664
2023-07-11T00:00:00.000,BRITISH POUND - CHICAGO MERCANTILE EXCHANGE,111667,53604,73150,145851,239125,2023-07-11,58063,-72701
2023-07-18T00:00:00.000,BRITISH POUND - CHICAGO MERCANTILE EXCHANGE,135269,71540,76229,157835,265766,2023-07-18,63729,-81606
2023-07-25T00:00:00.000,BRITISH POUND - CHICAGO MERCANTILE EXCHANGE,105498,46503,75737,152721,237340,2023-07-25,58995,-76984
2023-08-01T00:00:00.000,BRITISH POUND - CHICAGO MERCANTILE EXCHANGE,92175,42613,75949,142668,220906,2023-08-01,49562,-66719
2023-08-08T00:00:00.000,BRITISH POUND - CHICAGO MERCANTILE EXCHANGE,83239,36219,75990,133869,206954,2023-08-08,47020,-57879
2023-08-15T00:00:00.000,BRITISH POUND - CHICAGO MERCANTILE EXCHANGE,90541,39553,77496,137684,215340,2023-08-15,50988,-60188
2023-08-22T00:00:00.000,BRITISH POUND - CHICAGO MERCANTILE EXCHANGE,98061,38954,82487,147211,228179,2023-08-22,59107,-64724
2023-08-29T00:00:00.000,BRITISH POUND - CHICAGO MERCANTILE EXCHANGE,97143,48742,83880,140489,228616,2023-08-29,48401,-56609
2023-09-05T00:00:00.000,BRITISH POUND - CHICAGO MERCANTILE EXCHANGE,92645,46261,84129,134084,225404,2023-09-05,46384,-49955
2023-09-12T00:00:00.000,BRITISH POUND - CHICAGO MERCANTILE EXCHANGE,97365,51191,80441,131609,227437,2023-09-12,46174,-51168
2023-09-19T00:00:00.000,BRITISH POUND - CHICAGO MERCANTILE EXCHANGE,85095,51412,70362,102943,191117,2023-09-19,33683,-32581
2023-09-26T00:00:00.000,BRITISH POUND - CHICAGO MERCANTILE EXCHANGE,84750,69081,109264,117951,227843,2023-09-26,15669,-8687
2023-10-03T00:00:00.000,BRITISH POUND - CHICAGO MERCANTILE EXCHANGE,73911,80591,135637,118092,241045,2023-10-03,-6680,17545
2023-10-10T00:00:00.000,BRITISH POUND - CHICAGO MERCANTILE EXCHANGE,66290,76338,134573,113166,231510,2023-10-10,-10048,21407
2023-10-17T00:00:00.000,BRITISH POUND - CHICAGO MERCANTILE EXCHANGE,65537,76746,125328,105357,222945,2023-10-17,-11209,19971
2023-10-24T00:00:00.000,BRITISH POUND - CHICAGO MERCANTILE EXCHANGE,67119,85755,132744,105407,233259,2023-10-24,-18636,27337
2023-10-31T00:00:00.000,BRITISH POUND - CHICAGO MERCANTILE EXCHANGE,63712,84083,136888,102734,229991,2023-10-31,-20371,34154
2023-11-07T00:00:00.000,BRITISH POUND - CHICAGO MERCANTILE EXCHANGE,57532,73784,125781,96615,212730,2023-11-07,-16252,29166
2023-11-14T00:00:00.000,BRITISH POUND - CHICAGO MERCANTILE EXCHANGE,52797,80527,130004,94565,216411,2023-11-14,-27730,35439
2023-11-21T00:00:00.000,BRITISH POUND - CHICAGO MERCANTILE EXCHANGE,43300,69398,129406,98198,208657,2023-11-21,-26098,31208
2023-11-28T00:00:00.000,BRITISH POUND - CHICAGO MERCANTILE EXCHANGE,61296,69191,118253,108189,217372,2023-11-28,-7895,10064
2023-12-05T00:00:00.000,BRITISH POUND - CHICAGO MERCANTILE EXCHANGE,66359,54694,109112,121095,218873,2023-12-05,11665,-11983
2023-12-12T00:00:00.000,BRITISH POUND - CHICAGO MERCANTILE EXCHANGE,72011,50430,115620,135721,243677,2023-12-12,21581,-20101
2023-12-19T00:00:00.000,BRITISH POUND - CHICAGO MERCANTILE EXCHANGE,68810,48884,71626,99066,177998,2023-12-19,19926,-27440
2023-12-26T00:00:00.000,BRITISH POUND - CHICAGO MERCANTILE EXCHANGE,58750,44658,76501,98403,175138,2023-12-26,14092,-21902
2024-01-02T00:00:00.000,BRITISH POUND - CHICAGO MERCANTILE EXCHANGE,61794,46589,78751,96001,177770,2024-01-02,15205,-17250
2024-01-09T00:00:00.000,BRITISH POUND - CHICAGO MERCANTILE EXCHANGE,60684,39950,75972,98847,172631,2024-01-09,20734,-22875
2024-01-16T00:00:00.000,BRITISH POUND - CHICAGO MERCANTILE EXCHANGE,66230,35299,74438,105418,179758,2024-01-16,30931,-30980
2024-01-23T00:00:00.000,BRITISH POUND - CHICAGO MERCANTILE EXCHANGE,72599,41162,73087,107426,185680,2024-01-23,31437,-34339
2024-01-30T00:00:00.000,BRITISH POUND - CHICAGO MERCANTILE EXCHANGE,77499,43346,72532,109912,192229,2024-01-30,34153,-37380
2024-02-06T00:00:00.000,BRITISH POUND - CHICAGO MERCANTILE EXCHANGE,83936,49461,80560,109432,199246,2024-02-06,34475,-28872
2024-02-13T00:00:00.000,BRITISH POUND - CHICAGO MERCANTILE EXCHANGE,90545,40073,72289,119172,199070,2024-02-13,50472,-46883
2024-02-20T00:00:00.000,BRITISH POUND - CHICAGO MERCANTILE EXCHANGE,87602,41290,72901,121907,199275,2024-02-20,46312,-49006
2024-02-27T00:00:00.000,BRITISH POUND - CHICAGO MERCANTILE EXCHANGE,91970,45612,75762,127352,210828,2024-02-27,46358,-51590
2024-03-05T00:00:00.000,BRITISH POUND - CHICAGO MERCANTILE EXCHANGE,102279,43894,71655,135778,221726,2024-03-05,58385,-64123
2024-03-12T00:00:00.000,BRITISH POUND - CHICAGO MERCANTILE EXCHANGE,123285,52834,104338,183258,277702,2024-03-12,70451,-78920
2024-03-19T00:00:00.000,BRITISH POUND - CHICAGO MERCANTILE EXCHANGE,102605,49405,57898,115515,197398,2024-03-19,53200,-57617
2024-03-26T00:00:00.000,BRITISH POUND - CHICAGO MERCANTILE EXCHANGE,91261,56091,78159,115244,203109,2024-03-26,35170,-37085
2024-04-02T00:00:00.000,BRITISH POUND - CHICAGO MERCANTILE EXCHANGE,98352,54938,90146,129546,219176,2024-04-02,43414,-39400
2024-04-09T00:00:00.000,BRITISH POUND - CHICAGO MERCANTILE EXCHANGE,80000,51748,96196,123251,211286,2024-04-09,28252,-27055
2024-04-16T00:00:00.000,BRITISH POUND - CHICAGO MERCANTILE EXCHANGE,71800,63181,129957,126985,229420,2024-04-16,8619,2972
2024-04-23T00:00:00.000,BRITISH POUND - CHICAGO MERCANTILE EXCHANGE,48459,74692,162986,122133,242821,2024-04-23,-26233,40853
2024-04-30T00:00:00.000,BRITISH POUND - CHICAGO MERCANTILE EXCHANGE,43668,72658,162366,118806,235610,2024-04-30,-28990,43560
2024-05-07T00:00:00.000,BRITISH POUND - CHICAGO MERCANTILE EXCHANGE,51777,73590,141835,108865,223730,2024-05-07,-21813,32970
2024-05-14T00:00:00.000,BRITISH POUND - CHICAGO MERCANTILE EXCHANGE,48674,68749,137917,111122,223242,2024-05-14,-20075,26795
2024-05-21T00:00:00.000,BRITISH POUND - CHICAGO MERCANTILE EXCHANGE,68538,67485,111397,111417,223976,2024-05-21,1053,-20
2024-05-28T00:00:00.000,BRITISH POUND - CHICAGO MERCANTILE EXCHANGE,93041,67639,118109,150282,268749,2024-05-28,25402,-32173
2024-06-04T00:00:00.000,BRITISH POUND - CHICAGO MERCANTILE EXCHANGE,102118,58908,112717,161495,267750,2024-06-04,43210,-48778
2024-06-11T00:00:00.000,BRITISH POUND - CHICAGO MERCANTILE EXCHANGE,110300,58179,118817,175251,275487,2024-06-11,52121,-56434
2024-06-18T00:00:00.000,BRITISH POUND - CHICAGO MERCANTILE EXCHANGE,105920,58299,64996,113756,207303,2024-06-18,47621,-48760
2024-06-25T00:00:00.000,BRITISH POUND - CHICAGO MERCANTILE EXCHANGE,102547,58499,69497,114523,207697,2024-06-25,44048,-45026
2024-07-02T00:00:00.000,BRITISH POUND - CHICAGO MERCANTILE EXCHANGE,106753,44712,52797,117856,198119,2024-07-02,62041,-65059
2024-07-09T00:00:00.000,BRITISH POUND - CHICAGO MERCANTILE EXCHANGE,135316,50626,46249,140835,224179,2024-07-09,84690,-94586
2024-07-16T00:00:00.000,BRITISH POUND - CHICAGO MERCANTILE EXCHANGE,183287,50385,50803,199921,280623,2024-07-16,132902,-149118
2024-07-23T00:00:00.000,BRITISH POUND - CHICAGO MERCANTILE EXCHANGE,188489,46306,57005,211274,289241,2024-07-23,142183,-154269
2024-07-30T00:00:00.000,BRITISH POUND - CHICAGO MERCANTILE EXCHANGE,165635,54164,59012,182171,268554,2024-07-30,111471,-123159
2024-08-06T00:00:00.000,BRITISH POUND - CHICAGO MERCANTILE EXCHANGE,126080,51681,58800,139880,224042,2024-08-06,74399,-81080
2024-08-13T00:00:00.000,BRITISH POUND - CHICAGO MERCANTILE EXCHANGE,102603,54791,57134,115474,205569,2024-08-13,47812,-58340
2024-08-20T00:00:00.000,BRITISH POUND - CHICAGO MERCANTILE EXCHANGE,125634,58123,55248,135203,231383,2024-08-20,67511,-79955
2024-08-27T00:00:00.000,BRITISH POUND - CHICAGO MERCANTILE EXCHANGE,152163,62232,65042,170287,274215,2024-08-27,89931,-105245
2024-09-03T00:00:00.000,BRITISH POUND - CHICAGO MERCANTILE EXCHANGE,160773,52695,69973,190928,285461,2024-09-03,108078,-120955
2024-09-10T00:00:00.000,BRITISH POUND - CHICAGO MERCANTILE EXCHANGE,142072,51784,69944,177222,272336,2024-09-10,90288,-107278
2024-09-17T00:00:00.000,BRITISH POUND - CHICAGO MERCANTILE EXCHANGE,124822,61843,47645,127396,212595,2024-09-17,62979,-79751
2024-09-24T00:00:00.000,BRITISH POUND - CHICAGO MERCANTILE EXCHANGE,155325,68333,52374,156757,251641,2024-09-24,86992,-104383
2024-10-01T00:00:00.000,BRITISH POUND - CHICAGO MERCANTILE EXCHANGE,161469,67704,51360,162795,257312,2024-10-01,93765,-111435
2024-10-08T00:00:00.000,BRITISH POUND - CHICAGO MERCANTILE EXCHANGE,157666,64531,54329,162337,255908,2024-10-08,93135,-108008
2024-10-15T00:00:00.000,BRITISH POUND - CHICAGO MERCANTILE EXCHANGE,151923,66121,54936,154384,250150,2024-10-15,85802,-99448
2024-10-22T00:00:00.000,BRITISH POUND - CHICAGO MERCANTILE EXCHANGE,140603,66027,50886,131948,230130,2024-10-22,74576,-81062
2024-10-29T00:00:00.000,BRITISH POUND - CHICAGO MERCANTILE EXCHANGE,132636,66280,48596,122897,221535,2024-10-29,66356,-74301
2024-11-05T00:00:00.000,BRITISH POUND - CHICAGO MERCANTILE EXCHANGE,120737,75653,56459,112019,219857,2024-11-05,45084,-55560
2024-11-12T00:00:00.000,BRITISH POUND - CHICAGO MERCANTILE EXCHANGE,119992,63942,54642,113790,212345,2024-11-12,56050,-59148
2024-11-19T00:00:00.000,BRITISH POUND - CHICAGO MERCANTILE EXCHANGE,101713,61398,80547,119613,220896,2024-11-19,40315,-39066
2024-11-26T00:00:00.000,BRITISH POUND - CHICAGO MERCANTILE EXCHANGE,98459,76825,108932,121718,239062,2024-11-26,21634,-12786
2024-12-03T00:00:00.000,BRITISH POUND - CHICAGO MERCANTILE EXCHANGE,98056,78730,114068,123063,243504,2024-12-03,19326,-8995
2024-12-10T00:00:00.000,BRITISH POUND - CHICAGO MERCANTILE EXCHANGE,102763,75638,162912,184816,311725,2024-12-10,27125,-21904
2024-12-17T00:00:00.000,BRITISH POUND - CHICAGO MERCANTILE EXCHANGE,88265,66618,71728,87986,187135,2024-12-17,21647,-16258
2024-12-24T00:00:00.000,BRITISH POUND - CHICAGO MERCANTILE EXCHANGE,84558,65235,76000,88844,188844,2024-12-24,19323,-12844
2024-12-31T00:00:00.000,BRITISH POUND - CHICAGO MERCANTILE EXCHANGE,86202,65367,74237,88489,188879,2024-12-31,20835,-14252
2025-01-07T00:00:00.000,BRITISH POUND - CHICAGO MERCANTILE EXCHANGE,81343,66837,78373,84096,188770,2025-01-07,14506,-5723
2025-01-14T00:00:00.000,BRITISH POUND - CHICAGO MERCANTILE EXCHANGE,80557,80119,94313,79328,200826,2025-01-14,438,14985
2025-01-21T00:00:00.000,BRITISH POUND - CHICAGO MERCANTILE EXCHANGE,75696,83953,111968,83219,212688,2025-01-21,-8257,28749
2025-01-28T00:00:00.000,BRITISH POUND - CHICAGO MERCANTILE EXCHANGE,59331,81003,121421,82067,206821,2025-01-28,-21672,39354
2025-02-04T00:00:00.000,BRITISH POUND - CHICAGO MERCANTILE EXCHANGE,65442,76765,111619,86590,204644,2025-02-04,-11323,25029
2025-02-11T00:00:00.000,BRITISH POUND - CHICAGO MERCANTILE EXCHANGE,69087,72255,105189,88709,208138,2025-02-11,-3168,16480
2025-02-18T00:00:00.000,BRITISH POUND - CHICAGO MERCANTILE EXCHANGE,73564,74143,100001,89204,203370,2025-02-18,-579,10797
2025-02-25T00:00:00.000,BRITISH POUND - CHICAGO MERCANTILE EXCHANGE,74089,69626,95277,89091,200468,2025-02-25,4463,6186
2025-03-04T00:00:00.000,BRITISH POUND - CHICAGO MERCANTILE EXCHANGE,81866,63292,81410,95120,200634,2025-03-04,18574,-13710
2025-03-11T00:00:00.000,BRITISH POUND - CHICAGO MERCANTILE EXCHANGE,94786,65593,92023,124384,248457,2025-03-11,29193,-32361
2025-03-18T00:00:00.000,BRITISH POUND - CHICAGO MERCANTILE EXCHANGE,95941,66539,48822,87566,180841,2025-03-18,29402,-38744
2025-03-25T00:00:00.000,BRITISH POUND - CHICAGO MERCANTILE EXCHANGE,109016,64733,48843,99525,191212,2025-03-25,44283,-50682
2025-04-01T00:00:00.000,BRITISH POUND - CHICAGO MERCANTILE EXCHANGE,104986,70360,50320,89110,187160,2025-04-01,34626,-38790
2025-04-08T00:00:00.000,BRITISH POUND - CHICAGO MERCANTILE EXCHANGE,91733,74423,59719,75514,176910,2025-04-08,17310,-15795
2025-04-15T00:00:00.000,BRITISH POUND - CHICAGO MERCANTILE EXCHANGE,85708,79199,61721,71210,177006,2025-04-15,6509,-9489
2025-04-22T00:00:00.000,BRITISH POUND - CHICAGO MERCANTILE EXCHANGE,94021,73531,54477,79916,179555,2025-04-22,20490,-25439
2025-04-29T00:00:00.000,BRITISH POUND - CHICAGO MERCANTILE EXCHANGE,91064,67105,55263,84986,192312,2025-04-29,23959,-29723
2025-05-06T00:00:00.000,BRITISH POUND - CHICAGO MERCANTILE EXCHANGE,94384,65149,57797,92533,200214,2025-05-06,29235,-34736
2025-05-13T00:00:00.000,BRITISH POUND - CHICAGO MERCANTILE EXCHANGE,89540,62324,55836,87895,194861,2025-05-13,27216,-32059
2025-05-20T00:00:00.000,BRITISH POUND - CHICAGO MERCANTILE EXCHANGE,88144,64151,57675,91492,195326,2025-05-20,23993,-33817
2025-05-27T00:00:00.000,BRITISH POUND - CHICAGO MERCANTILE EXCHANGE,102391,67012,59033,105900,202990,2025-05-27,35379,-46867
2025-06-03T00:00:00.000,BRITISH POUND - CHICAGO MERCANTILE EXCHANGE,103672,68457,74588,123553,233601,2025-06-03,35215,-48965
2025-06-10T00:00:00.000,BRITISH POUND - CHICAGO MERCANTILE EXCHANGE,111076,59442,60665,121227,213940,2025-06-10,51634,-60562
2025-06-17T00:00:00.000,BRITISH POUND - CHICAGO MERCANTILE EXCHANGE,106282,63425,35707,87770,177026,2025-06-17,42857,-52063
2025-06-24T00:00:00.000,BRITISH POUND - CHICAGO MERCANTILE EXCHANGE,99848,65453,43166,87201,179898,2025-06-24,34395,-44035
2025-07-01T00:00:00.000,BRITISH POUND - CHICAGO MERCANTILE EXCHANGE,107150,75751,42773,86744,188689,2025-07-01,31399,-43971
2025-07-08T00:00:00.000,BRITISH POUND - CHICAGO MERCANTILE EXCHANGE,108019,74825,45495,89037,191557,2025-07-08,33194,-43542
2025-07-15T00:00:00.000,BRITISH POUND - CHICAGO MERCANTILE EXCHANGE,100980,71789,49932,87413,187275,2025-07-15,29191,-37481
2025-07-22T00:00:00.000,BRITISH POUND - CHICAGO MERCANTILE EXCHANGE,93760,93190,67928,73667,195467,2025-07-22,570,-5739
2025-07-29T00:00:00.000,BRITISH POUND - CHICAGO MERCANTILE EXCHANGE,87799,99827,88729,75405,207879,2025-07-29,-12028,13324
2025-08-05T00:00:00.000,BRITISH POUND - CHICAGO MERCANTILE EXCHANGE,65635,98938,108854,76211,206254,2025-08-05,-33303,32643
2025-08-12T00:00:00.000,BRITISH POUND - CHICAGO MERCANTILE EXCHANGE,73736,112829,109217,73700,216082,2025-08-12,-39093,35517
2025-08-19T00:00:00.000,BRITISH POUND - CHICAGO MERCANTILE EXCHANGE,81303,106488,103816,83024,219831,2025-08-19,-25185,20792
2025-08-26T00:00:00.000,BRITISH POUND - CHICAGO MERCANTILE EXCHANGE,76001,107354,108993,83031,219906,2025-08-26,-31353,25962
2025-09-02T00:00:00.000,BRITISH POUND - CHICAGO MERCANTILE EXCHANGE,76062,109202,117507,85703,226437,2025-09-02,-33140,31804
2025-09-09T00:00:00.000,BRITISH POUND - CHICAGO MERCANTILE EXCHANGE,74849,108454,184370,154586,322879,2025-09-09,-33605,29784
2025-09-16T00:00:00.000,BRITISH POUND - CHICAGO MERCANTILE EXCHANGE,80796,87376,112620,117719,234531,2025-09-16,-6580,-5099
2025-09-23T00:00:00.000,BRITISH POUND - CHICAGO MERCANTILE EXCHANGE,84500,86464,112662,115866,233166,2025-09-23,-1964,-3204
2025-09-30T00:00:00.000,BRITISH POUND - CHICAGO MERCANTILE EXCHANGE,80540,89434,113199,105453,226426,2025-09-30,-8894,7746
2025-10-07T00:00:00.000,BRITISH POUND - CHICAGO MERCANTILE EXCHANGE,94411,98887,121358,117829,247550,2025-10-07,-4476,3529
2025-10-14T00:00:00.000,BRITISH POUND - CHICAGO MERCANTILE EXCHANGE,79515,91144,129942,113152,237520,2025-10-14,-11629,16790
2025-10-21T00:00:00.000,BRITISH POUND - CHICAGO MERCANTILE EXCHANGE,75419,92194,127352,111747,233484,2025-10-21,-16775,15605
2025-10-28T00:00:00.000,BRITISH POUND - CHICAGO MERCANTILE EXCHANGE,82471,102733,138267,111167,248118,2025-10-28,-20262,27100
2025-11-04T00:00:00.000,BRITISH POUND - CHICAGO MERCANTILE EXCHANGE,63117,118136,178498,111671,270917,2025-11-04,-55019,66827
2025-11-10T00:00:00.000,BRITISH POUND - CHICAGO MERCANTILE EXCHANGE,52423,133427,192529,100126,272612,2025-11-10,-81004,92403
2025-11-18T00:00:00.000,BRITISH POUND - CHICAGO MERCANTILE EXCHANGE,53189,132446,200570,107474,279341,2025-11-18,-79257,93096
2025-11-25T00:00:00.000,BRITISH POUND - CHICAGO MERCANTILE EXCHANGE,45257,138478,233392,131392,315550,2025-11-25,-93221,102000
2025-12-02T00:00:00.000,BRITISH POUND - CHICAGO MERCANTILE EXCHANGE,52252,132432,212626,123411,299768,2025-12-02,-80180,89215
2025-12-09T00:00:00.000,BRITISH POUND - CHICAGO MERCANTILE EXCHANGE,60319,135834,213264,128982,332405,2025-12-09,-75515,84282
2025-12-16T00:00:00.000,BRITISH POUND - CHICAGO MERCANTILE EXCHANGE,61968,110466,106912,56503,282031,2025-12-16,-48498,50409
2025-12-23T00:00:00.000,BRITISH POUND - CHICAGO MERCANTILE EXCHANGE,63540,104739,104258,60602,198132,2025-12-23,-41199,43656
2025-12-30T00:00:00.000,BRITISH POUND - CHICAGO MERCANTILE EXCHANGE,69492,102699,97782,63299,196003,2025-12-30,-33207,34483
2026-01-06T00:00:00.000,BRITISH POUND - CHICAGO MERCANTILE EXCHANGE,76486,107024,96932,67694,206314,2026-01-06,-30538,29238
2026-01-13T00:00:00.000,BRITISH POUND - CHICAGO MERCANTILE EXCHANGE,79003,104273,97243,71739,207867,2026-01-13,-25270,25504
2026-01-20T00:00:00.000,BRITISH POUND - CHICAGO MERCANTILE EXCHANGE,81332,103312,91023,73941,207612,2026-01-20,-21980,17082
2026-01-27T00:00:00.000,BRITISH POUND - CHICAGO MERCANTILE EXCHANGE,87786,103948,97216,91752,224459,2026-01-27,-16162,5464
2026-02-03T00:00:00.000,BRITISH POUND - CHICAGO MERCANTILE EXCHANGE,94893,108804,96004,88940,227888,2026-02-03,-13911,7064
2026-02-10T00:00:00.000,BRITISH POUND - CHICAGO MERCANTILE EXCHANGE,88373,114183,99512,84396,227574,2026-02-10,-25810,15116
2026-02-17T00:00:00.000,BRITISH POUND - CHICAGO MERCANTILE EXCHANGE,82015,124419,115022,77368,238845,2026-02-17,-42404,37654
2026-02-24T00:00:00.000,BRITISH POUND - CHICAGO MERCANTILE EXCHANGE,67213,124285,135804,79628,245891,2026-02-24,-57072,56176
2026-03-03T00:00:00.000,BRITISH POUND - CHICAGO MERCANTILE EXCHANGE,59499,132185,163156,85851,269696,2026-03-03,-72686,77305
2026-03-10T00:00:00.000,BRITISH POUND - CHICAGO MERCANTILE EXCHANGE,49270,133467,278523,191612,392591,2026-03-10,-84197,86911
2026-03-17T00:00:00.000,BRITISH POUND - CHICAGO MERCANTILE EXCHANGE,44293,109808,170509,100179,243434,2026-03-17,-65515,70330
2026-03-24T00:00:00.000,BRITISH POUND - CHICAGO MERCANTILE EXCHANGE,46459,104881,162128,100941,238862,2026-03-24,-58422,61187
2026-03-31T00:00:00.000,BRITISH POUND - CHICAGO MERCANTILE EXCHANGE,51304,103969,167652,106244,243461,2026-03-31,-52665,61408
2026-04-07T00:00:00.000,BRITISH POUND - CHICAGO MERCANTILE EXCHANGE,47344,103698,172233,109535,244191,2026-04-07,-56354,62698
2026-04-14T00:00:00.000,BRITISH POUND - CHICAGO MERCANTILE EXCHANGE,54947,109671,167315,108067,250053,2026-04-14,-54724,59248
2026-04-21T00:00:00.000,BRITISH POUND - CHICAGO MERCANTILE EXCHANGE,63086,115125,172752,115913,263523,2026-04-21,-52039,56839
