report_date_as_yyyy_mm_dd,market_and_exchange_names,noncomm_positions_long_all,noncomm_positions_short_all,comm_positions_long_all,comm_positions_short_all,open_interest_all,date,spec_net,comm_net
2010-01-05T00:00:00.000,JAPANESE YEN - CHICAGO MERCANTILE EXCHANGE,20634,37445,68983,41659,104231,2010-01-05,-16811,27324
2010-01-12T00:00:00.000,JAPANESE YEN - CHICAGO MERCANTILE EXCHANGE,21951,38695,82160,49902,120568,2010-01-12,-16744,32258
2010-01-19T00:00:00.000,JAPANESE YEN - CHICAGO MERCANTILE EXCHANGE,23718,40814,80293,51178,122367,2010-01-19,-17096,29115
2010-01-26T00:00:00.000,JAPANESE YEN - CHICAGO MERCANTILE EXCHANGE,28821,33168,67644,59405,119819,2010-01-26,-4347,8239
2010-02-02T00:00:00.000,JAPANESE YEN - CHICAGO MERCANTILE EXCHANGE,30177,23042,63746,65814,116129,2010-02-02,7135,-2068
2010-02-09T00:00:00.000,JAPANESE YEN - CHICAGO MERCANTILE EXCHANGE,41352,18956,53299,73235,120060,2010-02-09,22396,-19936
2010-02-16T00:00:00.000,JAPANESE YEN - CHICAGO MERCANTILE EXCHANGE,35691,21779,60328,70531,119816,2010-02-16,13912,-10203
2010-02-23T00:00:00.000,JAPANESE YEN - CHICAGO MERCANTILE EXCHANGE,30432,28715,70481,65562,122919,2010-02-23,1717,4919
2010-03-02T00:00:00.000,JAPANESE YEN - CHICAGO MERCANTILE EXCHANGE,57332,24780,50719,80941,133600,2010-03-02,32552,-30222
2010-03-09T00:00:00.000,JAPANESE YEN - CHICAGO MERCANTILE EXCHANGE,51919,25631,62037,85470,137443,2010-03-09,26288,-23433
2010-03-16T00:00:00.000,JAPANESE YEN - CHICAGO MERCANTILE EXCHANGE,41278,26081,35087,43303,95999,2010-03-16,15197,-8216
2010-03-23T00:00:00.000,JAPANESE YEN - CHICAGO MERCANTILE EXCHANGE,41030,30869,37353,38587,96913,2010-03-23,10161,-1234
2010-03-30T00:00:00.000,JAPANESE YEN - CHICAGO MERCANTILE EXCHANGE,17174,48040,74872,23538,109417,2010-03-30,-30866,51334
2010-04-06T00:00:00.000,JAPANESE YEN - CHICAGO MERCANTILE EXCHANGE,18596,60901,87835,23016,123837,2010-04-06,-42305,64819
2010-04-13T00:00:00.000,JAPANESE YEN - CHICAGO MERCANTILE EXCHANGE,12573,68319,104015,23927,131723,2010-04-13,-55746,80088
2010-04-20T00:00:00.000,JAPANESE YEN - CHICAGO MERCANTILE EXCHANGE,14211,64549,105379,27213,134324,2010-04-20,-50338,78166
2010-04-27T00:00:00.000,JAPANESE YEN - CHICAGO MERCANTILE EXCHANGE,15018,64795,107397,32833,137780,2010-04-27,-49777,74564
2010-05-04T00:00:00.000,JAPANESE YEN - CHICAGO MERCANTILE EXCHANGE,12430,78042,119606,26740,147243,2010-05-04,-65612,92866
2010-05-11T00:00:00.000,JAPANESE YEN - CHICAGO MERCANTILE EXCHANGE,23265,57934,106673,60755,146389,2010-05-11,-34669,45918
2010-05-18T00:00:00.000,JAPANESE YEN - CHICAGO MERCANTILE EXCHANGE,21393,55682,106814,55727,142699,2010-05-18,-34289,51087
2010-05-25T00:00:00.000,JAPANESE YEN - CHICAGO MERCANTILE EXCHANGE,31994,42232,89420,68704,140769,2010-05-25,-10238,20716
2010-06-01T00:00:00.000,JAPANESE YEN - CHICAGO MERCANTILE EXCHANGE,33215,39699,79929,66438,133365,2010-06-01,-6484,13491
2010-06-08T00:00:00.000,JAPANESE YEN - CHICAGO MERCANTILE EXCHANGE,28519,41066,85012,63595,133010,2010-06-08,-12547,21417
2010-06-15T00:00:00.000,JAPANESE YEN - CHICAGO MERCANTILE EXCHANGE,23304,26984,43467,26882,82217,2010-06-15,-3680,16585
2010-06-22T00:00:00.000,JAPANESE YEN - CHICAGO MERCANTILE EXCHANGE,29257,25627,43517,39436,91415,2010-06-22,3630,4081
2010-06-29T00:00:00.000,JAPANESE YEN - CHICAGO MERCANTILE EXCHANGE,51721,24294,43161,74113,120484,2010-06-29,27427,-30952
2010-07-06T00:00:00.000,JAPANESE YEN - CHICAGO MERCANTILE EXCHANGE,62476,24550,43431,86278,135128,2010-07-06,37926,-42847
2010-07-13T00:00:00.000,JAPANESE YEN - CHICAGO MERCANTILE EXCHANGE,63205,15846,42411,94944,133665,2010-07-13,47359,-52533
2010-07-20T00:00:00.000,JAPANESE YEN - CHICAGO MERCANTILE EXCHANGE,54733,13822,43093,90752,127658,2010-07-20,40911,-47659
2010-07-27T00:00:00.000,JAPANESE YEN - CHICAGO MERCANTILE EXCHANGE,48488,18567,47996,78595,124595,2010-07-27,29921,-30599
2010-08-03T00:00:00.000,JAPANESE YEN - CHICAGO MERCANTILE EXCHANGE,61723,13725,42108,92011,133870,2010-08-03,47998,-49903
2010-08-10T00:00:00.000,JAPANESE YEN - CHICAGO MERCANTILE EXCHANGE,65314,12836,42754,95218,136999,2010-08-10,52478,-52464
2010-08-17T00:00:00.000,JAPANESE YEN - CHICAGO MERCANTILE EXCHANGE,62745,12776,45729,94054,137645,2010-08-17,49969,-48325
2010-08-24T00:00:00.000,JAPANESE YEN - CHICAGO MERCANTILE EXCHANGE,63086,12017,44860,94835,140128,2010-08-24,51069,-49975
2010-08-31T00:00:00.000,JAPANESE YEN - CHICAGO MERCANTILE EXCHANGE,61219,11315,48388,94844,139079,2010-08-31,49904,-46456
2010-09-07T00:00:00.000,JAPANESE YEN - CHICAGO MERCANTILE EXCHANGE,65440,13257,56195,105685,150513,2010-09-07,52183,-49490
2010-09-14T00:00:00.000,JAPANESE YEN - CHICAGO MERCANTILE EXCHANGE,61215,13573,43822,93631,134360,2010-09-14,47642,-49809
2010-09-21T00:00:00.000,JAPANESE YEN - CHICAGO MERCANTILE EXCHANGE,39948,16848,46822,73279,113349,2010-09-21,23100,-26457
2010-09-28T00:00:00.000,JAPANESE YEN - CHICAGO MERCANTILE EXCHANGE,45136,16470,45380,77232,118274,2010-09-28,28666,-31852
2010-10-05T00:00:00.000,JAPANESE YEN - CHICAGO MERCANTILE EXCHANGE,66866,17660,44606,96417,142488,2010-10-05,49206,-51811
2010-10-12T00:00:00.000,JAPANESE YEN - CHICAGO MERCANTILE EXCHANGE,66463,18178,48326,98217,146581,2010-10-12,48285,-49891
2010-10-19T00:00:00.000,JAPANESE YEN - CHICAGO MERCANTILE EXCHANGE,62554,16698,47485,91956,139496,2010-10-19,45856,-44471
2010-10-26T00:00:00.000,JAPANESE YEN - CHICAGO MERCANTILE EXCHANGE,61305,18176,48456,91135,139850,2010-10-26,43129,-42679
2010-11-02T00:00:00.000,JAPANESE YEN - CHICAGO MERCANTILE EXCHANGE,63061,16606,45614,95686,140062,2010-11-02,46455,-50072
2010-11-09T00:00:00.000,JAPANESE YEN - CHICAGO MERCANTILE EXCHANGE,54256,17602,51645,85735,140515,2010-11-09,36654,-34090
2010-11-16T00:00:00.000,JAPANESE YEN - CHICAGO MERCANTILE EXCHANGE,47595,24737,54366,73253,131701,2010-11-16,22858,-18887
2010-11-23T00:00:00.000,JAPANESE YEN - CHICAGO MERCANTILE EXCHANGE,51161,23969,51366,74625,129620,2010-11-23,27192,-23259
2010-11-30T00:00:00.000,JAPANESE YEN - CHICAGO MERCANTILE EXCHANGE,55791,25785,51521,75586,133069,2010-11-30,30006,-24065
2010-12-07T00:00:00.000,JAPANESE YEN - CHICAGO MERCANTILE EXCHANGE,47661,24373,55384,74207,132233,2010-12-07,23288,-18823
2010-12-14T00:00:00.000,JAPANESE YEN - CHICAGO MERCANTILE EXCHANGE,34996,22261,41019,43890,96110,2010-12-14,12735,-2871
2010-12-21T00:00:00.000,JAPANESE YEN - CHICAGO MERCANTILE EXCHANGE,34243,21714,36574,38943,90072,2010-12-21,12529,-2369
2010-12-28T00:00:00.000,JAPANESE YEN - CHICAGO MERCANTILE EXCHANGE,49941,20300,35204,59053,109343,2010-12-28,29641,-23849
2011-01-04T00:00:00.000,JAPANESE YEN - CHICAGO MERCANTILE EXCHANGE,65924,26859,35714,74487,128483,2011-01-04,39065,-38773
2011-01-11T00:00:00.000,JAPANESE YEN - CHICAGO MERCANTILE EXCHANGE,43884,19148,39826,57651,107132,2011-01-11,24736,-17825
2011-01-18T00:00:00.000,JAPANESE YEN - CHICAGO MERCANTILE EXCHANGE,46258,25729,38744,53151,110405,2011-01-18,20529,-14407
2011-01-25T00:00:00.000,JAPANESE YEN - CHICAGO MERCANTILE EXCHANGE,54495,22277,36405,63818,116661,2011-01-25,32218,-27413
2011-02-01T00:00:00.000,JAPANESE YEN - CHICAGO MERCANTILE EXCHANGE,52648,21167,36222,61666,116384,2011-02-01,31481,-25444
2011-02-08T00:00:00.000,JAPANESE YEN - CHICAGO MERCANTILE EXCHANGE,56607,19876,34434,63374,117705,2011-02-08,36731,-28940
2011-02-15T00:00:00.000,JAPANESE YEN - CHICAGO MERCANTILE EXCHANGE,24389,42937,71070,37558,116803,2011-02-15,-18548,33512
2011-02-22T00:00:00.000,JAPANESE YEN - CHICAGO MERCANTILE EXCHANGE,23457,51203,78336,37856,124016,2011-02-22,-27746,40480
2011-03-01T00:00:00.000,JAPANESE YEN - CHICAGO MERCANTILE EXCHANGE,62396,21122,47763,79625,136561,2011-03-01,41274,-31862
2011-03-08T00:00:00.000,JAPANESE YEN - CHICAGO MERCANTILE EXCHANGE,43205,26549,60542,68760,131247,2011-03-08,16656,-8218
2011-03-15T00:00:00.000,JAPANESE YEN - CHICAGO MERCANTILE EXCHANGE,52603,22373,29577,56979,114701,2011-03-15,30230,-27402
2011-03-22T00:00:00.000,JAPANESE YEN - CHICAGO MERCANTILE EXCHANGE,52484,17959,30066,65912,112051,2011-03-22,34525,-35846
2011-03-29T00:00:00.000,JAPANESE YEN - CHICAGO MERCANTILE EXCHANGE,37737,30685,33152,38976,100377,2011-03-29,7052,-5824
2011-04-05T00:00:00.000,JAPANESE YEN - CHICAGO MERCANTILE EXCHANGE,16516,59747,81153,19159,120632,2011-04-05,-43231,61994
2011-04-12T00:00:00.000,JAPANESE YEN - CHICAGO MERCANTILE EXCHANGE,14183,67060,95231,18248,130084,2011-04-12,-52877,76983
2011-04-19T00:00:00.000,JAPANESE YEN - CHICAGO MERCANTILE EXCHANGE,12935,65918,96035,21785,127838,2011-04-19,-52983,74250
2011-04-26T00:00:00.000,JAPANESE YEN - CHICAGO MERCANTILE EXCHANGE,14063,51060,76538,22612,114134,2011-04-26,-36997,53926
2011-05-03T00:00:00.000,JAPANESE YEN - CHICAGO MERCANTILE EXCHANGE,19779,38598,58959,27519,104590,2011-05-03,-18819,31440
2011-05-10T00:00:00.000,JAPANESE YEN - CHICAGO MERCANTILE EXCHANGE,36100,23046,40579,41896,102289,2011-05-10,13054,-1317
2011-05-17T00:00:00.000,JAPANESE YEN - CHICAGO MERCANTILE EXCHANGE,38016,22643,40617,43409,103453,2011-05-17,15373,-2792
2011-05-24T00:00:00.000,JAPANESE YEN - CHICAGO MERCANTILE EXCHANGE,32188,24182,41588,41871,99264,2011-05-24,8006,-283
2011-05-31T00:00:00.000,JAPANESE YEN - CHICAGO MERCANTILE EXCHANGE,24186,25834,44221,35534,95929,2011-05-31,-1648,8687
2011-06-07T00:00:00.000,JAPANESE YEN - CHICAGO MERCANTILE EXCHANGE,35883,18252,40964,53425,106199,2011-06-07,17631,-12461
2011-06-14T00:00:00.000,JAPANESE YEN - CHICAGO MERCANTILE EXCHANGE,38618,13850,27559,47182,94483,2011-06-14,24768,-19623
2011-06-21T00:00:00.000,JAPANESE YEN - CHICAGO MERCANTILE EXCHANGE,47074,14480,23172,55263,99071,2011-06-21,32594,-32091
2011-06-28T00:00:00.000,JAPANESE YEN - CHICAGO MERCANTILE EXCHANGE,34319,20696,37464,41037,94286,2011-06-28,13623,-3573
2011-07-05T00:00:00.000,JAPANESE YEN - CHICAGO MERCANTILE EXCHANGE,34595,20268,37001,43359,94901,2011-07-05,14327,-6358
2011-07-12T00:00:00.000,JAPANESE YEN - CHICAGO MERCANTILE EXCHANGE,52277,23989,31775,59654,115846,2011-07-12,28288,-27879
2011-07-19T00:00:00.000,JAPANESE YEN - CHICAGO MERCANTILE EXCHANGE,63535,21380,31874,78836,129653,2011-07-19,42155,-46962
2011-07-26T00:00:00.000,JAPANESE YEN - CHICAGO MERCANTILE EXCHANGE,72114,20812,31950,86498,138932,2011-07-26,51302,-54548
2011-08-02T00:00:00.000,JAPANESE YEN - CHICAGO MERCANTILE EXCHANGE,78855,20022,31542,96406,148888,2011-08-02,58833,-64864
2011-08-09T00:00:00.000,JAPANESE YEN - CHICAGO MERCANTILE EXCHANGE,53386,11237,33208,83110,119904,2011-08-09,42149,-49902
2011-08-16T00:00:00.000,JAPANESE YEN - CHICAGO MERCANTILE EXCHANGE,59060,11712,34111,88078,126262,2011-08-16,47348,-53967
2011-08-23T00:00:00.000,JAPANESE YEN - CHICAGO MERCANTILE EXCHANGE,60831,13692,40500,89204,131217,2011-08-23,47139,-48704
2011-08-30T00:00:00.000,JAPANESE YEN - CHICAGO MERCANTILE EXCHANGE,54136,12951,40060,84413,126128,2011-08-30,41185,-44353
2011-09-06T00:00:00.000,JAPANESE YEN - CHICAGO MERCANTILE EXCHANGE,48125,15338,47213,75362,123412,2011-09-06,32787,-28149
2011-09-13T00:00:00.000,JAPANESE YEN - CHICAGO MERCANTILE EXCHANGE,53778,18823,69951,101512,151535,2011-09-13,34955,-31561
2011-09-20T00:00:00.000,JAPANESE YEN - CHICAGO MERCANTILE EXCHANGE,63888,18271,35079,82253,127828,2011-09-20,45617,-47174
2011-09-27T00:00:00.000,JAPANESE YEN - CHICAGO MERCANTILE EXCHANGE,61166,18844,37340,77590,125732,2011-09-27,42322,-40250
2011-10-04T00:00:00.000,JAPANESE YEN - CHICAGO MERCANTILE EXCHANGE,60867,17405,46805,86267,134724,2011-10-04,43462,-39462
2011-10-11T00:00:00.000,JAPANESE YEN - CHICAGO MERCANTILE EXCHANGE,54190,19071,73150,105272,153849,2011-10-11,35119,-32122
2011-10-18T00:00:00.000,JAPANESE YEN - CHICAGO MERCANTILE EXCHANGE,49047,22140,78263,100223,152255,2011-10-18,26907,-21960
2011-10-25T00:00:00.000,JAPANESE YEN - CHICAGO MERCANTILE EXCHANGE,75999,21720,56542,114802,165616,2011-10-25,54279,-58260
2011-11-01T00:00:00.000,JAPANESE YEN - CHICAGO MERCANTILE EXCHANGE,43671,17767,68980,93739,138045,2011-11-01,25904,-24759
2011-11-08T00:00:00.000,JAPANESE YEN - CHICAGO MERCANTILE EXCHANGE,44320,16243,70785,95839,138981,2011-11-08,28077,-25054
2011-11-15T00:00:00.000,JAPANESE YEN - CHICAGO MERCANTILE EXCHANGE,49916,16236,71117,100819,142233,2011-11-15,33680,-29702
2011-11-22T00:00:00.000,JAPANESE YEN - CHICAGO MERCANTILE EXCHANGE,57018,13838,71333,111966,149571,2011-11-22,43180,-40633
2011-11-29T00:00:00.000,JAPANESE YEN - CHICAGO MERCANTILE EXCHANGE,56162,15615,90534,125881,166279,2011-11-29,40547,-35347
2011-12-06T00:00:00.000,JAPANESE YEN - CHICAGO MERCANTILE EXCHANGE,56817,18546,102825,135080,178625,2011-12-06,38271,-32255
2011-12-13T00:00:00.000,JAPANESE YEN - CHICAGO MERCANTILE EXCHANGE,52249,16649,127716,154671,204818,2011-12-13,35600,-26955
2011-12-20T00:00:00.000,JAPANESE YEN - CHICAGO MERCANTILE EXCHANGE,52148,27672,62663,79993,132006,2011-12-20,24476,-17330
2011-12-27T00:00:00.000,JAPANESE YEN - CHICAGO MERCANTILE EXCHANGE,52691,30106,64648,76831,132557,2011-12-27,22585,-12183
2012-01-03T00:00:00.000,JAPANESE YEN - CHICAGO MERCANTILE EXCHANGE,72986,16505,64329,115986,158719,2012-01-03,56481,-51657
2012-01-10T00:00:00.000,JAPANESE YEN - CHICAGO MERCANTILE EXCHANGE,76671,17014,63448,120176,163533,2012-01-10,59657,-56728
2012-01-17T00:00:00.000,JAPANESE YEN - CHICAGO MERCANTILE EXCHANGE,78355,19493,64244,124129,168070,2012-01-17,58862,-59885
2012-01-24T00:00:00.000,JAPANESE YEN - CHICAGO MERCANTILE EXCHANGE,66194,21827,64774,100438,152061,2012-01-24,44367,-35664
2012-01-31T00:00:00.000,JAPANESE YEN - CHICAGO MERCANTILE EXCHANGE,81054,24385,65159,118220,172967,2012-01-31,56669,-53061
2012-02-07T00:00:00.000,JAPANESE YEN - CHICAGO MERCANTILE EXCHANGE,84847,29676,67345,117566,178512,2012-02-07,55171,-50221
2012-02-14T00:00:00.000,JAPANESE YEN - CHICAGO MERCANTILE EXCHANGE,64096,34637,69188,83587,153683,2012-02-14,29459,-14399
2012-02-21T00:00:00.000,JAPANESE YEN - CHICAGO MERCANTILE EXCHANGE,62062,44805,72539,66143,150551,2012-02-21,17257,6396
2012-02-28T00:00:00.000,JAPANESE YEN - CHICAGO MERCANTILE EXCHANGE,51558,52761,83362,52335,148310,2012-02-28,-1203,31027
2012-03-06T00:00:00.000,JAPANESE YEN - CHICAGO MERCANTILE EXCHANGE,33281,52639,101188,50071,147952,2012-03-06,-19358,51117
2012-03-13T00:00:00.000,JAPANESE YEN - CHICAGO MERCANTILE EXCHANGE,22249,64629,156362,74440,196396,2012-03-13,-42380,81922
2012-03-20T00:00:00.000,JAPANESE YEN - CHICAGO MERCANTILE EXCHANGE,34923,60744,92729,32938,139769,2012-03-20,-25821,59791
2012-03-27T00:00:00.000,JAPANESE YEN - CHICAGO MERCANTILE EXCHANGE,10905,78527,123120,19024,145497,2012-03-27,-67622,104096
2012-04-03T00:00:00.000,JAPANESE YEN - CHICAGO MERCANTILE EXCHANGE,14563,79671,124871,20393,150382,2012-04-03,-65108,104478
2012-04-10T00:00:00.000,JAPANESE YEN - CHICAGO MERCANTILE EXCHANGE,16097,82181,124239,21715,150875,2012-04-10,-66084,102524
2012-04-17T00:00:00.000,JAPANESE YEN - CHICAGO MERCANTILE EXCHANGE,16917,74720,117949,26308,144168,2012-04-17,-57803,91641
2012-04-24T00:00:00.000,JAPANESE YEN - CHICAGO MERCANTILE EXCHANGE,12669,68572,113918,27577,137636,2012-04-24,-55903,86341
2012-05-01T00:00:00.000,JAPANESE YEN - CHICAGO MERCANTILE EXCHANGE,14110,64283,114191,31306,140349,2012-05-01,-50173,82885
2012-05-08T00:00:00.000,JAPANESE YEN - CHICAGO MERCANTILE EXCHANGE,16369,57462,111185,41433,141842,2012-05-08,-41093,69752
2012-05-15T00:00:00.000,JAPANESE YEN - CHICAGO MERCANTILE EXCHANGE,17455,51770,108497,44889,139275,2012-05-15,-34315,63608
2012-05-22T00:00:00.000,JAPANESE YEN - CHICAGO MERCANTILE EXCHANGE,20483,38498,106143,63037,142168,2012-05-22,-18015,43106
2012-05-29T00:00:00.000,JAPANESE YEN - CHICAGO MERCANTILE EXCHANGE,21620,32950,103632,69457,140684,2012-05-29,-11330,34175
2012-06-05T00:00:00.000,JAPANESE YEN - CHICAGO MERCANTILE EXCHANGE,37376,25303,104807,105560,169663,2012-06-05,12073,-753
2012-06-12T00:00:00.000,JAPANESE YEN - CHICAGO MERCANTILE EXCHANGE,38182,25875,113390,109112,174278,2012-06-12,12307,4278
2012-06-19T00:00:00.000,JAPANESE YEN - CHICAGO MERCANTILE EXCHANGE,44740,29603,61597,62271,123868,2012-06-19,15137,-674
2012-06-26T00:00:00.000,JAPANESE YEN - CHICAGO MERCANTILE EXCHANGE,43910,39368,66111,46910,123247,2012-06-26,4542,19201
2012-07-03T00:00:00.000,JAPANESE YEN - CHICAGO MERCANTILE EXCHANGE,36950,32775,66299,48531,117403,2012-07-03,4175,17768
2012-07-10T00:00:00.000,JAPANESE YEN - CHICAGO MERCANTILE EXCHANGE,32920,23968,66776,56267,115522,2012-07-10,8952,10509
2012-07-17T00:00:00.000,JAPANESE YEN - CHICAGO MERCANTILE EXCHANGE,36734,25613,67719,61020,121806,2012-07-17,11121,6699
2012-07-24T00:00:00.000,JAPANESE YEN - CHICAGO MERCANTILE EXCHANGE,52024,26963,65716,79575,139033,2012-07-24,25061,-13859
2012-07-31T00:00:00.000,JAPANESE YEN - CHICAGO MERCANTILE EXCHANGE,55373,23119,64503,87144,144095,2012-07-31,32254,-22641
2012-08-07T00:00:00.000,JAPANESE YEN - CHICAGO MERCANTILE EXCHANGE,55883,28344,69117,85413,148998,2012-08-07,27539,-16296
2012-08-14T00:00:00.000,JAPANESE YEN - CHICAGO MERCANTILE EXCHANGE,55983,25279,71053,87076,151036,2012-08-14,30704,-16023
2012-08-21T00:00:00.000,JAPANESE YEN - CHICAGO MERCANTILE EXCHANGE,43584,32413,78662,67012,141458,2012-08-21,11171,11650
2012-08-28T00:00:00.000,JAPANESE YEN - CHICAGO MERCANTILE EXCHANGE,53571,32015,73630,83302,149444,2012-08-28,21556,-9672
2012-09-04T00:00:00.000,JAPANESE YEN - CHICAGO MERCANTILE EXCHANGE,55133,31126,72936,90420,152452,2012-09-04,24007,-17484
2012-09-11T00:00:00.000,JAPANESE YEN - CHICAGO MERCANTILE EXCHANGE,60862,28089,82795,108142,176618,2012-09-11,32773,-25347
2012-09-18T00:00:00.000,JAPANESE YEN - CHICAGO MERCANTILE EXCHANGE,41500,26024,63586,69015,128862,2012-09-18,15476,-5429
2012-09-25T00:00:00.000,JAPANESE YEN - CHICAGO MERCANTILE EXCHANGE,47318,26207,65054,76712,137692,2012-09-25,21111,-11658
2012-10-02T00:00:00.000,JAPANESE YEN - CHICAGO MERCANTILE EXCHANGE,52696,23361,62717,85238,141693,2012-10-02,29335,-22521
2012-10-09T00:00:00.000,JAPANESE YEN - CHICAGO MERCANTILE EXCHANGE,40778,27864,66521,65634,127442,2012-10-09,12914,887
2012-10-16T00:00:00.000,JAPANESE YEN - CHICAGO MERCANTILE EXCHANGE,42767,32681,69304,61777,131343,2012-10-16,10086,7527
2012-10-23T00:00:00.000,JAPANESE YEN - CHICAGO MERCANTILE EXCHANGE,25550,43746,97898,45592,137135,2012-10-23,-18196,52306
2012-10-30T00:00:00.000,JAPANESE YEN - CHICAGO MERCANTILE EXCHANGE,19886,56906,115218,38637,147135,2012-10-30,-37020,76581
2012-11-06T00:00:00.000,JAPANESE YEN - CHICAGO MERCANTILE EXCHANGE,24966,65070,126094,40947,161552,2012-11-06,-40104,85147
2012-11-13T00:00:00.000,JAPANESE YEN - CHICAGO MERCANTILE EXCHANGE,21980,52427,121760,52081,155931,2012-11-13,-30447,69679
2012-11-20T00:00:00.000,JAPANESE YEN - CHICAGO MERCANTILE EXCHANGE,28272,79661,139472,42709,180979,2012-11-20,-51389,96763
2012-11-27T00:00:00.000,JAPANESE YEN - CHICAGO MERCANTILE EXCHANGE,27027,106493,168514,41143,208130,2012-11-27,-79466,127371
2012-12-04T00:00:00.000,JAPANESE YEN - CHICAGO MERCANTILE EXCHANGE,20929,111255,184151,42934,220982,2012-12-04,-90326,141217
2012-12-11T00:00:00.000,JAPANESE YEN - CHICAGO MERCANTILE EXCHANGE,16369,110770,223697,85181,267582,2012-12-11,-94401,138516
2012-12-18T00:00:00.000,JAPANESE YEN - CHICAGO MERCANTILE EXCHANGE,27935,117098,154980,19027,196662,2012-12-18,-89163,135953
2012-12-24T00:00:00.000,JAPANESE YEN - CHICAGO MERCANTILE EXCHANGE,26757,112365,156054,19369,195705,2012-12-24,-85608,136685
2012-12-31T00:00:00.000,JAPANESE YEN - CHICAGO MERCANTILE EXCHANGE,30432,110949,148129,22501,194632,2012-12-31,-80517,125628
2013-01-08T00:00:00.000,JAPANESE YEN - CHICAGO MERCANTILE EXCHANGE,32129,106225,145773,29338,193295,2013-01-08,-74096,116435
2013-01-15T00:00:00.000,JAPANESE YEN - CHICAGO MERCANTILE EXCHANGE,39447,105174,139213,30322,196509,2013-01-15,-65727,108891
2013-01-22T00:00:00.000,JAPANESE YEN - CHICAGO MERCANTILE EXCHANGE,41983,106051,143304,33323,202225,2013-01-22,-64068,109981
2013-01-29T00:00:00.000,JAPANESE YEN - CHICAGO MERCANTILE EXCHANGE,48476,119722,156122,32810,219635,2013-01-29,-71246,123312
2013-02-05T00:00:00.000,JAPANESE YEN - CHICAGO MERCANTILE EXCHANGE,50667,119080,148558,34015,217709,2013-02-05,-68413,114543
2013-02-12T00:00:00.000,JAPANESE YEN - CHICAGO MERCANTILE EXCHANGE,55782,117088,139903,35693,215036,2013-02-12,-61306,104210
2013-02-19T00:00:00.000,JAPANESE YEN - CHICAGO MERCANTILE EXCHANGE,54662,120553,145939,33781,218241,2013-02-19,-65891,112158
2013-02-26T00:00:00.000,JAPANESE YEN - CHICAGO MERCANTILE EXCHANGE,51998,117342,144872,40046,216323,2013-02-26,-65344,104826
2013-03-05T00:00:00.000,JAPANESE YEN - CHICAGO MERCANTILE EXCHANGE,50958,124309,171200,58220,241938,2013-03-05,-73351,112980
2013-03-12T00:00:00.000,JAPANESE YEN - CHICAGO MERCANTILE EXCHANGE,51240,145003,196716,62851,288474,2013-03-12,-93763,133865
2013-03-19T00:00:00.000,JAPANESE YEN - CHICAGO MERCANTILE EXCHANGE,55408,135401,143405,24443,216674,2013-03-19,-79993,118962
2013-03-26T00:00:00.000,JAPANESE YEN - CHICAGO MERCANTILE EXCHANGE,46931,136080,156848,27109,220896,2013-03-26,-89149,129739
2013-04-02T00:00:00.000,JAPANESE YEN - CHICAGO MERCANTILE EXCHANGE,46966,125137,151691,35250,213997,2013-04-02,-78171,116441
2013-04-09T00:00:00.000,JAPANESE YEN - CHICAGO MERCANTILE EXCHANGE,39699,117396,160513,43760,220626,2013-04-09,-77697,116753
2013-04-16T00:00:00.000,JAPANESE YEN - CHICAGO MERCANTILE EXCHANGE,26448,119859,171927,34436,214577,2013-04-16,-93411,137491
2013-04-23T00:00:00.000,JAPANESE YEN - CHICAGO MERCANTILE EXCHANGE,25942,105672,159437,38364,204150,2013-04-23,-79730,121073
2013-04-30T00:00:00.000,JAPANESE YEN - CHICAGO MERCANTILE EXCHANGE,24872,95999,153823,42753,198106,2013-04-30,-71127,111070
2013-05-07T00:00:00.000,JAPANESE YEN - CHICAGO MERCANTILE EXCHANGE,27886,106446,160636,43166,209370,2013-05-07,-78560,117470
2013-05-14T00:00:00.000,JAPANESE YEN - CHICAGO MERCANTILE EXCHANGE,28882,117289,179917,46082,229746,2013-05-14,-88407,133835
2013-05-21T00:00:00.000,JAPANESE YEN - CHICAGO MERCANTILE EXCHANGE,19454,114640,188237,49605,227826,2013-05-21,-95186,138632
2013-05-28T00:00:00.000,JAPANESE YEN - CHICAGO MERCANTILE EXCHANGE,18406,118175,192440,51894,231012,2013-05-28,-99769,140546
2013-06-04T00:00:00.000,JAPANESE YEN - CHICAGO MERCANTILE EXCHANGE,19176,101920,180807,57574,219135,2013-06-04,-82744,123233
2013-06-11T00:00:00.000,JAPANESE YEN - CHICAGO MERCANTILE EXCHANGE,21722,94628,184780,74981,243644,2013-06-11,-72906,109799
2013-06-18T00:00:00.000,JAPANESE YEN - CHICAGO MERCANTILE EXCHANGE,23010,84900,124994,27276,163921,2013-06-18,-61890,97718
2013-06-25T00:00:00.000,JAPANESE YEN - CHICAGO MERCANTILE EXCHANGE,24376,85838,117936,30267,161160,2013-06-25,-61462,87669
2013-07-02T00:00:00.000,JAPANESE YEN - CHICAGO MERCANTILE EXCHANGE,27336,98072,134078,30333,178926,2013-07-02,-70736,103745
2013-07-09T00:00:00.000,JAPANESE YEN - CHICAGO MERCANTILE EXCHANGE,25117,105422,143908,29164,185249,2013-07-09,-80305,114744
2013-07-16T00:00:00.000,JAPANESE YEN - CHICAGO MERCANTILE EXCHANGE,20220,105982,146421,29465,182429,2013-07-16,-85762,116956
2013-07-23T00:00:00.000,JAPANESE YEN - CHICAGO MERCANTILE EXCHANGE,22513,110009,148002,27661,187250,2013-07-23,-87496,120341
2013-07-30T00:00:00.000,JAPANESE YEN - CHICAGO MERCANTILE EXCHANGE,18216,100351,137588,29591,174872,2013-07-30,-82135,107997
2013-08-06T00:00:00.000,JAPANESE YEN - CHICAGO MERCANTILE EXCHANGE,19421,99634,134398,26560,172059,2013-08-06,-80213,107838
2013-08-13T00:00:00.000,JAPANESE YEN - CHICAGO MERCANTILE EXCHANGE,17375,91837,123280,23241,159496,2013-08-13,-74462,100039
2013-08-20T00:00:00.000,JAPANESE YEN - CHICAGO MERCANTILE EXCHANGE,19720,91441,122724,28763,162168,2013-08-20,-71721,93961
2013-08-27T00:00:00.000,JAPANESE YEN - CHICAGO MERCANTILE EXCHANGE,23396,101749,126655,28903,175588,2013-08-27,-78353,97752
2013-09-03T00:00:00.000,JAPANESE YEN - CHICAGO MERCANTILE EXCHANGE,27665,107426,134526,24138,178360,2013-09-03,-79761,110388
2013-09-10T00:00:00.000,JAPANESE YEN - CHICAGO MERCANTILE EXCHANGE,18854,113920,150685,20449,197099,2013-09-10,-95066,130236
2013-09-17T00:00:00.000,JAPANESE YEN - CHICAGO MERCANTILE EXCHANGE,26088,114882,136389,14059,177045,2013-09-17,-88794,122330
2013-09-24T00:00:00.000,JAPANESE YEN - CHICAGO MERCANTILE EXCHANGE,18173,110991,142849,16193,174892,2013-09-24,-92818,126656
2013-10-01T00:00:00.000,JAPANESE YEN - CHICAGO MERCANTILE EXCHANGE,18634,100958,134090,23302,170525,2013-10-01,-82324,110788
2013-10-08T00:00:00.000,JAPANESE YEN - CHICAGO MERCANTILE EXCHANGE,28165,85262,119861,33058,165957,2013-10-08,-57097,86803
2013-10-15T00:00:00.000,JAPANESE YEN - CHICAGO MERCANTILE EXCHANGE,25392,84658,118174,30699,159871,2013-10-15,-59266,87475
2013-10-22T00:00:00.000,JAPANESE YEN - CHICAGO MERCANTILE EXCHANGE,13928,85730,121556,22992,152938,2013-10-22,-71802,98564
2013-10-29T00:00:00.000,JAPANESE YEN - CHICAGO MERCANTILE EXCHANGE,17483,79878,117588,26071,151987,2013-10-29,-62395,91517
2013-11-05T00:00:00.000,JAPANESE YEN - CHICAGO MERCANTILE EXCHANGE,18734,92526,135153,26248,169004,2013-11-05,-73792,108905
2013-11-12T00:00:00.000,JAPANESE YEN - CHICAGO MERCANTILE EXCHANGE,20977,116084,160368,22303,195690,2013-11-12,-95107,138065
2013-11-19T00:00:00.000,JAPANESE YEN - CHICAGO MERCANTILE EXCHANGE,19424,131640,180482,25160,214211,2013-11-19,-112216,155322
2013-11-26T00:00:00.000,JAPANESE YEN - CHICAGO MERCANTILE EXCHANGE,23999,147201,195667,27088,236713,2013-11-26,-123202,168579
2013-12-03T00:00:00.000,JAPANESE YEN - CHICAGO MERCANTILE EXCHANGE,21290,154673,205013,28324,245167,2013-12-03,-133383,176689
2013-12-10T00:00:00.000,JAPANESE YEN - CHICAGO MERCANTILE EXCHANGE,18085,147796,213744,42767,262229,2013-12-10,-129711,170977
2013-12-17T00:00:00.000,JAPANESE YEN - CHICAGO MERCANTILE EXCHANGE,22225,152448,194899,24816,232743,2013-12-17,-130223,170083
2013-12-24T00:00:00.000,JAPANESE YEN - CHICAGO MERCANTILE EXCHANGE,14261,158083,210400,25214,239160,2013-12-24,-143822,185186
2013-12-31T00:00:00.000,JAPANESE YEN - CHICAGO MERCANTILE EXCHANGE,14274,149502,203112,26914,232225,2013-12-31,-135228,176198
2014-01-07T00:00:00.000,JAPANESE YEN - CHICAGO MERCANTILE EXCHANGE,11340,140208,201400,32272,230156,2014-01-07,-128868,169128
2014-01-14T00:00:00.000,JAPANESE YEN - CHICAGO MERCANTILE EXCHANGE,10754,128820,188796,36492,218324,2014-01-14,-118066,152304
2014-01-21T00:00:00.000,JAPANESE YEN - CHICAGO MERCANTILE EXCHANGE,13128,128089,186273,38501,217548,2014-01-21,-114961,147772
2014-01-28T00:00:00.000,JAPANESE YEN - CHICAGO MERCANTILE EXCHANGE,15977,102169,166773,53084,203014,2014-01-28,-86192,113689
2014-02-04T00:00:00.000,JAPANESE YEN - CHICAGO MERCANTILE EXCHANGE,15896,92725,164538,59479,199361,2014-02-04,-76829,105059
2014-02-11T00:00:00.000,JAPANESE YEN - CHICAGO MERCANTILE EXCHANGE,13686,92472,164935,57951,196435,2014-02-11,-78786,106984
2014-02-18T00:00:00.000,JAPANESE YEN - CHICAGO MERCANTILE EXCHANGE,16736,96520,165294,54209,200057,2014-02-18,-79784,111085
2014-02-25T00:00:00.000,JAPANESE YEN - CHICAGO MERCANTILE EXCHANGE,14727,99817,169868,58021,203743,2014-02-25,-85090,111847
2014-03-04T00:00:00.000,JAPANESE YEN - CHICAGO MERCANTILE EXCHANGE,20407,100116,164751,56091,205886,2014-03-04,-79709,108660
2014-03-11T00:00:00.000,JAPANESE YEN - CHICAGO MERCANTILE EXCHANGE,15726,115082,179595,49844,242170,2014-03-11,-99356,129751
2014-03-18T00:00:00.000,JAPANESE YEN - CHICAGO MERCANTILE EXCHANGE,24144,85243,110724,29093,156922,2014-03-18,-61099,81631
2014-03-25T00:00:00.000,JAPANESE YEN - CHICAGO MERCANTILE EXCHANGE,17600,86487,125024,28119,158280,2014-03-25,-68887,96905
2014-04-01T00:00:00.000,JAPANESE YEN - CHICAGO MERCANTILE EXCHANGE,22162,110800,150350,27300,188464,2014-04-01,-88638,123050
2014-04-08T00:00:00.000,JAPANESE YEN - CHICAGO MERCANTILE EXCHANGE,13340,100802,148721,33848,181814,2014-04-08,-87462,114873
2014-04-15T00:00:00.000,JAPANESE YEN - CHICAGO MERCANTILE EXCHANGE,14351,83067,126913,36170,164843,2014-04-15,-68716,90743
2014-04-22T00:00:00.000,JAPANESE YEN - CHICAGO MERCANTILE EXCHANGE,16564,83807,128226,36851,165674,2014-04-22,-67243,91375
2014-04-29T00:00:00.000,JAPANESE YEN - CHICAGO MERCANTILE EXCHANGE,13846,84198,134782,36404,168820,2014-04-29,-70352,98378
2014-05-06T00:00:00.000,JAPANESE YEN - CHICAGO MERCANTILE EXCHANGE,20381,81109,121860,38948,167093,2014-05-06,-60728,82912
2014-05-13T00:00:00.000,JAPANESE YEN - CHICAGO MERCANTILE EXCHANGE,17471,82178,125523,35537,164707,2014-05-13,-64707,89986
2014-05-20T00:00:00.000,JAPANESE YEN - CHICAGO MERCANTILE EXCHANGE,18681,72468,117310,48851,164819,2014-05-20,-53787,68459
2014-05-27T00:00:00.000,JAPANESE YEN - CHICAGO MERCANTILE EXCHANGE,16999,76035,122450,41476,162820,2014-05-27,-59036,80974
2014-06-03T00:00:00.000,JAPANESE YEN - CHICAGO MERCANTILE EXCHANGE,12578,86796,140423,32870,171804,2014-06-03,-74218,107553
2014-06-10T00:00:00.000,JAPANESE YEN - CHICAGO MERCANTILE EXCHANGE,11893,94055,159506,45432,201094,2014-06-10,-82162,114074
2014-06-17T00:00:00.000,JAPANESE YEN - CHICAGO MERCANTILE EXCHANGE,17832,85870,118464,22791,153007,2014-06-17,-68038,95673
2014-06-24T00:00:00.000,JAPANESE YEN - CHICAGO MERCANTILE EXCHANGE,10325,81548,120767,23589,148257,2014-06-24,-71223,97178
2014-07-01T00:00:00.000,JAPANESE YEN - CHICAGO MERCANTILE EXCHANGE,18739,77425,111566,38203,156480,2014-07-01,-58686,73363
2014-07-08T00:00:00.000,JAPANESE YEN - CHICAGO MERCANTILE EXCHANGE,11174,77549,123987,39057,157710,2014-07-08,-66375,84930
2014-07-15T00:00:00.000,JAPANESE YEN - CHICAGO MERCANTILE EXCHANGE,8385,71333,126301,44365,155127,2014-07-15,-62948,81936
2014-07-22T00:00:00.000,JAPANESE YEN - CHICAGO MERCANTILE EXCHANGE,11979,65895,126976,53840,162029,2014-07-22,-53916,73136
2014-07-29T00:00:00.000,JAPANESE YEN - CHICAGO MERCANTILE EXCHANGE,7828,80897,144166,45367,172210,2014-07-29,-73069,98799
2014-08-05T00:00:00.000,JAPANESE YEN - CHICAGO MERCANTILE EXCHANGE,9896,105295,165996,31496,192906,2014-08-05,-95399,134500
2014-08-12T00:00:00.000,JAPANESE YEN - CHICAGO MERCANTILE EXCHANGE,12518,93615,162443,50515,192140,2014-08-12,-81097,111928
2014-08-19T00:00:00.000,JAPANESE YEN - CHICAGO MERCANTILE EXCHANGE,17976,105247,169000,41658,203180,2014-08-19,-87271,127342
2014-08-26T00:00:00.000,JAPANESE YEN - CHICAGO MERCANTILE EXCHANGE,19512,122403,181291,32177,218009,2014-08-26,-102891,149114
2014-09-02T00:00:00.000,JAPANESE YEN - CHICAGO MERCANTILE EXCHANGE,15485,132793,196512,33081,230937,2014-09-02,-117308,163431
2014-09-09T00:00:00.000,JAPANESE YEN - CHICAGO MERCANTILE EXCHANGE,17280,117953,203368,56189,255624,2014-09-09,-100673,147179
2014-09-16T00:00:00.000,JAPANESE YEN - CHICAGO MERCANTILE EXCHANGE,37617,120799,157321,27095,208235,2014-09-16,-83182,130226
2014-09-23T00:00:00.000,JAPANESE YEN - CHICAGO MERCANTILE EXCHANGE,28391,133813,174766,27983,222214,2014-09-23,-105422,146783
2014-09-30T00:00:00.000,JAPANESE YEN - CHICAGO MERCANTILE EXCHANGE,29910,150788,192095,29618,239477,2014-09-30,-120878,162477
2014-10-07T00:00:00.000,JAPANESE YEN - CHICAGO MERCANTILE EXCHANGE,24837,137388,174647,26205,223255,2014-10-07,-112551,148442
2014-10-14T00:00:00.000,JAPANESE YEN - CHICAGO MERCANTILE EXCHANGE,22839,123986,170600,31438,212420,2014-10-14,-101147,139162
2014-10-21T00:00:00.000,JAPANESE YEN - CHICAGO MERCANTILE EXCHANGE,26634,98372,140081,33149,185412,2014-10-21,-71738,106932
2014-10-28T00:00:00.000,JAPANESE YEN - CHICAGO MERCANTILE EXCHANGE,23883,91282,139790,38583,184120,2014-10-28,-67399,101207
2014-11-04T00:00:00.000,JAPANESE YEN - CHICAGO MERCANTILE EXCHANGE,37917,109568,150672,34836,207974,2014-11-04,-71651,115836
2014-11-11T00:00:00.000,JAPANESE YEN - CHICAGO MERCANTILE EXCHANGE,47271,129834,161168,36695,227576,2014-11-11,-82563,124473
2014-11-18T00:00:00.000,JAPANESE YEN - CHICAGO MERCANTILE EXCHANGE,46612,139066,171130,38295,238898,2014-11-18,-92454,132835
2014-11-25T00:00:00.000,JAPANESE YEN - CHICAGO MERCANTILE EXCHANGE,46304,150684,184551,37568,253976,2014-11-25,-104380,146983
2014-12-02T00:00:00.000,JAPANESE YEN - CHICAGO MERCANTILE EXCHANGE,41530,152690,192591,35841,257828,2014-12-02,-111160,156750
2014-12-09T00:00:00.000,JAPANESE YEN - CHICAGO MERCANTILE EXCHANGE,38067,142203,207616,62695,279859,2014-12-09,-104136,144921
2014-12-16T00:00:00.000,JAPANESE YEN - CHICAGO MERCANTILE EXCHANGE,45652,132579,161934,31809,227685,2014-12-16,-86927,130125
2014-12-23T00:00:00.000,JAPANESE YEN - CHICAGO MERCANTILE EXCHANGE,29021,122763,176015,38120,226107,2014-12-23,-93742,137895
2014-12-30T00:00:00.000,JAPANESE YEN - CHICAGO MERCANTILE EXCHANGE,28836,125155,174779,38377,226629,2014-12-30,-96319,136402
2015-01-06T00:00:00.000,JAPANESE YEN - CHICAGO MERCANTILE EXCHANGE,33160,123243,172310,41593,228954,2015-01-06,-90083,130717
2015-01-13T00:00:00.000,JAPANESE YEN - CHICAGO MERCANTILE EXCHANGE,25872,120497,182073,47978,231223,2015-01-13,-94625,134095
2015-01-20T00:00:00.000,JAPANESE YEN - CHICAGO MERCANTILE EXCHANGE,26525,104411,164972,48783,215413,2015-01-20,-77886,116189
2015-01-27T00:00:00.000,JAPANESE YEN - CHICAGO MERCANTILE EXCHANGE,26526,91184,155145,54103,202571,2015-01-27,-64658,101042
2015-02-03T00:00:00.000,JAPANESE YEN - CHICAGO MERCANTILE EXCHANGE,25586,85157,157407,61268,203963,2015-02-03,-59571,96139
2015-02-10T00:00:00.000,JAPANESE YEN - CHICAGO MERCANTILE EXCHANGE,25884,81008,160293,59335,204193,2015-02-10,-55124,100958
2015-02-17T00:00:00.000,JAPANESE YEN - CHICAGO MERCANTILE EXCHANGE,31269,80360,152950,60096,203555,2015-02-17,-49091,92854
2015-02-24T00:00:00.000,JAPANESE YEN - CHICAGO MERCANTILE EXCHANGE,31611,79123,149980,62607,202438,2015-02-24,-47512,87373
2015-03-03T00:00:00.000,JAPANESE YEN - CHICAGO MERCANTILE EXCHANGE,33944,86465,158423,64993,210611,2015-03-03,-52521,93430
2015-03-10T00:00:00.000,JAPANESE YEN - CHICAGO MERCANTILE EXCHANGE,32898,92285,169840,59731,235089,2015-03-10,-59387,110109
2015-03-17T00:00:00.000,JAPANESE YEN - CHICAGO MERCANTILE EXCHANGE,44496,92550,138442,40731,195913,2015-03-17,-48054,97711
2015-03-24T00:00:00.000,JAPANESE YEN - CHICAGO MERCANTILE EXCHANGE,39156,85061,126021,40043,181026,2015-03-24,-45905,85978
2015-03-31T00:00:00.000,JAPANESE YEN - CHICAGO MERCANTILE EXCHANGE,44409,68333,116378,53965,177478,2015-03-31,-23924,62413
2015-04-07T00:00:00.000,JAPANESE YEN - CHICAGO MERCANTILE EXCHANGE,53320,77769,118118,54475,189444,2015-04-07,-24449,63643
2015-04-14T00:00:00.000,JAPANESE YEN - CHICAGO MERCANTILE EXCHANGE,54783,77853,121029,64194,195230,2015-04-14,-23070,56835
2015-04-21T00:00:00.000,JAPANESE YEN - CHICAGO MERCANTILE EXCHANGE,51520,65968,120368,70330,189332,2015-04-21,-14448,50038
2015-04-28T00:00:00.000,JAPANESE YEN - CHICAGO MERCANTILE EXCHANGE,48721,54214,118521,85966,188079,2015-04-28,-5493,32555
2015-05-05T00:00:00.000,JAPANESE YEN - CHICAGO MERCANTILE EXCHANGE,41852,73035,139448,72449,198886,2015-05-05,-31183,66999
2015-05-12T00:00:00.000,JAPANESE YEN - CHICAGO MERCANTILE EXCHANGE,37848,61441,137626,78612,193296,2015-05-12,-23593,59014
2015-05-19T00:00:00.000,JAPANESE YEN - CHICAGO MERCANTILE EXCHANGE,63398,85403,153519,82936,231658,2015-05-19,-22005,70583
2015-05-26T00:00:00.000,JAPANESE YEN - CHICAGO MERCANTILE EXCHANGE,50210,112434,183190,65232,251744,2015-05-26,-62224,117958
2015-06-02T00:00:00.000,JAPANESE YEN - CHICAGO MERCANTILE EXCHANGE,46681,132374,193122,52276,260104,2015-06-02,-85693,140846
2015-06-09T00:00:00.000,JAPANESE YEN - CHICAGO MERCANTILE EXCHANGE,42440,158726,234607,60130,306449,2015-06-09,-116286,174477
2015-06-16T00:00:00.000,JAPANESE YEN - CHICAGO MERCANTILE EXCHANGE,64760,145424,180102,49482,262329,2015-06-16,-80664,130620
2015-06-23T00:00:00.000,JAPANESE YEN - CHICAGO MERCANTILE EXCHANGE,39019,126736,190910,55586,247839,2015-06-23,-87717,135324
2015-06-30T00:00:00.000,JAPANESE YEN - CHICAGO MERCANTILE EXCHANGE,45479,124301,187745,70463,254014,2015-06-30,-78822,117282
2015-07-07T00:00:00.000,JAPANESE YEN - CHICAGO MERCANTILE EXCHANGE,46070,109699,184004,83539,250828,2015-07-07,-63629,100465
2015-07-14T00:00:00.000,JAPANESE YEN - CHICAGO MERCANTILE EXCHANGE,49167,96538,178906,95409,247704,2015-07-14,-47371,83497
2015-07-21T00:00:00.000,JAPANESE YEN - CHICAGO MERCANTILE EXCHANGE,50899,113213,181299,81664,251136,2015-07-21,-62314,99635
2015-07-28T00:00:00.000,JAPANESE YEN - CHICAGO MERCANTILE EXCHANGE,46270,109808,180620,81388,246269,2015-07-28,-63538,99232
2015-08-04T00:00:00.000,JAPANESE YEN - CHICAGO MERCANTILE EXCHANGE,49906,129622,185079,65098,252655,2015-08-04,-79716,119981
2015-08-11T00:00:00.000,JAPANESE YEN - CHICAGO MERCANTILE EXCHANGE,45768,150994,199520,51445,264608,2015-08-11,-105226,148075
2015-08-18T00:00:00.000,JAPANESE YEN - CHICAGO MERCANTILE EXCHANGE,45935,136065,185657,60438,251418,2015-08-18,-90130,125219
2015-08-25T00:00:00.000,JAPANESE YEN - CHICAGO MERCANTILE EXCHANGE,59922,98981,173759,119045,260458,2015-08-25,-39059,54714
2015-09-01T00:00:00.000,JAPANESE YEN - CHICAGO MERCANTILE EXCHANGE,68023,83578,179349,150846,273205,2015-09-01,-15555,28503
2015-09-08T00:00:00.000,JAPANESE YEN - CHICAGO MERCANTILE EXCHANGE,63121,69783,185864,164852,279712,2015-09-08,-6662,21012
2015-09-15T00:00:00.000,JAPANESE YEN - CHICAGO MERCANTILE EXCHANGE,36449,63263,107374,67815,166081,2015-09-15,-26814,39559
2015-09-22T00:00:00.000,JAPANESE YEN - CHICAGO MERCANTILE EXCHANGE,48282,71960,103792,72205,177439,2015-09-22,-23678,31587
2015-09-29T00:00:00.000,JAPANESE YEN - CHICAGO MERCANTILE EXCHANGE,39753,61805,109614,77076,174697,2015-09-29,-22052,32538
2015-10-06T00:00:00.000,JAPANESE YEN - CHICAGO MERCANTILE EXCHANGE,39050,56649,107023,76265,170780,2015-10-06,-17599,30758
2015-10-13T00:00:00.000,JAPANESE YEN - CHICAGO MERCANTILE EXCHANGE,38004,51836,106019,84263,169873,2015-10-13,-13832,21756
2015-10-20T00:00:00.000,JAPANESE YEN - CHICAGO MERCANTILE EXCHANGE,48747,52386,109001,95934,184281,2015-10-20,-3639,13067
2015-10-27T00:00:00.000,JAPANESE YEN - CHICAGO MERCANTILE EXCHANGE,36437,70348,128969,73765,189472,2015-10-27,-33911,55204
2015-11-03T00:00:00.000,JAPANESE YEN - CHICAGO MERCANTILE EXCHANGE,41489,85276,140770,75643,204271,2015-11-03,-43787,65127
2015-11-10T00:00:00.000,JAPANESE YEN - CHICAGO MERCANTILE EXCHANGE,35081,101969,177813,80127,234202,2015-11-10,-66888,97686
2015-11-17T00:00:00.000,JAPANESE YEN - CHICAGO MERCANTILE EXCHANGE,34475,113086,194025,82801,250346,2015-11-17,-78611,111224
2015-11-24T00:00:00.000,JAPANESE YEN - CHICAGO MERCANTILE EXCHANGE,30277,107613,194629,86696,247513,2015-11-24,-77336,107933
2015-12-01T00:00:00.000,JAPANESE YEN - CHICAGO MERCANTILE EXCHANGE,31228,106129,197457,92536,253505,2015-12-01,-74901,104921
2015-12-08T00:00:00.000,JAPANESE YEN - CHICAGO MERCANTILE EXCHANGE,26400,94450,189782,91225,246055,2015-12-08,-68050,98557
2015-12-15T00:00:00.000,JAPANESE YEN - CHICAGO MERCANTILE EXCHANGE,37301,63881,134622,92036,194196,2015-12-15,-26580,42586
2015-12-22T00:00:00.000,JAPANESE YEN - CHICAGO MERCANTILE EXCHANGE,37677,68044,141911,90973,197375,2015-12-22,-30367,50938
2015-12-29T00:00:00.000,JAPANESE YEN - CHICAGO MERCANTILE EXCHANGE,45008,62234,131111,96331,196825,2015-12-29,-17226,34780
2016-01-05T00:00:00.000,JAPANESE YEN - CHICAGO MERCANTILE EXCHANGE,67471,63368,127747,123204,220707,2016-01-05,4103,4543
2016-01-12T00:00:00.000,JAPANESE YEN - CHICAGO MERCANTILE EXCHANGE,78385,53119,130859,154704,241366,2016-01-12,25266,-23845
2016-01-19T00:00:00.000,JAPANESE YEN - CHICAGO MERCANTILE EXCHANGE,84485,46832,128081,168498,247614,2016-01-19,37653,-40417
2016-01-26T00:00:00.000,JAPANESE YEN - CHICAGO MERCANTILE EXCHANGE,92628,42602,124038,178679,250711,2016-01-26,50026,-54641
2016-02-02T00:00:00.000,JAPANESE YEN - CHICAGO MERCANTILE EXCHANGE,82108,44863,130736,157826,237289,2016-02-02,37245,-27090
2016-02-09T00:00:00.000,JAPANESE YEN - CHICAGO MERCANTILE EXCHANGE,75811,32579,131862,172663,237081,2016-02-09,43232,-40801
2016-02-16T00:00:00.000,JAPANESE YEN - CHICAGO MERCANTILE EXCHANGE,84518,36617,131826,183285,248985,2016-02-16,47901,-51459
2016-02-23T00:00:00.000,JAPANESE YEN - CHICAGO MERCANTILE EXCHANGE,92376,39642,131150,188392,257064,2016-02-23,52734,-57242
2016-03-01T00:00:00.000,JAPANESE YEN - CHICAGO MERCANTILE EXCHANGE,94070,34445,132993,191615,261679,2016-03-01,59625,-58622
2016-03-08T00:00:00.000,JAPANESE YEN - CHICAGO MERCANTILE EXCHANGE,93867,29534,153269,218579,289879,2016-03-08,64333,-65310
2016-03-15T00:00:00.000,JAPANESE YEN - CHICAGO MERCANTILE EXCHANGE,79426,33937,32762,79738,140084,2016-03-15,45489,-46976
2016-03-22T00:00:00.000,JAPANESE YEN - CHICAGO MERCANTILE EXCHANGE,82812,29466,32265,89776,146421,2016-03-22,53346,-57511
2016-03-29T00:00:00.000,JAPANESE YEN - CHICAGO MERCANTILE EXCHANGE,84870,30483,32118,92081,148292,2016-03-29,54387,-59963
2016-04-05T00:00:00.000,JAPANESE YEN - CHICAGO MERCANTILE EXCHANGE,98130,38057,32451,101508,166831,2016-04-05,60073,-69057
2016-04-12T00:00:00.000,JAPANESE YEN - CHICAGO MERCANTILE EXCHANGE,100120,33930,38652,109410,173515,2016-04-12,66190,-70758
2016-04-19T00:00:00.000,JAPANESE YEN - CHICAGO MERCANTILE EXCHANGE,105710,33840,41258,118087,179888,2016-04-19,71870,-76829
2016-04-26T00:00:00.000,JAPANESE YEN - CHICAGO MERCANTILE EXCHANGE,97470,30972,40734,108419,168767,2016-04-26,66498,-67685
2016-05-03T00:00:00.000,JAPANESE YEN - CHICAGO MERCANTILE EXCHANGE,85627,24106,41904,107399,161529,2016-05-03,61521,-65495
2016-05-10T00:00:00.000,JAPANESE YEN - CHICAGO MERCANTILE EXCHANGE,88897,29850,43309,106603,165549,2016-05-10,59047,-63294
2016-05-17T00:00:00.000,JAPANESE YEN - CHICAGO MERCANTILE EXCHANGE,86165,27246,41969,104408,158909,2016-05-17,58919,-62439
2016-05-24T00:00:00.000,JAPANESE YEN - CHICAGO MERCANTILE EXCHANGE,54792,32733,73603,96638,159833,2016-05-24,22059,-23035
2016-05-31T00:00:00.000,JAPANESE YEN - CHICAGO MERCANTILE EXCHANGE,46964,32127,78749,92275,156499,2016-05-31,14837,-13526
2016-06-07T00:00:00.000,JAPANESE YEN - CHICAGO MERCANTILE EXCHANGE,68237,25384,72616,116477,180894,2016-06-07,42853,-43861
2016-06-14T00:00:00.000,JAPANESE YEN - CHICAGO MERCANTILE EXCHANGE,77703,22013,28678,86062,139052,2016-06-14,55690,-57384
2016-06-21T00:00:00.000,JAPANESE YEN - CHICAGO MERCANTILE EXCHANGE,79398,27102,30450,86992,144710,2016-06-21,52296,-56542
2016-06-28T00:00:00.000,JAPANESE YEN - CHICAGO MERCANTILE EXCHANGE,85493,25743,30249,88316,143117,2016-06-28,59750,-58067
2016-07-05T00:00:00.000,JAPANESE YEN - CHICAGO MERCANTILE EXCHANGE,87037,23469,32637,97652,150417,2016-07-05,63568,-65015
2016-07-12T00:00:00.000,JAPANESE YEN - CHICAGO MERCANTILE EXCHANGE,85364,37819,46842,88850,161262,2016-07-12,47545,-42008
2016-07-19T00:00:00.000,JAPANESE YEN - CHICAGO MERCANTILE EXCHANGE,79864,40511,46993,85719,158366,2016-07-19,39353,-38726
2016-07-26T00:00:00.000,JAPANESE YEN - CHICAGO MERCANTILE EXCHANGE,74074,39116,58947,85458,159869,2016-07-26,34958,-26511
2016-08-02T00:00:00.000,JAPANESE YEN - CHICAGO MERCANTILE EXCHANGE,76575,34875,51707,88074,156696,2016-08-02,41700,-36367
2016-08-09T00:00:00.000,JAPANESE YEN - CHICAGO MERCANTILE EXCHANGE,86719,37888,49619,95343,167011,2016-08-09,48831,-45724
2016-08-16T00:00:00.000,JAPANESE YEN - CHICAGO MERCANTILE EXCHANGE,88273,32267,46280,99196,165905,2016-08-16,56006,-52916
2016-08-23T00:00:00.000,JAPANESE YEN - CHICAGO MERCANTILE EXCHANGE,90387,30071,43245,99482,164756,2016-08-23,60316,-56237
2016-08-30T00:00:00.000,JAPANESE YEN - CHICAGO MERCANTILE EXCHANGE,91570,27909,44366,101570,164329,2016-08-30,63661,-57204
2016-09-06T00:00:00.000,JAPANESE YEN - CHICAGO MERCANTILE EXCHANGE,83968,29479,41120,91024,159342,2016-09-06,54489,-49904
2016-09-13T00:00:00.000,JAPANESE YEN - CHICAGO MERCANTILE EXCHANGE,86140,29294,43492,93700,167340,2016-09-13,56846,-50208
2016-09-20T00:00:00.000,JAPANESE YEN - CHICAGO MERCANTILE EXCHANGE,85117,26332,29715,83021,140738,2016-09-20,58785,-53306
2016-09-27T00:00:00.000,JAPANESE YEN - CHICAGO MERCANTILE EXCHANGE,97432,28540,28326,90589,155170,2016-09-27,68892,-62263
2016-10-04T00:00:00.000,JAPANESE YEN - CHICAGO MERCANTILE EXCHANGE,101986,33291,30627,87820,157574,2016-10-04,68695,-57193
2016-10-11T00:00:00.000,JAPANESE YEN - CHICAGO MERCANTILE EXCHANGE,79279,33370,43806,81544,150394,2016-10-11,45909,-37738
2016-10-18T00:00:00.000,JAPANESE YEN - CHICAGO MERCANTILE EXCHANGE,74966,37975,54359,81884,156607,2016-10-18,36991,-27525
2016-10-25T00:00:00.000,JAPANESE YEN - CHICAGO MERCANTILE EXCHANGE,82385,37790,55555,83712,163040,2016-10-25,44595,-28157
2016-11-01T00:00:00.000,JAPANESE YEN - CHICAGO MERCANTILE EXCHANGE,81010,37850,59272,87511,165124,2016-11-01,43160,-28239
2016-11-08T00:00:00.000,JAPANESE YEN - CHICAGO MERCANTILE EXCHANGE,72619,40663,69838,88139,164328,2016-11-08,31956,-18301
2016-11-15T00:00:00.000,JAPANESE YEN - CHICAGO MERCANTILE EXCHANGE,67085,46409,81503,88408,170967,2016-11-15,20676,-6905
2016-11-22T00:00:00.000,JAPANESE YEN - CHICAGO MERCANTILE EXCHANGE,71183,60283,95166,86202,187684,2016-11-22,10900,8964
2016-11-29T00:00:00.000,JAPANESE YEN - CHICAGO MERCANTILE EXCHANGE,72124,72393,108163,83995,202171,2016-11-29,-269,24168
2016-12-06T00:00:00.000,JAPANESE YEN - CHICAGO MERCANTILE EXCHANGE,74367,108304,140357,83264,235915,2016-12-06,-33937,57093
2016-12-13T00:00:00.000,JAPANESE YEN - CHICAGO MERCANTILE EXCHANGE,62432,125861,194893,107464,285274,2016-12-13,-63429,87429
2016-12-20T00:00:00.000,JAPANESE YEN - CHICAGO MERCANTILE EXCHANGE,64200,139649,137201,37978,220435,2016-12-20,-75449,99223
2016-12-27T00:00:00.000,JAPANESE YEN - CHICAGO MERCANTILE EXCHANGE,40565,127574,160533,46704,219343,2016-12-27,-87009,113829
2017-01-03T00:00:00.000,JAPANESE YEN - CHICAGO MERCANTILE EXCHANGE,37962,124726,162764,48801,220120,2017-01-03,-86764,113963
2017-01-10T00:00:00.000,JAPANESE YEN - CHICAGO MERCANTILE EXCHANGE,26041,105880,164249,56661,209488,2017-01-10,-79839,107588
2017-01-17T00:00:00.000,JAPANESE YEN - CHICAGO MERCANTILE EXCHANGE,28560,106390,164514,57301,211752,2017-01-17,-77830,107213
2017-01-24T00:00:00.000,JAPANESE YEN - CHICAGO MERCANTILE EXCHANGE,27127,93967,152556,56703,196765,2017-01-24,-66840,95853
2017-01-31T00:00:00.000,JAPANESE YEN - CHICAGO MERCANTILE EXCHANGE,32216,90547,152598,71166,204494,2017-01-31,-58331,81432
2017-02-07T00:00:00.000,JAPANESE YEN - CHICAGO MERCANTILE EXCHANGE,25874,80934,156236,77214,201632,2017-02-07,-55060,79022
2017-02-14T00:00:00.000,JAPANESE YEN - CHICAGO MERCANTILE EXCHANGE,27701,78985,155557,80051,204277,2017-02-14,-51284,75506
2017-02-21T00:00:00.000,JAPANESE YEN - CHICAGO MERCANTILE EXCHANGE,29954,80116,155538,81397,205223,2017-02-21,-50162,74141
2017-02-28T00:00:00.000,JAPANESE YEN - CHICAGO MERCANTILE EXCHANGE,29012,79029,150880,77620,204602,2017-02-28,-50017,73260
2017-03-07T00:00:00.000,JAPANESE YEN - CHICAGO MERCANTILE EXCHANGE,39203,93903,156075,71228,217982,2017-03-07,-54700,84847
2017-03-14T00:00:00.000,JAPANESE YEN - CHICAGO MERCANTILE EXCHANGE,35563,106860,148132,48390,202647,2017-03-14,-71297,99742
2017-03-21T00:00:00.000,JAPANESE YEN - CHICAGO MERCANTILE EXCHANGE,35039,102026,135159,45684,191626,2017-03-21,-66987,89475
2017-03-28T00:00:00.000,JAPANESE YEN - CHICAGO MERCANTILE EXCHANGE,42886,96067,128200,57371,197542,2017-03-28,-53181,70829
2017-04-04T00:00:00.000,JAPANESE YEN - CHICAGO MERCANTILE EXCHANGE,41313,87113,126068,65862,194368,2017-04-04,-45800,60206
2017-04-11T00:00:00.000,JAPANESE YEN - CHICAGO MERCANTILE EXCHANGE,43316,78080,125340,79941,198381,2017-04-11,-34764,45399
2017-04-18T00:00:00.000,JAPANESE YEN - CHICAGO MERCANTILE EXCHANGE,45761,76224,126595,88467,203617,2017-04-18,-30463,38128
2017-04-25T00:00:00.000,JAPANESE YEN - CHICAGO MERCANTILE EXCHANGE,48538,75407,125796,91994,204179,2017-04-25,-26869,33802
2017-05-02T00:00:00.000,JAPANESE YEN - CHICAGO MERCANTILE EXCHANGE,37519,68002,129521,87402,196845,2017-05-02,-30483,42119
2017-05-09T00:00:00.000,JAPANESE YEN - CHICAGO MERCANTILE EXCHANGE,42635,78942,133992,76099,203140,2017-05-09,-36307,57893
2017-05-16T00:00:00.000,JAPANESE YEN - CHICAGO MERCANTILE EXCHANGE,41963,101971,155071,72713,222510,2017-05-16,-60008,82358
2017-05-23T00:00:00.000,JAPANESE YEN - CHICAGO MERCANTILE EXCHANGE,41920,93576,143304,74467,211298,2017-05-23,-51656,68837
2017-05-30T00:00:00.000,JAPANESE YEN - CHICAGO MERCANTILE EXCHANGE,43404,95679,143450,76426,213727,2017-05-30,-52275,67024
2017-06-06T00:00:00.000,JAPANESE YEN - CHICAGO MERCANTILE EXCHANGE,39736,94763,143746,81444,225549,2017-06-06,-55027,62302
2017-06-13T00:00:00.000,JAPANESE YEN - CHICAGO MERCANTILE EXCHANGE,34160,84713,144233,83337,210617,2017-06-13,-50553,60896
2017-06-20T00:00:00.000,JAPANESE YEN - CHICAGO MERCANTILE EXCHANGE,39498,89457,112255,44243,171840,2017-06-20,-49959,68012
2017-06-27T00:00:00.000,JAPANESE YEN - CHICAGO MERCANTILE EXCHANGE,38254,99604,123453,41443,183705,2017-06-27,-61350,82010
2017-07-03T00:00:00.000,JAPANESE YEN - CHICAGO MERCANTILE EXCHANGE,43648,118684,141824,43641,207597,2017-07-03,-75036,98183
2017-07-11T00:00:00.000,JAPANESE YEN - CHICAGO MERCANTILE EXCHANGE,40778,152903,174866,41714,239786,2017-07-11,-112125,133152
2017-07-18T00:00:00.000,JAPANESE YEN - CHICAGO MERCANTILE EXCHANGE,37419,164338,188763,41117,250071,2017-07-18,-126919,147646
2017-07-25T00:00:00.000,JAPANESE YEN - CHICAGO MERCANTILE EXCHANGE,28018,149507,180207,41743,235140,2017-07-25,-121489,138464
2017-08-01T00:00:00.000,JAPANESE YEN - CHICAGO MERCANTILE EXCHANGE,36445,148641,178378,53446,242876,2017-08-01,-112196,124932
2017-08-08T00:00:00.000,JAPANESE YEN - CHICAGO MERCANTILE EXCHANGE,39810,135623,165991,55822,232827,2017-08-08,-95813,110169
2017-08-15T00:00:00.000,JAPANESE YEN - CHICAGO MERCANTILE EXCHANGE,43308,120800,145227,56054,215090,2017-08-15,-77492,89173
2017-08-22T00:00:00.000,JAPANESE YEN - CHICAGO MERCANTILE EXCHANGE,45162,119248,142448,59657,215457,2017-08-22,-74086,82791
2017-08-29T00:00:00.000,JAPANESE YEN - CHICAGO MERCANTILE EXCHANGE,43889,112413,138466,63262,209890,2017-08-29,-68524,75204
2017-09-05T00:00:00.000,JAPANESE YEN - CHICAGO MERCANTILE EXCHANGE,47285,120230,136437,58205,213200,2017-09-05,-72945,78232
2017-09-12T00:00:00.000,JAPANESE YEN - CHICAGO MERCANTILE EXCHANGE,40642,97939,127392,59890,200444,2017-09-12,-57297,67502
2017-09-19T00:00:00.000,JAPANESE YEN - CHICAGO MERCANTILE EXCHANGE,42435,93757,120365,53357,185352,2017-09-19,-51322,67008
2017-09-26T00:00:00.000,JAPANESE YEN - CHICAGO MERCANTILE EXCHANGE,42963,114310,140482,50047,207097,2017-09-26,-71347,90435
2017-10-03T00:00:00.000,JAPANESE YEN - CHICAGO MERCANTILE EXCHANGE,58770,143413,160230,53797,246889,2017-10-03,-84643,106433
2017-10-10T00:00:00.000,JAPANESE YEN - CHICAGO MERCANTILE EXCHANGE,51655,153074,173289,49943,254124,2017-10-10,-101419,123346
2017-10-17T00:00:00.000,JAPANESE YEN - CHICAGO MERCANTILE EXCHANGE,55010,156296,174720,51833,257087,2017-10-17,-101286,122887
2017-10-24T00:00:00.000,JAPANESE YEN - CHICAGO MERCANTILE EXCHANGE,60077,176934,195330,48338,282230,2017-10-24,-116857,146992
2017-10-31T00:00:00.000,JAPANESE YEN - CHICAGO MERCANTILE EXCHANGE,54585,173454,196707,48090,277706,2017-10-31,-118869,148617
2017-11-07T00:00:00.000,JAPANESE YEN - CHICAGO MERCANTILE EXCHANGE,54336,182184,206955,51547,287936,2017-11-07,-127848,155408
2017-11-14T00:00:00.000,JAPANESE YEN - CHICAGO MERCANTILE EXCHANGE,49347,185346,207213,45266,283628,2017-11-14,-135999,161947
2017-11-21T00:00:00.000,JAPANESE YEN - CHICAGO MERCANTILE EXCHANGE,44382,166984,191725,44944,261019,2017-11-21,-122602,146781
2017-11-28T00:00:00.000,JAPANESE YEN - CHICAGO MERCANTILE EXCHANGE,39793,150433,178434,47467,244536,2017-11-28,-110640,130967
2017-12-05T00:00:00.000,JAPANESE YEN - CHICAGO MERCANTILE EXCHANGE,34766,149033,174129,42101,238077,2017-12-05,-114267,132028
2017-12-12T00:00:00.000,JAPANESE YEN - CHICAGO MERCANTILE EXCHANGE,31747,145870,186472,47517,250581,2017-12-12,-114123,138955
2017-12-19T00:00:00.000,JAPANESE YEN - CHICAGO MERCANTILE EXCHANGE,36874,151247,166728,30125,223424,2017-12-19,-114373,136603
2017-12-26T00:00:00.000,JAPANESE YEN - CHICAGO MERCANTILE EXCHANGE,44269,160355,165875,33387,232428,2017-12-26,-116086,132488
2018-01-02T00:00:00.000,JAPANESE YEN - CHICAGO MERCANTILE EXCHANGE,39592,161358,166322,31450,230564,2018-01-02,-121766,134872
2018-01-09T00:00:00.000,JAPANESE YEN - CHICAGO MERCANTILE EXCHANGE,37376,162912,172910,32017,233144,2018-01-09,-125536,140893
2018-01-16T00:00:00.000,JAPANESE YEN - CHICAGO MERCANTILE EXCHANGE,38152,157502,169016,45988,236305,2018-01-16,-119350,123028
2018-01-23T00:00:00.000,JAPANESE YEN - CHICAGO MERCANTILE EXCHANGE,37260,160130,174505,47872,241136,2018-01-23,-122870,126633
2018-01-30T00:00:00.000,JAPANESE YEN - CHICAGO MERCANTILE EXCHANGE,47828,162524,177727,67523,260237,2018-01-30,-114696,110204
2018-02-06T00:00:00.000,JAPANESE YEN - CHICAGO MERCANTILE EXCHANGE,39108,151984,179016,66717,249478,2018-02-06,-112876,112299
2018-02-13T00:00:00.000,JAPANESE YEN - CHICAGO MERCANTILE EXCHANGE,42299,157808,180507,73346,260170,2018-02-13,-115509,107161
2018-02-20T00:00:00.000,JAPANESE YEN - CHICAGO MERCANTILE EXCHANGE,45634,153972,184131,86808,271271,2018-02-20,-108338,97323
2018-02-27T00:00:00.000,JAPANESE YEN - CHICAGO MERCANTILE EXCHANGE,44539,141190,180046,91470,263066,2018-02-27,-96651,88576
2018-03-06T00:00:00.000,JAPANESE YEN - CHICAGO MERCANTILE EXCHANGE,50057,136902,184721,107840,277327,2018-03-06,-86845,76881
2018-03-13T00:00:00.000,JAPANESE YEN - CHICAGO MERCANTILE EXCHANGE,44296,123835,193621,122875,279671,2018-03-13,-79539,70746
2018-03-20T00:00:00.000,JAPANESE YEN - CHICAGO MERCANTILE EXCHANGE,47902,69901,75371,57968,160250,2018-03-20,-21999,17403
2018-03-27T00:00:00.000,JAPANESE YEN - CHICAGO MERCANTILE EXCHANGE,56544,60212,64904,72327,162038,2018-03-27,-3668,-7423
2018-04-03T00:00:00.000,JAPANESE YEN - CHICAGO MERCANTILE EXCHANGE,48053,44481,63665,74952,148818,2018-04-03,3572,-11287
2018-04-10T00:00:00.000,JAPANESE YEN - CHICAGO MERCANTILE EXCHANGE,49855,47094,64798,75124,151202,2018-04-10,2761,-10326
2018-04-17T00:00:00.000,JAPANESE YEN - CHICAGO MERCANTILE EXCHANGE,49433,46842,61662,73859,147319,2018-04-17,2591,-12197
2018-04-24T00:00:00.000,JAPANESE YEN - CHICAGO MERCANTILE EXCHANGE,59253,58670,66251,65056,155237,2018-04-24,583,1195
2018-05-01T00:00:00.000,JAPANESE YEN - CHICAGO MERCANTILE EXCHANGE,57349,58754,72708,65387,160337,2018-05-01,-1405,7321
2018-05-08T00:00:00.000,JAPANESE YEN - CHICAGO MERCANTILE EXCHANGE,51812,57274,74829,66084,157576,2018-05-08,-5462,8745
2018-05-15T00:00:00.000,JAPANESE YEN - CHICAGO MERCANTILE EXCHANGE,64926,61246,69058,65583,163411,2018-05-15,3680,3475
2018-05-22T00:00:00.000,JAPANESE YEN - CHICAGO MERCANTILE EXCHANGE,73836,76603,74538,55437,175316,2018-05-22,-2767,19101
2018-05-29T00:00:00.000,JAPANESE YEN - CHICAGO MERCANTILE EXCHANGE,63182,71218,73606,57067,171339,2018-05-29,-8036,16539
2018-06-05T00:00:00.000,JAPANESE YEN - CHICAGO MERCANTILE EXCHANGE,52060,55497,62362,52615,146448,2018-06-05,-3437,9747
2018-06-12T00:00:00.000,JAPANESE YEN - CHICAGO MERCANTILE EXCHANGE,60609,55557,79424,67648,166877,2018-06-12,5052,11776
2018-06-19T00:00:00.000,JAPANESE YEN - CHICAGO MERCANTILE EXCHANGE,46565,82127,80588,35571,154641,2018-06-19,-35562,45017
2018-06-26T00:00:00.000,JAPANESE YEN - CHICAGO MERCANTILE EXCHANGE,44430,78651,81943,34931,153566,2018-06-26,-34221,47012
2018-07-03T00:00:00.000,JAPANESE YEN - CHICAGO MERCANTILE EXCHANGE,49990,88720,92429,36730,168360,2018-07-03,-38730,55699
2018-07-10T00:00:00.000,JAPANESE YEN - CHICAGO MERCANTILE EXCHANGE,60563,100395,98735,35381,182066,2018-07-10,-39832,63354
2018-07-17T00:00:00.000,JAPANESE YEN - CHICAGO MERCANTILE EXCHANGE,77021,135671,116336,31168,215413,2018-07-17,-58650,85168
2018-07-24T00:00:00.000,JAPANESE YEN - CHICAGO MERCANTILE EXCHANGE,49993,123762,128268,30622,200427,2018-07-24,-73769,97646
2018-07-31T00:00:00.000,JAPANESE YEN - CHICAGO MERCANTILE EXCHANGE,48016,116473,126011,32904,197566,2018-07-31,-68457,93107
2018-08-07T00:00:00.000,JAPANESE YEN - CHICAGO MERCANTILE EXCHANGE,46136,108943,118196,31838,187902,2018-08-07,-62807,86358
2018-08-14T00:00:00.000,JAPANESE YEN - CHICAGO MERCANTILE EXCHANGE,49369,107737,111729,31519,185834,2018-08-14,-58368,80210
2018-08-21T00:00:00.000,JAPANESE YEN - CHICAGO MERCANTILE EXCHANGE,54116,101522,108223,39523,189698,2018-08-21,-47406,68700
2018-08-28T00:00:00.000,JAPANESE YEN - CHICAGO MERCANTILE EXCHANGE,50230,96271,108721,40148,185082,2018-08-28,-46041,68573
2018-09-04T00:00:00.000,JAPANESE YEN - CHICAGO MERCANTILE EXCHANGE,47572,99504,110072,35048,185347,2018-09-04,-51932,75024
2018-09-11T00:00:00.000,JAPANESE YEN - CHICAGO MERCANTILE EXCHANGE,48057,101943,117043,42746,193428,2018-09-11,-53886,74297
2018-09-18T00:00:00.000,JAPANESE YEN - CHICAGO MERCANTILE EXCHANGE,49752,113507,126444,33270,200221,2018-09-18,-63755,93174
2018-09-25T00:00:00.000,JAPANESE YEN - CHICAGO MERCANTILE EXCHANGE,47253,131972,144358,31201,215376,2018-09-25,-84719,113157
2018-10-02T00:00:00.000,JAPANESE YEN - CHICAGO MERCANTILE EXCHANGE,56074,170120,169666,33666,252277,2018-10-02,-114046,136000
2018-10-09T00:00:00.000,JAPANESE YEN - CHICAGO MERCANTILE EXCHANGE,47034,162235,181744,43542,253374,2018-10-09,-115201,138202
2018-10-16T00:00:00.000,JAPANESE YEN - CHICAGO MERCANTILE EXCHANGE,30096,130717,157934,38313,211210,2018-10-16,-100621,119621
2018-10-23T00:00:00.000,JAPANESE YEN - CHICAGO MERCANTILE EXCHANGE,29922,122726,151773,38623,205643,2018-10-23,-92804,113150
2018-10-30T00:00:00.000,JAPANESE YEN - CHICAGO MERCANTILE EXCHANGE,28854,120474,147740,40278,203113,2018-10-30,-91620,107462
2018-11-06T00:00:00.000,JAPANESE YEN - CHICAGO MERCANTILE EXCHANGE,33060,122182,152591,39149,209453,2018-11-06,-89122,113442
2018-11-13T00:00:00.000,JAPANESE YEN - CHICAGO MERCANTILE EXCHANGE,40192,142486,167316,40964,231730,2018-11-13,-102294,126352
2018-11-20T00:00:00.000,JAPANESE YEN - CHICAGO MERCANTILE EXCHANGE,33462,133527,162783,41293,223144,2018-11-20,-100065,121490
2018-11-27T00:00:00.000,JAPANESE YEN - CHICAGO MERCANTILE EXCHANGE,35817,140141,168772,42539,231711,2018-11-27,-104324,126233
2018-12-04T00:00:00.000,JAPANESE YEN - CHICAGO MERCANTILE EXCHANGE,32717,142483,162776,41606,226835,2018-12-04,-109766,121170
2018-12-11T00:00:00.000,JAPANESE YEN - CHICAGO MERCANTILE EXCHANGE,25495,123101,156500,40509,213055,2018-12-11,-97606,115991
2018-12-18T00:00:00.000,JAPANESE YEN - CHICAGO MERCANTILE EXCHANGE,26957,129728,163202,45003,214868,2018-12-18,-102771,118199
2018-12-24T00:00:00.000,JAPANESE YEN - CHICAGO MERCANTILE EXCHANGE,33281,132370,162784,52498,224458,2018-12-24,-99089,110286
2018-12-31T00:00:00.000,JAPANESE YEN - CHICAGO MERCANTILE EXCHANGE,32712,121335,158287,57213,216224,2018-12-31,-88623,101074
2019-01-08T00:00:00.000,JAPANESE YEN - CHICAGO MERCANTILE EXCHANGE,42727,104041,151121,92295,230524,2019-01-08,-61314,58826
2019-01-15T00:00:00.000,JAPANESE YEN - CHICAGO MERCANTILE EXCHANGE,38686,85107,149550,110131,229295,2019-01-15,-46421,39419
2019-01-22T00:00:00.000,JAPANESE YEN - CHICAGO MERCANTILE EXCHANGE,28403,68070,145235,111292,212563,2019-01-22,-39667,33943
2019-01-29T00:00:00.000,JAPANESE YEN - CHICAGO MERCANTILE EXCHANGE,27001,60346,142933,110842,204816,2019-01-29,-33345,32091
2019-02-05T00:00:00.000,JAPANESE YEN - CHICAGO MERCANTILE EXCHANGE,20752,52162,138872,105949,192789,2019-02-05,-31410,32923
2019-02-12T00:00:00.000,JAPANESE YEN - CHICAGO MERCANTILE EXCHANGE,24541,55283,129601,95886,185725,2019-02-12,-30742,33715
2019-02-19T00:00:00.000,JAPANESE YEN - CHICAGO MERCANTILE EXCHANGE,24844,62305,128168,87695,184023,2019-02-19,-37461,40473
2019-02-26T00:00:00.000,JAPANESE YEN - CHICAGO MERCANTILE EXCHANGE,27365,67019,128100,82476,186158,2019-02-26,-39654,45624
2019-03-05T00:00:00.000,JAPANESE YEN - CHICAGO MERCANTILE EXCHANGE,33421,84727,137804,79142,207083,2019-03-05,-51306,58662
2019-03-12T00:00:00.000,JAPANESE YEN - CHICAGO MERCANTILE EXCHANGE,22144,80925,137778,74489,196766,2019-03-12,-58781,63289
2019-03-19T00:00:00.000,JAPANESE YEN - CHICAGO MERCANTILE EXCHANGE,20081,79302,111481,37929,158074,2019-03-19,-59221,73552
2019-03-26T00:00:00.000,JAPANESE YEN - CHICAGO MERCANTILE EXCHANGE,18323,80444,109519,39727,157145,2019-03-26,-62121,69792
2019-04-02T00:00:00.000,JAPANESE YEN - CHICAGO MERCANTILE EXCHANGE,20462,83203,109231,36315,156838,2019-04-02,-62741,72916
2019-04-09T00:00:00.000,JAPANESE YEN - CHICAGO MERCANTILE EXCHANGE,19914,91434,115660,38131,165736,2019-04-09,-71520,77529
2019-04-16T00:00:00.000,JAPANESE YEN - CHICAGO MERCANTILE EXCHANGE,31807,118913,137180,39680,200018,2019-04-16,-87106,97500
2019-04-23T00:00:00.000,JAPANESE YEN - CHICAGO MERCANTILE EXCHANGE,28121,122535,146962,42469,207316,2019-04-23,-94414,104493
2019-04-30T00:00:00.000,JAPANESE YEN - CHICAGO MERCANTILE EXCHANGE,20578,120177,150553,41944,203323,2019-04-30,-99599,108609
2019-05-07T00:00:00.000,JAPANESE YEN - CHICAGO MERCANTILE EXCHANGE,25869,117586,144412,40862,201462,2019-05-07,-91717,103550
2019-05-14T00:00:00.000,JAPANESE YEN - CHICAGO MERCANTILE EXCHANGE,35915,97495,112901,43105,180573,2019-05-14,-61580,69796
2019-05-21T00:00:00.000,JAPANESE YEN - CHICAGO MERCANTILE EXCHANGE,27540,82732,113574,48957,170834,2019-05-21,-55192,64617
2019-05-28T00:00:00.000,JAPANESE YEN - CHICAGO MERCANTILE EXCHANGE,25803,81380,110775,51158,169790,2019-05-28,-55577,59617
2019-06-04T00:00:00.000,JAPANESE YEN - CHICAGO MERCANTILE EXCHANGE,27437,71826,104461,59919,167810,2019-06-04,-44389,44542
2019-06-11T00:00:00.000,JAPANESE YEN - CHICAGO MERCANTILE EXCHANGE,20786,65951,112117,66547,169387,2019-06-11,-45165,45570
2019-06-18T00:00:00.000,JAPANESE YEN - CHICAGO MERCANTILE EXCHANGE,28169,44734,63256,45768,123629,2019-06-18,-16565,17488
2019-06-25T00:00:00.000,JAPANESE YEN - CHICAGO MERCANTILE EXCHANGE,31090,41237,65772,61991,139439,2019-06-25,-10147,3781
2019-07-02T00:00:00.000,JAPANESE YEN - CHICAGO MERCANTILE EXCHANGE,34198,35425,66542,67869,139355,2019-07-02,-1227,-1327
2019-07-09T00:00:00.000,JAPANESE YEN - CHICAGO MERCANTILE EXCHANGE,35346,38997,69473,64989,135737,2019-07-09,-3651,4484
2019-07-16T00:00:00.000,JAPANESE YEN - CHICAGO MERCANTILE EXCHANGE,32905,44285,67152,57512,130304,2019-07-16,-11380,9640
2019-07-23T00:00:00.000,JAPANESE YEN - CHICAGO MERCANTILE EXCHANGE,34642,44019,69196,63158,136245,2019-07-23,-9377,6038
2019-07-30T00:00:00.000,JAPANESE YEN - CHICAGO MERCANTILE EXCHANGE,37028,41246,69070,66712,138842,2019-07-30,-4218,2358
2019-08-06T00:00:00.000,JAPANESE YEN - CHICAGO MERCANTILE EXCHANGE,46225,35664,67882,86529,153338,2019-08-06,10561,-18647
2019-08-13T00:00:00.000,JAPANESE YEN - CHICAGO MERCANTILE EXCHANGE,51764,27022,68708,98250,160271,2019-08-13,24742,-29542
2019-08-20T00:00:00.000,JAPANESE YEN - CHICAGO MERCANTILE EXCHANGE,49984,18830,66338,104320,154662,2019-08-20,31154,-37982
2019-08-27T00:00:00.000,JAPANESE YEN - CHICAGO MERCANTILE EXCHANGE,59795,26188,60327,99944,157862,2019-08-27,33607,-39617
2019-09-03T00:00:00.000,JAPANESE YEN - CHICAGO MERCANTILE EXCHANGE,57222,29540,58451,97429,157788,2019-09-03,27682,-38978
2019-09-10T00:00:00.000,JAPANESE YEN - CHICAGO MERCANTILE EXCHANGE,56579,23988,55208,94409,151397,2019-09-10,32591,-39201
2019-09-17T00:00:00.000,JAPANESE YEN - CHICAGO MERCANTILE EXCHANGE,50842,26980,49738,80331,130940,2019-09-17,23862,-30593
2019-09-24T00:00:00.000,JAPANESE YEN - CHICAGO MERCANTILE EXCHANGE,45759,32976,59437,78841,142026,2019-09-24,12783,-19404
2019-10-01T00:00:00.000,JAPANESE YEN - CHICAGO MERCANTILE EXCHANGE,57893,43976,59504,80137,151860,2019-10-01,13917,-20633
2019-10-08T00:00:00.000,JAPANESE YEN - CHICAGO MERCANTILE EXCHANGE,52803,41791,64209,79599,150019,2019-10-08,11012,-15390
2019-10-15T00:00:00.000,JAPANESE YEN - CHICAGO MERCANTILE EXCHANGE,46416,53057,81307,71535,157707,2019-10-15,-6641,9772
2019-10-22T00:00:00.000,JAPANESE YEN - CHICAGO MERCANTILE EXCHANGE,41556,59721,87258,66682,159250,2019-10-22,-18165,20576
2019-10-29T00:00:00.000,JAPANESE YEN - CHICAGO MERCANTILE EXCHANGE,39185,58883,92543,67446,163486,2019-10-29,-19698,25097
2019-11-05T00:00:00.000,JAPANESE YEN - CHICAGO MERCANTILE EXCHANGE,43996,70601,101217,66522,177106,2019-11-05,-26605,34695
2019-11-12T00:00:00.000,JAPANESE YEN - CHICAGO MERCANTILE EXCHANGE,43964,78961,106504,67386,183480,2019-11-12,-34997,39118
2019-11-19T00:00:00.000,JAPANESE YEN - CHICAGO MERCANTILE EXCHANGE,45423,80454,102992,67501,182445,2019-11-19,-35031,35491
2019-11-26T00:00:00.000,JAPANESE YEN - CHICAGO MERCANTILE EXCHANGE,49278,88869,115116,68413,196894,2019-11-26,-39591,46703
2019-12-03T00:00:00.000,JAPANESE YEN - CHICAGO MERCANTILE EXCHANGE,48312,96135,126334,76981,214223,2019-12-03,-47823,49353
2019-12-10T00:00:00.000,JAPANESE YEN - CHICAGO MERCANTILE EXCHANGE,41843,85525,122108,70477,198700,2019-12-10,-43682,51631
2019-12-17T00:00:00.000,JAPANESE YEN - CHICAGO MERCANTILE EXCHANGE,43418,85480,102748,54004,178529,2019-12-17,-42062,48744
2019-12-24T00:00:00.000,JAPANESE YEN - CHICAGO MERCANTILE EXCHANGE,40592,74134,99923,61911,173142,2019-12-24,-33542,38012
2019-12-31T00:00:00.000,JAPANESE YEN - CHICAGO MERCANTILE EXCHANGE,43668,68970,97526,62360,174966,2019-12-31,-25302,35166
2020-01-07T00:00:00.000,JAPANESE YEN - CHICAGO MERCANTILE EXCHANGE,47846,60094,82055,64595,162094,2020-01-07,-12248,17460
2020-01-14T00:00:00.000,JAPANESE YEN - CHICAGO MERCANTILE EXCHANGE,49720,81150,100226,61710,183863,2020-01-14,-31430,38516
2020-01-21T00:00:00.000,JAPANESE YEN - CHICAGO MERCANTILE EXCHANGE,50596,95297,117694,65587,203579,2020-01-21,-44701,52107
2020-01-28T00:00:00.000,JAPANESE YEN - CHICAGO MERCANTILE EXCHANGE,45676,81701,110412,63226,184919,2020-01-28,-36025,47186
2020-02-04T00:00:00.000,JAPANESE YEN - CHICAGO MERCANTILE EXCHANGE,57672,79570,105438,71114,190079,2020-02-04,-21898,34324
2020-02-11T00:00:00.000,JAPANESE YEN - CHICAGO MERCANTILE EXCHANGE,54805,80993,111167,70770,193822,2020-02-11,-26188,40397
2020-02-18T00:00:00.000,JAPANESE YEN - CHICAGO MERCANTILE EXCHANGE,58605,85826,116686,73909,203631,2020-02-18,-27221,42777
2020-02-25T00:00:00.000,JAPANESE YEN - CHICAGO MERCANTILE EXCHANGE,53855,110244,144064,69816,223904,2020-02-25,-56389,74248
2020-03-03T00:00:00.000,JAPANESE YEN - CHICAGO MERCANTILE EXCHANGE,50598,92922,120130,70043,198404,2020-03-03,-42324,50087
2020-03-10T00:00:00.000,JAPANESE YEN - CHICAGO MERCANTILE EXCHANGE,61732,53575,70545,76931,159128,2020-03-10,8157,-6386
2020-03-17T00:00:00.000,JAPANESE YEN - CHICAGO MERCANTILE EXCHANGE,57286,24351,42873,78049,125769,2020-03-17,32935,-35176
2020-03-24T00:00:00.000,JAPANESE YEN - CHICAGO MERCANTILE EXCHANGE,56528,32665,48777,69252,125594,2020-03-24,23863,-20475
2020-03-31T00:00:00.000,JAPANESE YEN - CHICAGO MERCANTILE EXCHANGE,48444,30162,53154,68221,120270,2020-03-31,18282,-15067
2020-04-07T00:00:00.000,JAPANESE YEN - CHICAGO MERCANTILE EXCHANGE,49249,26839,51300,70904,118595,2020-04-07,22410,-19604
2020-04-14T00:00:00.000,JAPANESE YEN - CHICAGO MERCANTILE EXCHANGE,49863,27220,48656,75435,122929,2020-04-14,22643,-26779
2020-04-21T00:00:00.000,JAPANESE YEN - CHICAGO MERCANTILE EXCHANGE,53730,27704,52383,78188,128272,2020-04-21,26026,-25805
2020-04-28T00:00:00.000,JAPANESE YEN - CHICAGO MERCANTILE EXCHANGE,59962,27636,56947,93684,143835,2020-04-28,32326,-36737
2020-05-05T00:00:00.000,JAPANESE YEN - CHICAGO MERCANTILE EXCHANGE,56634,29420,68783,101620,152042,2020-05-05,27214,-32837
2020-05-12T00:00:00.000,JAPANESE YEN - CHICAGO MERCANTILE EXCHANGE,56307,28370,72360,101599,153370,2020-05-12,27937,-29239
2020-05-19T00:00:00.000,JAPANESE YEN - CHICAGO MERCANTILE EXCHANGE,52038,24568,71027,98736,147975,2020-05-19,27470,-27709
2020-05-26T00:00:00.000,JAPANESE YEN - CHICAGO MERCANTILE EXCHANGE,57873,23266,74238,108460,156827,2020-05-26,34607,-34222
2020-06-02T00:00:00.000,JAPANESE YEN - CHICAGO MERCANTILE EXCHANGE,61958,29379,72106,100594,158743,2020-06-02,32579,-28488
2020-06-09T00:00:00.000,JAPANESE YEN - CHICAGO MERCANTILE EXCHANGE,48862,31400,82366,95668,155159,2020-06-09,17462,-13302
2020-06-16T00:00:00.000,JAPANESE YEN - CHICAGO MERCANTILE EXCHANGE,43126,21016,64304,86449,127287,2020-06-16,22110,-22145
2020-06-23T00:00:00.000,JAPANESE YEN - CHICAGO MERCANTILE EXCHANGE,50490,23032,68487,102372,144549,2020-06-23,27458,-33885
2020-06-30T00:00:00.000,JAPANESE YEN - CHICAGO MERCANTILE EXCHANGE,42755,18894,68918,97342,137362,2020-06-30,23861,-28424
2020-07-07T00:00:00.000,JAPANESE YEN - CHICAGO MERCANTILE EXCHANGE,44043,27231,70580,88421,138313,2020-07-07,16812,-17841
2020-07-14T00:00:00.000,JAPANESE YEN - CHICAGO MERCANTILE EXCHANGE,45111,26785,67691,87431,135263,2020-07-14,18326,-19740
2020-07-21T00:00:00.000,JAPANESE YEN - CHICAGO MERCANTILE EXCHANGE,50854,31547,65447,92194,142686,2020-07-21,19307,-26747
2020-07-28T00:00:00.000,JAPANESE YEN - CHICAGO MERCANTILE EXCHANGE,62924,34417,73649,115708,170269,2020-07-28,28507,-42059
2020-08-04T00:00:00.000,JAPANESE YEN - CHICAGO MERCANTILE EXCHANGE,52073,20644,74165,120290,157968,2020-08-04,31429,-46125
2020-08-11T00:00:00.000,JAPANESE YEN - CHICAGO MERCANTILE EXCHANGE,48158,21142,72712,107449,150149,2020-08-11,27016,-34737
2020-08-18T00:00:00.000,JAPANESE YEN - CHICAGO MERCANTILE EXCHANGE,41717,21133,73149,105667,147076,2020-08-18,20584,-32518
2020-08-25T00:00:00.000,JAPANESE YEN - CHICAGO MERCANTILE EXCHANGE,44978,21362,73477,103640,147553,2020-08-25,23616,-30163
2020-09-01T00:00:00.000,JAPANESE YEN - CHICAGO MERCANTILE EXCHANGE,46654,17050,70342,108353,145922,2020-09-01,29604,-38011
2020-09-08T00:00:00.000,JAPANESE YEN - CHICAGO MERCANTILE EXCHANGE,44850,23108,73161,105346,151546,2020-09-08,21742,-32185
2020-09-15T00:00:00.000,JAPANESE YEN - CHICAGO MERCANTILE EXCHANGE,50360,27471,69658,104286,148912,2020-09-15,22889,-34628
2020-09-22T00:00:00.000,JAPANESE YEN - CHICAGO MERCANTILE EXCHANGE,59033,29452,76239,119883,169251,2020-09-22,29581,-43644
2020-09-29T00:00:00.000,JAPANESE YEN - CHICAGO MERCANTILE EXCHANGE,47535,22746,79984,116054,158298,2020-09-29,24789,-36070
2020-10-06T00:00:00.000,JAPANESE YEN - CHICAGO MERCANTILE EXCHANGE,45779,24677,86102,119068,163024,2020-10-06,21102,-32966
2020-10-13T00:00:00.000,JAPANESE YEN - CHICAGO MERCANTILE EXCHANGE,47245,27269,86989,117085,165616,2020-10-13,19976,-30096
2020-10-20T00:00:00.000,JAPANESE YEN - CHICAGO MERCANTILE EXCHANGE,46524,32341,88750,115778,166091,2020-10-20,14183,-27028
2020-10-27T00:00:00.000,JAPANESE YEN - CHICAGO MERCANTILE EXCHANGE,46131,28238,94605,131414,177622,2020-10-27,17893,-36809
2020-11-03T00:00:00.000,JAPANESE YEN - CHICAGO MERCANTILE EXCHANGE,51012,22914,97895,145570,184751,2020-11-03,28098,-47675
2020-11-10T00:00:00.000,JAPANESE YEN - CHICAGO MERCANTILE EXCHANGE,55644,13750,96135,151491,183518,2020-11-10,41894,-55356
2020-11-17T00:00:00.000,JAPANESE YEN - CHICAGO MERCANTILE EXCHANGE,40313,10646,92697,137577,165073,2020-11-17,29667,-44880
2020-11-24T00:00:00.000,JAPANESE YEN - CHICAGO MERCANTILE EXCHANGE,54472,14230,93462,148259,179503,2020-11-24,40242,-54797
2020-12-01T00:00:00.000,JAPANESE YEN - CHICAGO MERCANTILE EXCHANGE,62449,14946,90038,153443,185873,2020-12-01,47503,-63405
2020-12-08T00:00:00.000,JAPANESE YEN - CHICAGO MERCANTILE EXCHANGE,63585,15419,92587,159561,193326,2020-12-08,48166,-66974
2020-12-15T00:00:00.000,JAPANESE YEN - CHICAGO MERCANTILE EXCHANGE,65376,21413,90761,153874,193317,2020-12-15,43963,-63113
2020-12-21T00:00:00.000,JAPANESE YEN - CHICAGO MERCANTILE EXCHANGE,66970,20877,93605,156671,196845,2020-12-21,46093,-63066
2020-12-29T00:00:00.000,JAPANESE YEN - CHICAGO MERCANTILE EXCHANGE,63577,16227,95149,161535,194454,2020-12-29,47350,-66386
2021-01-05T00:00:00.000,JAPANESE YEN - CHICAGO MERCANTILE EXCHANGE,69163,18973,98129,171246,206963,2021-01-05,50190,-73117
2021-01-12T00:00:00.000,JAPANESE YEN - CHICAGO MERCANTILE EXCHANGE,63857,13337,94609,156406,190811,2021-01-12,50520,-61797
2021-01-19T00:00:00.000,JAPANESE YEN - CHICAGO MERCANTILE EXCHANGE,64143,14129,94924,159866,191540,2021-01-19,50014,-64942
2021-01-26T00:00:00.000,JAPANESE YEN - CHICAGO MERCANTILE EXCHANGE,63463,18471,96095,157655,193822,2021-01-26,44992,-61560
2021-02-02T00:00:00.000,JAPANESE YEN - CHICAGO MERCANTILE EXCHANGE,69602,24973,95041,140921,190948,2021-02-02,44629,-45880
2021-02-09T00:00:00.000,JAPANESE YEN - CHICAGO MERCANTILE EXCHANGE,60719,26101,92849,129722,183901,2021-02-09,34618,-36873
2021-02-16T00:00:00.000,JAPANESE YEN - CHICAGO MERCANTILE EXCHANGE,66732,29550,92764,128250,188119,2021-02-16,37182,-35486
2021-02-23T00:00:00.000,JAPANESE YEN - CHICAGO MERCANTILE EXCHANGE,66670,38048,89663,117750,183247,2021-02-23,28622,-28087
2021-03-02T00:00:00.000,JAPANESE YEN - CHICAGO MERCANTILE EXCHANGE,61259,41989,101787,113100,189270,2021-03-02,19270,-11313
2021-03-09T00:00:00.000,JAPANESE YEN - CHICAGO MERCANTILE EXCHANGE,64027,57513,122099,111283,211347,2021-03-09,6514,10816
2021-03-16T00:00:00.000,JAPANESE YEN - CHICAGO MERCANTILE EXCHANGE,26003,65371,99385,43104,145951,2021-03-16,-39368,56281
2021-03-23T00:00:00.000,JAPANESE YEN - CHICAGO MERCANTILE EXCHANGE,27524,81049,112098,39186,160581,2021-03-23,-53525,72912
2021-03-30T00:00:00.000,JAPANESE YEN - CHICAGO MERCANTILE EXCHANGE,24724,84205,121115,40234,166091,2021-03-30,-59481,80881
2021-04-06T00:00:00.000,JAPANESE YEN - CHICAGO MERCANTILE EXCHANGE,26794,84783,117846,39309,164310,2021-04-06,-57989,78537
2021-04-13T00:00:00.000,JAPANESE YEN - CHICAGO MERCANTILE EXCHANGE,27682,85994,119216,40446,165431,2021-04-13,-58312,78770
2021-04-20T00:00:00.000,JAPANESE YEN - CHICAGO MERCANTILE EXCHANGE,26617,86436,115715,39632,162649,2021-04-20,-59819,76083
2021-04-27T00:00:00.000,JAPANESE YEN - CHICAGO MERCANTILE EXCHANGE,29673,78182,103999,42071,154894,2021-04-27,-48509,61928
2021-05-04T00:00:00.000,JAPANESE YEN - CHICAGO MERCANTILE EXCHANGE,31208,72700,99092,44761,152676,2021-05-04,-41492,54331
2021-05-11T00:00:00.000,JAPANESE YEN - CHICAGO MERCANTILE EXCHANGE,30491,72219,99644,44421,152404,2021-05-11,-41728,55223
2021-05-18T00:00:00.000,JAPANESE YEN - CHICAGO MERCANTILE EXCHANGE,24965,75913,107486,43385,154727,2021-05-18,-50948,64101
2021-05-25T00:00:00.000,JAPANESE YEN - CHICAGO MERCANTILE EXCHANGE,24163,74319,107377,46024,153196,2021-05-25,-50156,61353
2021-06-01T00:00:00.000,JAPANESE YEN - CHICAGO MERCANTILE EXCHANGE,29462,76577,110690,48111,162091,2021-06-01,-47115,62579
2021-06-08T00:00:00.000,JAPANESE YEN - CHICAGO MERCANTILE EXCHANGE,27248,64562,108879,54611,161592,2021-06-08,-37314,54268
2021-06-15T00:00:00.000,JAPANESE YEN - CHICAGO MERCANTILE EXCHANGE,22974,69824,112798,47481,155359,2021-06-15,-46850,65317
2021-06-22T00:00:00.000,JAPANESE YEN - CHICAGO MERCANTILE EXCHANGE,34118,87980,138242,62072,190545,2021-06-22,-53862,76170
2021-06-29T00:00:00.000,JAPANESE YEN - CHICAGO MERCANTILE EXCHANGE,27380,97275,149165,57450,195698,2021-06-29,-69895,91715
2021-07-06T00:00:00.000,JAPANESE YEN - CHICAGO MERCANTILE EXCHANGE,31625,100761,155707,63576,205341,2021-07-06,-69136,92131
2021-07-13T00:00:00.000,JAPANESE YEN - CHICAGO MERCANTILE EXCHANGE,40440,96690,145716,70980,203727,2021-07-13,-56250,74736
2021-07-20T00:00:00.000,JAPANESE YEN - CHICAGO MERCANTILE EXCHANGE,35474,91205,138577,67311,192301,2021-07-20,-55731,71266
2021-07-27T00:00:00.000,JAPANESE YEN - CHICAGO MERCANTILE EXCHANGE,32975,92909,143819,68805,196102,2021-07-27,-59934,75014
2021-08-03T00:00:00.000,JAPANESE YEN - CHICAGO MERCANTILE EXCHANGE,30409,85599,136596,68989,189242,2021-08-03,-55190,67607
2021-08-10T00:00:00.000,JAPANESE YEN - CHICAGO MERCANTILE EXCHANGE,36684,97341,151720,68459,206131,2021-08-10,-60657,83261
2021-08-17T00:00:00.000,JAPANESE YEN - CHICAGO MERCANTILE EXCHANGE,27532,90740,147403,69312,196495,2021-08-17,-63208,78091
2021-08-24T00:00:00.000,JAPANESE YEN - CHICAGO MERCANTILE EXCHANGE,26763,93434,147612,65542,194477,2021-08-24,-66671,82070
2021-08-31T00:00:00.000,JAPANESE YEN - CHICAGO MERCANTILE EXCHANGE,29030,92160,144849,65434,193999,2021-08-31,-63130,79415
2021-09-07T00:00:00.000,JAPANESE YEN - CHICAGO MERCANTILE EXCHANGE,29704,92029,151585,73003,204435,2021-09-07,-62325,78582
2021-09-14T00:00:00.000,JAPANESE YEN - CHICAGO MERCANTILE EXCHANGE,21728,82023,146716,78681,192088,2021-09-14,-60295,68035
2021-09-21T00:00:00.000,JAPANESE YEN - CHICAGO MERCANTILE EXCHANGE,22844,78915,146680,80086,191213,2021-09-21,-56071,66594
2021-09-28T00:00:00.000,JAPANESE YEN - CHICAGO MERCANTILE EXCHANGE,35328,100088,165246,81967,219638,2021-09-28,-64760,83279
2021-10-05T00:00:00.000,JAPANESE YEN - CHICAGO MERCANTILE EXCHANGE,31569,95263,175160,90697,226379,2021-10-05,-63694,84463
2021-10-12T00:00:00.000,JAPANESE YEN - CHICAGO MERCANTILE EXCHANGE,35810,112444,185560,90468,243617,2021-10-12,-76634,95092
2021-10-19T00:00:00.000,JAPANESE YEN - CHICAGO MERCANTILE EXCHANGE,35713,138447,207735,85095,266750,2021-10-19,-102734,122640
2021-10-26T00:00:00.000,JAPANESE YEN - CHICAGO MERCANTILE EXCHANGE,31487,138523,212303,83757,265254,2021-10-26,-107036,128546
2021-11-02T00:00:00.000,JAPANESE YEN - CHICAGO MERCANTILE EXCHANGE,20337,127961,207612,81607,251058,2021-11-02,-107624,126005
2021-11-09T00:00:00.000,JAPANESE YEN - CHICAGO MERCANTILE EXCHANGE,16440,121791,203044,79845,243087,2021-11-09,-105351,123199
2021-11-16T00:00:00.000,JAPANESE YEN - CHICAGO MERCANTILE EXCHANGE,24635,117761,203468,87710,252897,2021-11-16,-93126,115758
2021-11-23T00:00:00.000,JAPANESE YEN - CHICAGO MERCANTILE EXCHANGE,20285,117538,205923,89698,251801,2021-11-23,-97253,116225
2021-11-30T00:00:00.000,JAPANESE YEN - CHICAGO MERCANTILE EXCHANGE,14585,93451,177285,85252,216692,2021-11-30,-78866,92033
2021-12-07T00:00:00.000,JAPANESE YEN - CHICAGO MERCANTILE EXCHANGE,13148,76229,163847,83350,205970,2021-12-07,-63081,80497
2021-12-14T00:00:00.000,JAPANESE YEN - CHICAGO MERCANTILE EXCHANGE,20231,73754,136938,65878,176584,2021-12-14,-53523,71060
2021-12-21T00:00:00.000,JAPANESE YEN - CHICAGO MERCANTILE EXCHANGE,22191,74477,142161,71002,183743,2021-12-21,-52286,71159
2021-12-28T00:00:00.000,JAPANESE YEN - CHICAGO MERCANTILE EXCHANGE,32475,85577,150647,78283,203814,2021-12-28,-53102,72364
2022-01-04T00:00:00.000,JAPANESE YEN - CHICAGO MERCANTILE EXCHANGE,40816,103078,170537,85793,234068,2022-01-04,-62262,84744
2022-01-11T00:00:00.000,JAPANESE YEN - CHICAGO MERCANTILE EXCHANGE,22364,109889,189708,81316,234005,2022-01-11,-87525,108392
2022-01-18T00:00:00.000,JAPANESE YEN - CHICAGO MERCANTILE EXCHANGE,8002,88881,173701,73961,201820,2022-01-18,-80879,99740
2022-01-25T00:00:00.000,JAPANESE YEN - CHICAGO MERCANTILE EXCHANGE,15866,84139,160178,77315,197830,2022-01-25,-68273,82863
2022-02-01T00:00:00.000,JAPANESE YEN - CHICAGO MERCANTILE EXCHANGE,14510,75150,160358,81005,194435,2022-02-01,-60640,79353
2022-02-08T00:00:00.000,JAPANESE YEN - CHICAGO MERCANTILE EXCHANGE,15692,74840,159601,83644,196478,2022-02-08,-59148,75957
2022-02-15T00:00:00.000,JAPANESE YEN - CHICAGO MERCANTILE EXCHANGE,10425,76587,166645,80389,199425,2022-02-15,-66162,86256
2022-02-22T00:00:00.000,JAPANESE YEN - CHICAGO MERCANTILE EXCHANGE,10976,74163,162044,79564,194169,2022-02-22,-63187,82480
2022-03-01T00:00:00.000,JAPANESE YEN - CHICAGO MERCANTILE EXCHANGE,14665,83397,167605,88070,208629,2022-03-01,-68732,79535
2022-03-08T00:00:00.000,JAPANESE YEN - CHICAGO MERCANTILE EXCHANGE,15548,71404,170330,93673,208683,2022-03-08,-55856,76657
2022-03-15T00:00:00.000,JAPANESE YEN - CHICAGO MERCANTILE EXCHANGE,34016,96356,163089,75492,215484,2022-03-15,-62340,87597
2022-03-22T00:00:00.000,JAPANESE YEN - CHICAGO MERCANTILE EXCHANGE,36676,115158,189100,84310,248221,2022-03-22,-78482,104790
2022-03-29T00:00:00.000,JAPANESE YEN - CHICAGO MERCANTILE EXCHANGE,15274,117405,201190,76340,239698,2022-03-29,-102131,124850
2022-04-05T00:00:00.000,JAPANESE YEN - CHICAGO MERCANTILE EXCHANGE,14583,118412,205209,79985,242217,2022-04-05,-103829,125224
2022-04-12T00:00:00.000,JAPANESE YEN - CHICAGO MERCANTILE EXCHANGE,9925,121752,212850,80948,245403,2022-04-12,-111827,131902
2022-04-19T00:00:00.000,JAPANESE YEN - CHICAGO MERCANTILE EXCHANGE,12723,119910,216101,86259,251291,2022-04-19,-107187,129842
2022-04-26T00:00:00.000,JAPANESE YEN - CHICAGO MERCANTILE EXCHANGE,14269,109804,201828,86907,237995,2022-04-26,-95535,114921
2022-05-03T00:00:00.000,JAPANESE YEN - CHICAGO MERCANTILE EXCHANGE,18585,119379,215563,95299,254813,2022-05-03,-100794,120264
2022-05-10T00:00:00.000,JAPANESE YEN - CHICAGO MERCANTILE EXCHANGE,11196,121650,213084,88157,247278,2022-05-10,-110454,124927
2022-05-17T00:00:00.000,JAPANESE YEN - CHICAGO MERCANTILE EXCHANGE,12113,114422,204417,89355,241308,2022-05-17,-102309,115062
2022-05-24T00:00:00.000,JAPANESE YEN - CHICAGO MERCANTILE EXCHANGE,16567,116011,192215,85516,237256,2022-05-24,-99444,106699
2022-05-31T00:00:00.000,JAPANESE YEN - CHICAGO MERCANTILE EXCHANGE,15201,109640,196584,91535,239080,2022-05-31,-94439,105049
2022-06-07T00:00:00.000,JAPANESE YEN - CHICAGO MERCANTILE EXCHANGE,18466,110112,210889,101780,266054,2022-06-07,-91646,109109
2022-06-14T00:00:00.000,JAPANESE YEN - CHICAGO MERCANTILE EXCHANGE,32441,102196,175789,89346,232513,2022-06-14,-69755,86443
2022-06-21T00:00:00.000,JAPANESE YEN - CHICAGO MERCANTILE EXCHANGE,35864,94318,156248,81899,218076,2022-06-21,-58454,74349
2022-06-28T00:00:00.000,JAPANESE YEN - CHICAGO MERCANTILE EXCHANGE,36462,89032,152071,84176,213767,2022-06-28,-52570,67895
2022-07-05T00:00:00.000,JAPANESE YEN - CHICAGO MERCANTILE EXCHANGE,38660,93105,149702,85639,217672,2022-07-05,-54445,64063
2022-07-12T00:00:00.000,JAPANESE YEN - CHICAGO MERCANTILE EXCHANGE,35533,95531,160589,85522,223539,2022-07-12,-59998,75067
2022-07-19T00:00:00.000,JAPANESE YEN - CHICAGO MERCANTILE EXCHANGE,42880,102105,158427,85345,229449,2022-07-19,-59225,73082
2022-07-26T00:00:00.000,JAPANESE YEN - CHICAGO MERCANTILE EXCHANGE,43812,105293,157963,84190,229219,2022-07-26,-61481,73773
2022-08-02T00:00:00.000,JAPANESE YEN - CHICAGO MERCANTILE EXCHANGE,50433,93186,157333,107079,236737,2022-08-02,-42753,50254
2022-08-09T00:00:00.000,JAPANESE YEN - CHICAGO MERCANTILE EXCHANGE,52333,77365,148628,111634,225834,2022-08-09,-25032,36994
2022-08-16T00:00:00.000,JAPANESE YEN - CHICAGO MERCANTILE EXCHANGE,51308,80199,152209,110230,228697,2022-08-16,-28891,41979
2022-08-23T00:00:00.000,JAPANESE YEN - CHICAGO MERCANTILE EXCHANGE,56734,95541,156987,104523,242132,2022-08-23,-38807,52464
2022-08-30T00:00:00.000,JAPANESE YEN - CHICAGO MERCANTILE EXCHANGE,54513,96044,163991,102704,247030,2022-08-30,-41531,61287
2022-09-06T00:00:00.000,JAPANESE YEN - CHICAGO MERCANTILE EXCHANGE,56002,114191,191138,113469,281266,2022-09-06,-58189,77669
2022-09-13T00:00:00.000,JAPANESE YEN - CHICAGO MERCANTILE EXCHANGE,39323,120015,212375,114076,281716,2022-09-13,-80692,98299
2022-09-20T00:00:00.000,JAPANESE YEN - CHICAGO MERCANTILE EXCHANGE,34767,116047,190267,92754,250892,2022-09-20,-81280,97513
2022-09-27T00:00:00.000,JAPANESE YEN - CHICAGO MERCANTILE EXCHANGE,22706,105262,195930,95297,244655,2022-09-27,-82556,100633
2022-10-04T00:00:00.000,JAPANESE YEN - CHICAGO MERCANTILE EXCHANGE,26962,108585,185691,92367,243289,2022-10-04,-81623,93324
2022-10-11T00:00:00.000,JAPANESE YEN - CHICAGO MERCANTILE EXCHANGE,30149,107542,187119,92670,245007,2022-10-11,-77393,94449
2022-10-18T00:00:00.000,JAPANESE YEN - CHICAGO MERCANTILE EXCHANGE,30583,124919,203508,92667,264265,2022-10-18,-94336,110841
2022-10-25T00:00:00.000,JAPANESE YEN - CHICAGO MERCANTILE EXCHANGE,37579,140197,205120,87038,272597,2022-10-25,-102618,118082
2022-11-01T00:00:00.000,JAPANESE YEN - CHICAGO MERCANTILE EXCHANGE,40460,118080,191221,95447,258906,2022-11-01,-77620,95774
2022-11-08T00:00:00.000,JAPANESE YEN - CHICAGO MERCANTILE EXCHANGE,37201,112459,183539,94559,251378,2022-11-08,-75258,88980
2022-11-15T00:00:00.000,JAPANESE YEN - CHICAGO MERCANTILE EXCHANGE,33797,99639,172905,95692,233346,2022-11-15,-65842,77213
2022-11-22T00:00:00.000,JAPANESE YEN - CHICAGO MERCANTILE EXCHANGE,30800,95650,170350,92244,227435,2022-11-22,-64850,78106
2022-11-29T00:00:00.000,JAPANESE YEN - CHICAGO MERCANTILE EXCHANGE,28125,95519,173959,91290,228328,2022-11-29,-67394,82669
2022-12-06T00:00:00.000,JAPANESE YEN - CHICAGO MERCANTILE EXCHANGE,23589,89585,169918,94716,223424,2022-12-06,-65996,75202
2022-12-13T00:00:00.000,JAPANESE YEN - CHICAGO MERCANTILE EXCHANGE,22290,75478,157021,97992,226964,2022-12-13,-53188,59029
2022-12-20T00:00:00.000,JAPANESE YEN - CHICAGO MERCANTILE EXCHANGE,33686,74567,121482,75759,182034,2022-12-20,-40881,45723
2022-12-27T00:00:00.000,JAPANESE YEN - CHICAGO MERCANTILE EXCHANGE,29685,67415,118599,72598,173136,2022-12-27,-37730,46001
2023-01-03T00:00:00.000,JAPANESE YEN - CHICAGO MERCANTILE EXCHANGE,25377,72241,117959,71186,172590,2023-01-03,-46864,46773
2023-01-10T00:00:00.000,JAPANESE YEN - CHICAGO MERCANTILE EXCHANGE,26395,61772,119166,84678,175745,2023-01-10,-35377,34488
2023-01-17T00:00:00.000,JAPANESE YEN - CHICAGO MERCANTILE EXCHANGE,29458,52419,114907,96823,176862,2023-01-17,-22961,18084
2023-01-24T00:00:00.000,JAPANESE YEN - CHICAGO MERCANTILE EXCHANGE,27620,49255,113437,96292,173321,2023-01-24,-21635,17145
2023-01-31T00:00:00.000,JAPANESE YEN - CHICAGO MERCANTILE EXCHANGE,22550,42610,114423,96244,168540,2023-01-31,-20060,18179
2023-02-07T00:00:00.000,JAPANESE YEN - CHICAGO MERCANTILE EXCHANGE,16556,45645,118080,84734,164069,2023-02-07,-29089,33346
2023-02-14T00:00:00.000,JAPANESE YEN - CHICAGO MERCANTILE EXCHANGE,23079,50922,124522,88753,174955,2023-02-14,-27843,35769
2023-02-21T00:00:00.000,JAPANESE YEN - CHICAGO MERCANTILE EXCHANGE,32486,66515,126777,79888,186100,2023-02-21,-34029,46889
2023-02-28T00:00:00.000,JAPANESE YEN - CHICAGO MERCANTILE EXCHANGE,27703,86381,142893,72372,200047,2023-02-28,-58678,70521
2023-03-07T00:00:00.000,JAPANESE YEN - CHICAGO MERCANTILE EXCHANGE,17141,92444,163246,73643,211297,2023-03-07,-75303,89603
2023-03-14T00:00:00.000,JAPANESE YEN - CHICAGO MERCANTILE EXCHANGE,11048,85842,142857,56863,179782,2023-03-14,-74794,85994
2023-03-21T00:00:00.000,JAPANESE YEN - CHICAGO MERCANTILE EXCHANGE,7255,73600,134389,61905,169188,2023-03-21,-66345,72484
2023-03-28T00:00:00.000,JAPANESE YEN - CHICAGO MERCANTILE EXCHANGE,9717,63692,132070,74508,169473,2023-03-28,-53975,57562
2023-04-04T00:00:00.000,JAPANESE YEN - CHICAGO MERCANTILE EXCHANGE,11523,68559,133327,81061,178828,2023-04-04,-57036,52266
2023-04-11T00:00:00.000,JAPANESE YEN - CHICAGO MERCANTILE EXCHANGE,11933,69140,132604,76255,176822,2023-04-11,-57207,56349
2023-04-18T00:00:00.000,JAPANESE YEN - CHICAGO MERCANTILE EXCHANGE,15661,72530,132747,71102,177507,2023-04-18,-56869,61645
2023-04-25T00:00:00.000,JAPANESE YEN - CHICAGO MERCANTILE EXCHANGE,13680,82424,135330,62705,184041,2023-04-25,-68744,72625
2023-05-02T00:00:00.000,JAPANESE YEN - CHICAGO MERCANTILE EXCHANGE,28088,96412,141332,63811,202996,2023-05-02,-68324,77521
2023-05-09T00:00:00.000,JAPANESE YEN - CHICAGO MERCANTILE EXCHANGE,22229,83244,137992,68830,192574,2023-05-09,-61015,69162
2023-05-16T00:00:00.000,JAPANESE YEN - CHICAGO MERCANTILE EXCHANGE,29494,94285,142392,66255,200515,2023-05-16,-64791,76137
2023-05-23T00:00:00.000,JAPANESE YEN - CHICAGO MERCANTILE EXCHANGE,36760,117420,157498,65120,226400,2023-05-23,-80660,92378
2023-05-30T00:00:00.000,JAPANESE YEN - CHICAGO MERCANTILE EXCHANGE,40736,136929,166931,60419,243237,2023-05-30,-96193,106512
2023-06-06T00:00:00.000,JAPANESE YEN - CHICAGO MERCANTILE EXCHANGE,34151,138968,174461,60725,245332,2023-06-06,-104817,113736
2023-06-13T00:00:00.000,JAPANESE YEN - CHICAGO MERCANTILE EXCHANGE,37088,141064,175067,56886,252566,2023-06-13,-103976,118181
2023-06-20T00:00:00.000,JAPANESE YEN - CHICAGO MERCANTILE EXCHANGE,32244,139900,175201,56929,238556,2023-06-20,-107656,118272
2023-06-27T00:00:00.000,JAPANESE YEN - CHICAGO MERCANTILE EXCHANGE,38018,150888,181511,59145,251524,2023-06-27,-112870,122366
2023-07-03T00:00:00.000,JAPANESE YEN - CHICAGO MERCANTILE EXCHANGE,41713,159633,190157,64147,265066,2023-07-03,-117920,126010
2023-07-11T00:00:00.000,JAPANESE YEN - CHICAGO MERCANTILE EXCHANGE,29838,147020,190189,61112,252349,2023-07-11,-117182,129077
2023-07-18T00:00:00.000,JAPANESE YEN - CHICAGO MERCANTILE EXCHANGE,29776,120015,170491,72296,230932,2023-07-18,-90239,98195
2023-07-25T00:00:00.000,JAPANESE YEN - CHICAGO MERCANTILE EXCHANGE,30358,108110,161166,74611,223760,2023-07-25,-77752,86555
2023-08-01T00:00:00.000,JAPANESE YEN - CHICAGO MERCANTILE EXCHANGE,26849,106065,164659,81371,229015,2023-08-01,-79216,83288
2023-08-08T00:00:00.000,JAPANESE YEN - CHICAGO MERCANTILE EXCHANGE,23135,106315,169528,80407,229849,2023-08-08,-83180,89121
2023-08-15T00:00:00.000,JAPANESE YEN - CHICAGO MERCANTILE EXCHANGE,34789,115750,175636,85139,247954,2023-08-15,-80961,90497
2023-08-22T00:00:00.000,JAPANESE YEN - CHICAGO MERCANTILE EXCHANGE,28680,124003,180967,76343,246923,2023-08-22,-95323,104624
2023-08-29T00:00:00.000,JAPANESE YEN - CHICAGO MERCANTILE EXCHANGE,24790,123263,181043,77975,245452,2023-08-29,-98473,103068
2023-09-05T00:00:00.000,JAPANESE YEN - CHICAGO MERCANTILE EXCHANGE,37014,134150,190804,84937,268344,2023-09-05,-97136,105867
2023-09-12T00:00:00.000,JAPANESE YEN - CHICAGO MERCANTILE EXCHANGE,38247,136960,183589,76945,270854,2023-09-12,-98713,106644
2023-09-19T00:00:00.000,JAPANESE YEN - CHICAGO MERCANTILE EXCHANGE,45737,147356,183927,72482,265860,2023-09-19,-101619,111445
2023-09-26T00:00:00.000,JAPANESE YEN - CHICAGO MERCANTILE EXCHANGE,46169,155681,200015,79788,285974,2023-09-26,-109512,120227
2023-10-03T00:00:00.000,JAPANESE YEN - CHICAGO MERCANTILE EXCHANGE,47544,161532,194193,76324,282682,2023-10-03,-113988,117869
2023-10-10T00:00:00.000,JAPANESE YEN - CHICAGO MERCANTILE EXCHANGE,36780,136256,182514,76362,259937,2023-10-10,-99476,106152
2023-10-17T00:00:00.000,JAPANESE YEN - CHICAGO MERCANTILE EXCHANGE,33139,135797,193634,81275,267521,2023-10-17,-102658,112359
2023-10-24T00:00:00.000,JAPANESE YEN - CHICAGO MERCANTILE EXCHANGE,30964,130593,186381,81572,260909,2023-10-24,-99629,104809
2023-10-31T00:00:00.000,JAPANESE YEN - CHICAGO MERCANTILE EXCHANGE,37641,141489,193460,85894,277272,2023-10-31,-103848,107566
2023-11-07T00:00:00.000,JAPANESE YEN - CHICAGO MERCANTILE EXCHANGE,27238,131278,189951,77994,259698,2023-11-07,-104040,111957
2023-11-14T00:00:00.000,JAPANESE YEN - CHICAGO MERCANTILE EXCHANGE,27772,158021,199890,66618,273763,2023-11-14,-130249,133272
2023-11-21T00:00:00.000,JAPANESE YEN - CHICAGO MERCANTILE EXCHANGE,39236,144690,178832,73404,264903,2023-11-21,-105454,105428
2023-11-28T00:00:00.000,JAPANESE YEN - CHICAGO MERCANTILE EXCHANGE,30461,139698,180134,76442,260781,2023-11-28,-109237,103692
2023-12-05T00:00:00.000,JAPANESE YEN - CHICAGO MERCANTILE EXCHANGE,28266,133222,184156,77938,267482,2023-12-05,-104956,106218
2023-12-12T00:00:00.000,JAPANESE YEN - CHICAGO MERCANTILE EXCHANGE,28226,109357,172756,93229,257581,2023-12-12,-81131,79527
2023-12-19T00:00:00.000,JAPANESE YEN - CHICAGO MERCANTILE EXCHANGE,31734,96636,112422,49729,185940,2023-12-19,-64902,62693
2023-12-26T00:00:00.000,JAPANESE YEN - CHICAGO MERCANTILE EXCHANGE,37321,92889,110013,57354,188540,2023-12-26,-55568,52659
2024-01-02T00:00:00.000,JAPANESE YEN - CHICAGO MERCANTILE EXCHANGE,33585,90780,108605,53116,184042,2024-01-02,-57195,55489
2024-01-09T00:00:00.000,JAPANESE YEN - CHICAGO MERCANTILE EXCHANGE,41364,97313,113876,59685,200299,2024-01-09,-55949,54191
2024-01-16T00:00:00.000,JAPANESE YEN - CHICAGO MERCANTILE EXCHANGE,44180,100740,125048,63324,213309,2024-01-16,-56560,61724
2024-01-23T00:00:00.000,JAPANESE YEN - CHICAGO MERCANTILE EXCHANGE,52585,123230,144222,67230,243032,2024-01-23,-70645,76992
2024-01-30T00:00:00.000,JAPANESE YEN - CHICAGO MERCANTILE EXCHANGE,44918,125373,148972,68838,242029,2024-01-30,-80455,80134
2024-02-06T00:00:00.000,JAPANESE YEN - CHICAGO MERCANTILE EXCHANGE,55646,139876,155571,72588,259542,2024-02-06,-84230,82983
2024-02-13T00:00:00.000,JAPANESE YEN - CHICAGO MERCANTILE EXCHANGE,58554,170090,194067,78895,304592,2024-02-13,-111536,115172
2024-02-20T00:00:00.000,JAPANESE YEN - CHICAGO MERCANTILE EXCHANGE,53862,174640,199061,73207,305438,2024-02-20,-120778,125854
2024-02-27T00:00:00.000,JAPANESE YEN - CHICAGO MERCANTILE EXCHANGE,51261,183966,204425,72443,309633,2024-02-27,-132705,131982
2024-03-05T00:00:00.000,JAPANESE YEN - CHICAGO MERCANTILE EXCHANGE,54671,173514,200129,86604,314586,2024-03-05,-118843,113525
2024-03-12T00:00:00.000,JAPANESE YEN - CHICAGO MERCANTILE EXCHANGE,54923,157245,207478,109601,325675,2024-03-12,-102322,97877
2024-03-19T00:00:00.000,JAPANESE YEN - CHICAGO MERCANTILE EXCHANGE,66274,182286,182299,67180,302500,2024-03-19,-116012,115119
2024-03-26T00:00:00.000,JAPANESE YEN - CHICAGO MERCANTILE EXCHANGE,59969,189075,194045,64457,305701,2024-03-26,-129106,129588
2024-04-02T00:00:00.000,JAPANESE YEN - CHICAGO MERCANTILE EXCHANGE,55190,198420,205195,65701,316809,2024-04-02,-143230,139494
2024-04-09T00:00:00.000,JAPANESE YEN - CHICAGO MERCANTILE EXCHANGE,47275,209426,219256,62314,324479,2024-04-09,-162151,156942
2024-04-16T00:00:00.000,JAPANESE YEN - CHICAGO MERCANTILE EXCHANGE,49463,215082,230642,62900,331110,2024-04-16,-165619,167742
2024-04-23T00:00:00.000,JAPANESE YEN - CHICAGO MERCANTILE EXCHANGE,42426,222345,239847,60703,336167,2024-04-23,-179919,179144
2024-04-30T00:00:00.000,JAPANESE YEN - CHICAGO MERCANTILE EXCHANGE,40435,208823,244920,68798,334848,2024-04-30,-168388,176122
2024-05-07T00:00:00.000,JAPANESE YEN - CHICAGO MERCANTILE EXCHANGE,34990,169912,219305,77532,299859,2024-05-07,-134922,141773
2024-05-14T00:00:00.000,JAPANESE YEN - CHICAGO MERCANTILE EXCHANGE,35303,161485,216442,83148,297606,2024-05-14,-126182,133294
2024-05-21T00:00:00.000,JAPANESE YEN - CHICAGO MERCANTILE EXCHANGE,29614,173981,224424,77907,301315,2024-05-21,-144367,146517
2024-05-28T00:00:00.000,JAPANESE YEN - CHICAGO MERCANTILE EXCHANGE,28565,184604,246911,80789,325231,2024-05-28,-156039,166122
2024-06-04T00:00:00.000,JAPANESE YEN - CHICAGO MERCANTILE EXCHANGE,40427,172528,204830,74935,303009,2024-06-04,-132101,129895
2024-06-11T00:00:00.000,JAPANESE YEN - CHICAGO MERCANTILE EXCHANGE,30763,169342,228809,83182,319274,2024-06-11,-138579,145627
2024-06-18T00:00:00.000,JAPANESE YEN - CHICAGO MERCANTILE EXCHANGE,29429,177182,227907,68141,297117,2024-06-18,-147753,159766
2024-06-25T00:00:00.000,JAPANESE YEN - CHICAGO MERCANTILE EXCHANGE,34576,208476,259292,77434,340237,2024-06-25,-173900,181858
2024-07-02T00:00:00.000,JAPANESE YEN - CHICAGO MERCANTILE EXCHANGE,36714,220937,264603,70058,349817,2024-07-02,-184223,194545
2024-07-09T00:00:00.000,JAPANESE YEN - CHICAGO MERCANTILE EXCHANGE,41521,223554,257455,67588,348954,2024-07-09,-182033,189867
2024-07-16T00:00:00.000,JAPANESE YEN - CHICAGO MERCANTILE EXCHANGE,47356,198428,216042,56953,307205,2024-07-16,-151072,159089
2024-07-23T00:00:00.000,JAPANESE YEN - CHICAGO MERCANTILE EXCHANGE,64390,171498,194534,85766,307183,2024-07-23,-107108,108768
2024-07-30T00:00:00.000,JAPANESE YEN - CHICAGO MERCANTILE EXCHANGE,65016,138476,195104,117524,303151,2024-07-30,-73460,77580
2024-08-06T00:00:00.000,JAPANESE YEN - CHICAGO MERCANTILE EXCHANGE,66169,77523,191829,179633,298937,2024-08-06,-11354,12196
2024-08-13T00:00:00.000,JAPANESE YEN - CHICAGO MERCANTILE EXCHANGE,87101,63997,190064,213591,315338,2024-08-13,23104,-23527
2024-08-20T00:00:00.000,JAPANESE YEN - CHICAGO MERCANTILE EXCHANGE,88761,65176,187055,215456,316197,2024-08-20,23585,-28401
2024-08-27T00:00:00.000,JAPANESE YEN - CHICAGO MERCANTILE EXCHANGE,84305,58437,190141,221591,318259,2024-08-27,25868,-31450
2024-09-03T00:00:00.000,JAPANESE YEN - CHICAGO MERCANTILE EXCHANGE,91791,50675,189291,236056,326795,2024-09-03,41116,-46765
2024-09-10T00:00:00.000,JAPANESE YEN - CHICAGO MERCANTILE EXCHANGE,98894,43124,223698,290417,376514,2024-09-10,55770,-66719
2024-09-17T00:00:00.000,JAPANESE YEN - CHICAGO MERCANTILE EXCHANGE,97332,40492,56915,128754,199463,2024-09-17,56840,-71839
2024-09-24T00:00:00.000,JAPANESE YEN - CHICAGO MERCANTILE EXCHANGE,104690,38679,58606,136114,207702,2024-09-24,66011,-77508
2024-10-01T00:00:00.000,JAPANESE YEN - CHICAGO MERCANTILE EXCHANGE,95513,38741,58635,125382,196200,2024-10-01,56772,-66747
2024-10-08T00:00:00.000,JAPANESE YEN - CHICAGO MERCANTILE EXCHANGE,83679,47151,73626,111285,196685,2024-10-08,36528,-37659
2024-10-15T00:00:00.000,JAPANESE YEN - CHICAGO MERCANTILE EXCHANGE,86685,52575,68697,105336,197871,2024-10-15,34110,-36639
2024-10-22T00:00:00.000,JAPANESE YEN - CHICAGO MERCANTILE EXCHANGE,79364,66593,86382,97010,207338,2024-10-22,12771,-10628
2024-10-29T00:00:00.000,JAPANESE YEN - CHICAGO MERCANTILE EXCHANGE,64925,89742,121136,93054,225894,2024-10-29,-24817,28082
2024-11-05T00:00:00.000,JAPANESE YEN - CHICAGO MERCANTILE EXCHANGE,60334,104501,135946,88651,235762,2024-11-05,-44167,47295
2024-11-12T00:00:00.000,JAPANESE YEN - CHICAGO MERCANTILE EXCHANGE,64038,128940,153738,81565,257688,2024-11-12,-64902,72173
2024-11-19T00:00:00.000,JAPANESE YEN - CHICAGO MERCANTILE EXCHANGE,78973,125841,134065,84856,254087,2024-11-19,-46868,49209
2024-11-26T00:00:00.000,JAPANESE YEN - CHICAGO MERCANTILE EXCHANGE,87597,110230,122885,99595,253566,2024-11-26,-22633,23290
2024-12-03T00:00:00.000,JAPANESE YEN - CHICAGO MERCANTILE EXCHANGE,93622,91288,111171,111335,256849,2024-12-03,2334,-164
2024-12-10T00:00:00.000,JAPANESE YEN - CHICAGO MERCANTILE EXCHANGE,97938,72186,117775,142373,274834,2024-12-10,25752,-24598
2024-12-17T00:00:00.000,JAPANESE YEN - CHICAGO MERCANTILE EXCHANGE,87208,81247,57107,60208,181673,2024-12-17,5961,-3101
2024-12-24T00:00:00.000,JAPANESE YEN - CHICAGO MERCANTILE EXCHANGE,95958,93647,68898,65215,200720,2024-12-24,2311,3683
2024-12-31T00:00:00.000,JAPANESE YEN - CHICAGO MERCANTILE EXCHANGE,96119,104562,71016,61414,206971,2024-12-31,-8443,9602
2025-01-07T00:00:00.000,JAPANESE YEN - CHICAGO MERCANTILE EXCHANGE,91206,111395,76577,56293,212456,2025-01-07,-20189,20284
2025-01-14T00:00:00.000,JAPANESE YEN - CHICAGO MERCANTILE EXCHANGE,91434,120845,88113,57090,223952,2025-01-14,-29411,31023
2025-01-21T00:00:00.000,JAPANESE YEN - CHICAGO MERCANTILE EXCHANGE,94157,108830,68868,60039,211620,2025-01-21,-14673,8829
2025-01-28T00:00:00.000,JAPANESE YEN - CHICAGO MERCANTILE EXCHANGE,96809,97768,68683,75420,216788,2025-01-28,-959,-6737
2025-02-04T00:00:00.000,JAPANESE YEN - CHICAGO MERCANTILE EXCHANGE,104684,85916,70418,101101,231911,2025-02-04,18768,-30683
2025-02-11T00:00:00.000,JAPANESE YEN - CHICAGO MERCANTILE EXCHANGE,144158,89543,73890,142044,273314,2025-02-11,54615,-68154
2025-02-18T00:00:00.000,JAPANESE YEN - CHICAGO MERCANTILE EXCHANGE,147566,86997,84001,154194,281163,2025-02-18,60569,-70193
2025-02-25T00:00:00.000,JAPANESE YEN - CHICAGO MERCANTILE EXCHANGE,171751,75771,93060,202005,329186,2025-02-25,95980,-108945
2025-03-04T00:00:00.000,JAPANESE YEN - CHICAGO MERCANTILE EXCHANGE,183955,50304,102081,248000,354415,2025-03-04,133651,-145919
2025-03-11T00:00:00.000,JAPANESE YEN - CHICAGO MERCANTILE EXCHANGE,176790,42888,178522,327791,446178,2025-03-11,133902,-149269
2025-03-18T00:00:00.000,JAPANESE YEN - CHICAGO MERCANTILE EXCHANGE,164752,41788,80456,217232,296567,2025-03-18,122964,-136776
2025-03-25T00:00:00.000,JAPANESE YEN - CHICAGO MERCANTILE EXCHANGE,160474,35098,92999,228739,303778,2025-03-25,125376,-135740
2025-04-01T00:00:00.000,JAPANESE YEN - CHICAGO MERCANTILE EXCHANGE,161566,39792,96971,235518,311162,2025-04-01,121774,-138547
2025-04-08T00:00:00.000,JAPANESE YEN - CHICAGO MERCANTILE EXCHANGE,176555,29488,99659,261328,320758,2025-04-08,147067,-161669
2025-04-15T00:00:00.000,JAPANESE YEN - CHICAGO MERCANTILE EXCHANGE,198560,26705,96118,286463,338849,2025-04-15,171855,-190345
2025-04-22T00:00:00.000,JAPANESE YEN - CHICAGO MERCANTILE EXCHANGE,202373,24559,100299,301221,351226,2025-04-22,177814,-200922
2025-04-29T00:00:00.000,JAPANESE YEN - CHICAGO MERCANTILE EXCHANGE,202797,23585,104910,306807,366246,2025-04-29,179212,-201897
2025-05-06T00:00:00.000,JAPANESE YEN - CHICAGO MERCANTILE EXCHANGE,204008,27149,105878,306490,375546,2025-05-06,176859,-200612
2025-05-13T00:00:00.000,JAPANESE YEN - CHICAGO MERCANTILE EXCHANGE,194226,21958,101140,286031,359521,2025-05-13,172268,-184891
2025-05-20T00:00:00.000,JAPANESE YEN - CHICAGO MERCANTILE EXCHANGE,194510,27180,102102,283123,366865,2025-05-20,167330,-181021
2025-05-27T00:00:00.000,JAPANESE YEN - CHICAGO MERCANTILE EXCHANGE,191802,27790,101750,285448,377011,2025-05-27,164012,-183698
2025-06-03T00:00:00.000,JAPANESE YEN - CHICAGO MERCANTILE EXCHANGE,189514,38365,100151,275659,366008,2025-06-03,151149,-175508
2025-06-10T00:00:00.000,JAPANESE YEN - CHICAGO MERCANTILE EXCHANGE,184195,39600,132044,301121,388263,2025-06-10,144595,-169077
2025-06-17T00:00:00.000,JAPANESE YEN - CHICAGO MERCANTILE EXCHANGE,175601,44724,94915,243088,317523,2025-06-17,130877,-148173
2025-06-24T00:00:00.000,JAPANESE YEN - CHICAGO MERCANTILE EXCHANGE,178403,46126,92034,239744,314767,2025-06-24,132277,-147710
2025-07-01T00:00:00.000,JAPANESE YEN - CHICAGO MERCANTILE EXCHANGE,170624,43286,94864,245721,314251,2025-07-01,127338,-150857
2025-07-08T00:00:00.000,JAPANESE YEN - CHICAGO MERCANTILE EXCHANGE,166192,50037,96636,225316,308621,2025-07-08,116155,-128680
2025-07-15T00:00:00.000,JAPANESE YEN - CHICAGO MERCANTILE EXCHANGE,165444,61862,108744,219590,321350,2025-07-15,103582,-110846
2025-07-22T00:00:00.000,JAPANESE YEN - CHICAGO MERCANTILE EXCHANGE,164411,57766,101532,218892,313040,2025-07-22,106645,-117360
2025-07-29T00:00:00.000,JAPANESE YEN - CHICAGO MERCANTILE EXCHANGE,162122,72879,123152,215700,329115,2025-07-29,89243,-92548
2025-08-05T00:00:00.000,JAPANESE YEN - CHICAGO MERCANTILE EXCHANGE,160258,78252,136734,224075,337378,2025-08-05,82006,-87341
2025-08-12T00:00:00.000,JAPANESE YEN - CHICAGO MERCANTILE EXCHANGE,164693,90459,147170,221065,351163,2025-08-12,74234,-73895
2025-08-19T00:00:00.000,JAPANESE YEN - CHICAGO MERCANTILE EXCHANGE,168363,90782,139967,219849,348982,2025-08-19,77581,-79882
2025-08-26T00:00:00.000,JAPANESE YEN - CHICAGO MERCANTILE EXCHANGE,170765,86281,139358,229508,357366,2025-08-26,84484,-90150
2025-09-02T00:00:00.000,JAPANESE YEN - CHICAGO MERCANTILE EXCHANGE,174774,101516,152763,229019,414249,2025-09-02,73258,-76256
2025-09-09T00:00:00.000,JAPANESE YEN - CHICAGO MERCANTILE EXCHANGE,180724,89081,157854,258296,410799,2025-09-09,91643,-100442
2025-09-16T00:00:00.000,JAPANESE YEN - CHICAGO MERCANTILE EXCHANGE,161673,100262,95157,163495,299620,2025-09-16,61411,-68338
2025-09-23T00:00:00.000,JAPANESE YEN - CHICAGO MERCANTILE EXCHANGE,176400,96900,92252,175491,309893,2025-09-23,79500,-83239
2025-09-30T00:00:00.000,JAPANESE YEN - CHICAGO MERCANTILE EXCHANGE,167811,106346,96572,157317,305711,2025-09-30,61465,-60745
2025-10-07T00:00:00.000,JAPANESE YEN - CHICAGO MERCANTILE EXCHANGE,159197,112890,102742,148716,305134,2025-10-07,46307,-45974
2025-10-14T00:00:00.000,JAPANESE YEN - CHICAGO MERCANTILE EXCHANGE,160639,123473,104332,140952,305003,2025-10-14,37166,-36620
2025-10-21T00:00:00.000,JAPANESE YEN - CHICAGO MERCANTILE EXCHANGE,175724,105310,92611,160505,307569,2025-10-21,70414,-67894
2025-10-28T00:00:00.000,JAPANESE YEN - CHICAGO MERCANTILE EXCHANGE,178745,110630,100864,169477,321889,2025-10-28,68115,-68613
2025-11-04T00:00:00.000,JAPANESE YEN - CHICAGO MERCANTILE EXCHANGE,170180,118915,100952,148803,314190,2025-11-04,51265,-47851
2025-11-10T00:00:00.000,JAPANESE YEN - CHICAGO MERCANTILE EXCHANGE,172349,123873,97752,145775,312845,2025-11-10,48476,-48023
2025-11-18T00:00:00.000,JAPANESE YEN - CHICAGO MERCANTILE EXCHANGE,169890,138733,114082,144609,329456,2025-11-18,31157,-30527
2025-11-25T00:00:00.000,JAPANESE YEN - CHICAGO MERCANTILE EXCHANGE,169218,142701,117192,144676,344420,2025-11-25,26517,-27484
2025-12-02T00:00:00.000,JAPANESE YEN - CHICAGO MERCANTILE EXCHANGE,184958,148540,133444,171567,394859,2025-12-02,36418,-38123
2025-12-09T00:00:00.000,JAPANESE YEN - CHICAGO MERCANTILE EXCHANGE,184488,167040,205773,223832,465416,2025-12-09,17448,-18059
2025-12-16T00:00:00.000,JAPANESE YEN - CHICAGO MERCANTILE EXCHANGE,146275,149217,101002,105746,379679,2025-12-16,-2942,-4744
2025-12-23T00:00:00.000,JAPANESE YEN - CHICAGO MERCANTILE EXCHANGE,141133,139910,99644,105548,285084,2025-12-23,1223,-5904
2025-12-30T00:00:00.000,JAPANESE YEN - CHICAGO MERCANTILE EXCHANGE,144596,130528,95645,114721,286132,2025-12-30,14068,-19076
2026-01-06T00:00:00.000,JAPANESE YEN - CHICAGO MERCANTILE EXCHANGE,140441,131626,94001,106169,287715,2026-01-06,8815,-12168
2026-01-13T00:00:00.000,JAPANESE YEN - CHICAGO MERCANTILE EXCHANGE,111743,156907,114303,68484,294242,2026-01-13,-45164,45819
2026-01-20T00:00:00.000,JAPANESE YEN - CHICAGO MERCANTILE EXCHANGE,107139,151968,115583,74443,292607,2026-01-20,-44829,41140
2026-01-27T00:00:00.000,JAPANESE YEN - CHICAGO MERCANTILE EXCHANGE,104460,138393,125157,98448,300726,2026-01-27,-33933,26709
2026-02-03T00:00:00.000,JAPANESE YEN - CHICAGO MERCANTILE EXCHANGE,114428,133650,122665,108248,303673,2026-02-03,-19222,14417
2026-02-10T00:00:00.000,JAPANESE YEN - CHICAGO MERCANTILE EXCHANGE,128090,147196,136055,123376,334948,2026-02-10,-19106,12679
2026-02-17T00:00:00.000,JAPANESE YEN - CHICAGO MERCANTILE EXCHANGE,143172,130217,141766,157934,354328,2026-02-17,12955,-16168
2026-02-24T00:00:00.000,JAPANESE YEN - CHICAGO MERCANTILE EXCHANGE,149364,137825,141918,156647,369721,2026-02-24,11539,-14729
2026-03-03T00:00:00.000,JAPANESE YEN - CHICAGO MERCANTILE EXCHANGE,134945,151520,186027,171020,416977,2026-03-03,-16575,15007
2026-03-10T00:00:00.000,JAPANESE YEN - CHICAGO MERCANTILE EXCHANGE,119411,160798,220577,174607,427718,2026-03-10,-41387,45970
2026-03-17T00:00:00.000,JAPANESE YEN - CHICAGO MERCANTILE EXCHANGE,106819,174599,163975,93973,326688,2026-03-17,-67780,70002
2026-03-24T00:00:00.000,JAPANESE YEN - CHICAGO MERCANTILE EXCHANGE,98271,161077,167443,109542,328210,2026-03-24,-62806,57901
2026-03-31T00:00:00.000,JAPANESE YEN - CHICAGO MERCANTILE EXCHANGE,95356,168228,185944,115237,345276,2026-03-31,-72872,70707
2026-04-07T00:00:00.000,JAPANESE YEN - CHICAGO MERCANTILE EXCHANGE,91560,185302,192103,101707,349373,2026-04-07,-93742,90396
2026-04-14T00:00:00.000,JAPANESE YEN - CHICAGO MERCANTILE EXCHANGE,102114,185322,187189,106141,354344,2026-04-14,-83208,81048
2026-04-21T00:00:00.000,JAPANESE YEN - CHICAGO MERCANTILE EXCHANGE,101386,195846,188723,93256,351782,2026-04-21,-94460,95467
