report_date_as_yyyy_mm_dd,market_and_exchange_names,noncomm_positions_long_all,noncomm_positions_short_all,comm_positions_long_all,comm_positions_short_all,open_interest_all,date,spec_net,comm_net
2010-01-05T00:00:00.000,NATURAL GAS - NEW YORK MERCANTILE EXCHANGE,82285,238874,308551,188724,724087,2010-01-05,-156589,119827
2010-01-12T00:00:00.000,NATURAL GAS - NEW YORK MERCANTILE EXCHANGE,90030,253840,320780,194134,760159,2010-01-12,-163810,126646
2010-01-19T00:00:00.000,NATURAL GAS - NEW YORK MERCANTILE EXCHANGE,88567,257289,333490,202002,782549,2010-01-19,-168722,131488
2010-01-26T00:00:00.000,NATURAL GAS - NEW YORK MERCANTILE EXCHANGE,88479,251033,318212,194613,769887,2010-01-26,-162554,123599
2010-02-02T00:00:00.000,NATURAL GAS - NEW YORK MERCANTILE EXCHANGE,76996,236354,323105,199940,782673,2010-02-02,-159358,123165
2010-02-09T00:00:00.000,NATURAL GAS - NEW YORK MERCANTILE EXCHANGE,77392,228219,309849,193069,775827,2010-02-09,-150827,116780
2010-02-16T00:00:00.000,NATURAL GAS - NEW YORK MERCANTILE EXCHANGE,78088,232380,313047,192694,780477,2010-02-16,-154292,120353
2010-02-23T00:00:00.000,NATURAL GAS - NEW YORK MERCANTILE EXCHANGE,76544,242835,322650,191096,794836,2010-02-23,-166291,131554
2010-03-02T00:00:00.000,NATURAL GAS - NEW YORK MERCANTILE EXCHANGE,86997,257664,329774,189427,820300,2010-03-02,-170667,140347
2010-03-09T00:00:00.000,NATURAL GAS - NEW YORK MERCANTILE EXCHANGE,92921,267490,343835,201266,853259,2010-03-09,-174569,142569
2010-03-16T00:00:00.000,NATURAL GAS - NEW YORK MERCANTILE EXCHANGE,98605,285588,345251,190652,859448,2010-03-16,-186983,154599
2010-03-23T00:00:00.000,NATURAL GAS - NEW YORK MERCANTILE EXCHANGE,108828,294801,342505,188492,831206,2010-03-23,-185973,154013
2010-03-30T00:00:00.000,NATURAL GAS - NEW YORK MERCANTILE EXCHANGE,109142,286999,338523,190533,815340,2010-03-30,-177857,147990
2010-04-06T00:00:00.000,NATURAL GAS - NEW YORK MERCANTILE EXCHANGE,113721,299313,356993,198883,844832,2010-04-06,-185592,158110
2010-04-13T00:00:00.000,NATURAL GAS - NEW YORK MERCANTILE EXCHANGE,107939,303251,365803,197264,868368,2010-04-13,-195312,168539
2010-04-20T00:00:00.000,NATURAL GAS - NEW YORK MERCANTILE EXCHANGE,105630,310785,375529,196096,879380,2010-04-20,-205155,179433
2010-04-27T00:00:00.000,NATURAL GAS - NEW YORK MERCANTILE EXCHANGE,109659,293531,352921,198283,823549,2010-04-27,-183872,154638
2010-05-04T00:00:00.000,NATURAL GAS - NEW YORK MERCANTILE EXCHANGE,105032,308407,376968,200779,861875,2010-05-04,-203375,176189
2010-05-11T00:00:00.000,NATURAL GAS - NEW YORK MERCANTILE EXCHANGE,100256,291911,388338,226093,868994,2010-05-11,-191655,162245
2010-05-18T00:00:00.000,NATURAL GAS - NEW YORK MERCANTILE EXCHANGE,101733,285928,377363,222789,874072,2010-05-18,-184195,154574
2010-05-25T00:00:00.000,NATURAL GAS - NEW YORK MERCANTILE EXCHANGE,96495,276207,370414,215833,840409,2010-05-25,-179712,154581
2010-06-01T00:00:00.000,NATURAL GAS - NEW YORK MERCANTILE EXCHANGE,96865,271113,357228,211135,842011,2010-06-01,-174248,146093
2010-06-08T00:00:00.000,NATURAL GAS - NEW YORK MERCANTILE EXCHANGE,114306,269056,343972,223694,828729,2010-06-08,-154750,120278
2010-06-15T00:00:00.000,NATURAL GAS - NEW YORK MERCANTILE EXCHANGE,112291,262566,347788,235750,832563,2010-06-15,-150275,112038
2010-06-22T00:00:00.000,NATURAL GAS - NEW YORK MERCANTILE EXCHANGE,98166,259454,352858,234000,825786,2010-06-22,-161288,118858
2010-06-29T00:00:00.000,NATURAL GAS - NEW YORK MERCANTILE EXCHANGE,99879,256634,349193,229909,759921,2010-06-29,-156755,119284
2010-07-06T00:00:00.000,NATURAL GAS - NEW YORK MERCANTILE EXCHANGE,103587,249868,364073,252728,783430,2010-07-06,-146281,111345
2010-07-13T00:00:00.000,NATURAL GAS - NEW YORK MERCANTILE EXCHANGE,109795,265762,372523,249140,800607,2010-07-13,-155967,123383
2010-07-20T00:00:00.000,NATURAL GAS - NEW YORK MERCANTILE EXCHANGE,99975,255955,349302,225601,785515,2010-07-20,-155980,123701
2010-07-27T00:00:00.000,NATURAL GAS - NEW YORK MERCANTILE EXCHANGE,98865,252968,339068,215090,764029,2010-07-27,-154103,123978
2010-08-03T00:00:00.000,NATURAL GAS - NEW YORK MERCANTILE EXCHANGE,103833,254114,332363,217164,779372,2010-08-03,-150281,115199
2010-08-10T00:00:00.000,NATURAL GAS - NEW YORK MERCANTILE EXCHANGE,119709,276191,359218,235459,842038,2010-08-10,-156482,123759
2010-08-17T00:00:00.000,NATURAL GAS - NEW YORK MERCANTILE EXCHANGE,111281,271993,359432,232040,828693,2010-08-17,-160712,127392
2010-08-24T00:00:00.000,NATURAL GAS - NEW YORK MERCANTILE EXCHANGE,112931,276127,361105,230034,828565,2010-08-24,-163196,131071
2010-08-31T00:00:00.000,NATURAL GAS - NEW YORK MERCANTILE EXCHANGE,113993,277699,357416,227682,816477,2010-08-31,-163706,129734
2010-09-07T00:00:00.000,NATURAL GAS - NEW YORK MERCANTILE EXCHANGE,111346,284955,377675,236886,827657,2010-09-07,-173609,140789
2010-09-14T00:00:00.000,NATURAL GAS - NEW YORK MERCANTILE EXCHANGE,113299,291929,379861,234667,821716,2010-09-14,-178630,145194
2010-09-21T00:00:00.000,NATURAL GAS - NEW YORK MERCANTILE EXCHANGE,107926,291039,385137,236386,817004,2010-09-21,-183113,148751
2010-09-28T00:00:00.000,NATURAL GAS - NEW YORK MERCANTILE EXCHANGE,110643,294446,381679,229266,774120,2010-09-28,-183803,152413
2010-10-05T00:00:00.000,NATURAL GAS - NEW YORK MERCANTILE EXCHANGE,129590,299848,377180,240423,791682,2010-10-05,-170258,136757
2010-10-12T00:00:00.000,NATURAL GAS - NEW YORK MERCANTILE EXCHANGE,125003,300244,389703,243232,794669,2010-10-12,-175241,146471
2010-10-19T00:00:00.000,NATURAL GAS - NEW YORK MERCANTILE EXCHANGE,115245,289119,389537,250169,807824,2010-10-19,-173874,139368
2010-10-26T00:00:00.000,NATURAL GAS - NEW YORK MERCANTILE EXCHANGE,114902,280646,386318,249621,808541,2010-10-26,-165744,136697
2010-11-02T00:00:00.000,NATURAL GAS - NEW YORK MERCANTILE EXCHANGE,104781,263397,376972,248599,796717,2010-11-02,-158616,128373
2010-11-09T00:00:00.000,NATURAL GAS - NEW YORK MERCANTILE EXCHANGE,110796,274078,383773,255904,815270,2010-11-09,-163282,127869
2010-11-16T00:00:00.000,NATURAL GAS - NEW YORK MERCANTILE EXCHANGE,114981,282731,366005,234793,781273,2010-11-16,-167750,131212
2010-11-23T00:00:00.000,NATURAL GAS - NEW YORK MERCANTILE EXCHANGE,115307,282315,353577,225971,749109,2010-11-23,-167008,127606
2010-11-30T00:00:00.000,NATURAL GAS - NEW YORK MERCANTILE EXCHANGE,122410,292489,350424,218468,758702,2010-11-30,-170079,131956
2010-12-07T00:00:00.000,NATURAL GAS - NEW YORK MERCANTILE EXCHANGE,117753,293654,343599,209312,760786,2010-12-07,-175901,134287
2010-12-14T00:00:00.000,NATURAL GAS - NEW YORK MERCANTILE EXCHANGE,128700,311752,343373,209335,785382,2010-12-14,-183052,134038
2010-12-21T00:00:00.000,NATURAL GAS - NEW YORK MERCANTILE EXCHANGE,134315,336411,338745,179315,784807,2010-12-21,-202096,159430
2010-12-28T00:00:00.000,NATURAL GAS - NEW YORK MERCANTILE EXCHANGE,130203,329827,331238,171470,760034,2010-12-28,-199624,159768
2011-01-04T00:00:00.000,NATURAL GAS - NEW YORK MERCANTILE EXCHANGE,129330,309338,330084,196378,767021,2011-01-04,-180008,133706
2011-01-11T00:00:00.000,NATURAL GAS - NEW YORK MERCANTILE EXCHANGE,138192,337227,367712,214527,817792,2011-01-11,-199035,153185
2011-01-18T00:00:00.000,NATURAL GAS - NEW YORK MERCANTILE EXCHANGE,138674,360237,387972,212942,852133,2011-01-18,-221563,175030
2011-01-25T00:00:00.000,NATURAL GAS - NEW YORK MERCANTILE EXCHANGE,135290,345813,365949,203986,836565,2011-01-25,-210523,161963
2011-02-01T00:00:00.000,NATURAL GAS - NEW YORK MERCANTILE EXCHANGE,139589,358721,365181,192200,831568,2011-02-01,-219132,172981
2011-02-08T00:00:00.000,NATURAL GAS - NEW YORK MERCANTILE EXCHANGE,143752,369006,390365,205217,898069,2011-02-08,-225254,185148
2011-02-15T00:00:00.000,NATURAL GAS - NEW YORK MERCANTILE EXCHANGE,136316,383152,422680,214044,944994,2011-02-15,-246836,208636
2011-02-22T00:00:00.000,NATURAL GAS - NEW YORK MERCANTILE EXCHANGE,137154,394437,429669,205831,960208,2011-02-22,-257283,223838
2011-03-01T00:00:00.000,NATURAL GAS - NEW YORK MERCANTILE EXCHANGE,141913,401744,431574,202664,982208,2011-03-01,-259831,228910
2011-03-08T00:00:00.000,NATURAL GAS - NEW YORK MERCANTILE EXCHANGE,132981,387495,440064,215092,956442,2011-03-08,-254514,224972
2011-03-15T00:00:00.000,NATURAL GAS - NEW YORK MERCANTILE EXCHANGE,130767,382918,425349,209561,918567,2011-03-15,-252151,215788
2011-03-22T00:00:00.000,NATURAL GAS - NEW YORK MERCANTILE EXCHANGE,126867,364494,406646,213924,897569,2011-03-22,-237627,192722
2011-03-29T00:00:00.000,NATURAL GAS - NEW YORK MERCANTILE EXCHANGE,132168,333181,387553,229426,873477,2011-03-29,-201013,158127
2011-04-05T00:00:00.000,NATURAL GAS - NEW YORK MERCANTILE EXCHANGE,130282,330652,385850,235403,906245,2011-04-05,-200370,150447
2011-04-12T00:00:00.000,NATURAL GAS - NEW YORK MERCANTILE EXCHANGE,136791,347240,404588,237000,950482,2011-04-12,-210449,167588
2011-04-19T00:00:00.000,NATURAL GAS - NEW YORK MERCANTILE EXCHANGE,134130,346262,406179,236330,978580,2011-04-19,-212132,169849
2011-04-26T00:00:00.000,NATURAL GAS - NEW YORK MERCANTILE EXCHANGE,121021,323198,392554,235241,930153,2011-04-26,-202177,157313
2011-05-03T00:00:00.000,NATURAL GAS - NEW YORK MERCANTILE EXCHANGE,167465,355265,398527,259600,1003421,2011-05-03,-187800,138927
2011-05-10T00:00:00.000,NATURAL GAS - NEW YORK MERCANTILE EXCHANGE,135612,337087,413629,252000,981157,2011-05-10,-201475,161629
2011-05-17T00:00:00.000,NATURAL GAS - NEW YORK MERCANTILE EXCHANGE,128391,326543,410713,246115,956074,2011-05-17,-198152,164598
2011-05-24T00:00:00.000,NATURAL GAS - NEW YORK MERCANTILE EXCHANGE,122424,314764,397363,240357,915318,2011-05-24,-192340,157006
2011-05-31T00:00:00.000,NATURAL GAS - NEW YORK MERCANTILE EXCHANGE,118281,284954,384702,254092,919093,2011-05-31,-166673,130610
2011-06-07T00:00:00.000,NATURAL GAS - NEW YORK MERCANTILE EXCHANGE,167095,321255,373605,263909,981615,2011-06-07,-154160,109696
2011-06-14T00:00:00.000,NATURAL GAS - NEW YORK MERCANTILE EXCHANGE,172034,327871,372067,263907,1013660,2011-06-14,-155837,108160
2011-06-21T00:00:00.000,NATURAL GAS - NEW YORK MERCANTILE EXCHANGE,139585,310462,378484,249520,976498,2011-06-21,-170877,128964
2011-06-28T00:00:00.000,NATURAL GAS - NEW YORK MERCANTILE EXCHANGE,135374,314772,379488,236853,960530,2011-06-28,-179398,142635
2011-07-05T00:00:00.000,NATURAL GAS - NEW YORK MERCANTILE EXCHANGE,143127,318652,381014,239285,974776,2011-07-05,-175525,141729
2011-07-12T00:00:00.000,NATURAL GAS - NEW YORK MERCANTILE EXCHANGE,148230,335433,406267,252141,988230,2011-07-12,-187203,154126
2011-07-19T00:00:00.000,NATURAL GAS - NEW YORK MERCANTILE EXCHANGE,138865,318063,383634,246461,980563,2011-07-19,-179198,137173
2011-07-26T00:00:00.000,NATURAL GAS - NEW YORK MERCANTILE EXCHANGE,135418,310399,376460,241874,951287,2011-07-26,-174981,134586
2011-08-02T00:00:00.000,NATURAL GAS - NEW YORK MERCANTILE EXCHANGE,152262,337176,385221,235548,968004,2011-08-02,-184914,149673
2011-08-09T00:00:00.000,NATURAL GAS - NEW YORK MERCANTILE EXCHANGE,150953,340381,414733,253624,981087,2011-08-09,-189428,161109
2011-08-16T00:00:00.000,NATURAL GAS - NEW YORK MERCANTILE EXCHANGE,154431,344604,426353,264227,1000246,2011-08-16,-190173,162126
2011-08-23T00:00:00.000,NATURAL GAS - NEW YORK MERCANTILE EXCHANGE,156715,348803,425580,267011,998590,2011-08-23,-192088,158569
2011-08-30T00:00:00.000,NATURAL GAS - NEW YORK MERCANTILE EXCHANGE,148415,328110,414786,264957,975210,2011-08-30,-179695,149829
2011-09-06T00:00:00.000,NATURAL GAS - NEW YORK MERCANTILE EXCHANGE,154491,337508,417854,266051,977952,2011-09-06,-183017,151803
2011-09-13T00:00:00.000,NATURAL GAS - NEW YORK MERCANTILE EXCHANGE,143100,326800,433503,283947,952674,2011-09-13,-183700,149556
2011-09-20T00:00:00.000,NATURAL GAS - NEW YORK MERCANTILE EXCHANGE,147731,339421,432488,271397,953117,2011-09-20,-191690,161091
2011-09-27T00:00:00.000,NATURAL GAS - NEW YORK MERCANTILE EXCHANGE,140306,320891,414034,261037,913905,2011-09-27,-180585,152997
2011-10-04T00:00:00.000,NATURAL GAS - NEW YORK MERCANTILE EXCHANGE,140128,308828,426340,281224,938710,2011-10-04,-168700,145116
2011-10-11T00:00:00.000,NATURAL GAS - NEW YORK MERCANTILE EXCHANGE,143987,316081,424200,275772,968457,2011-10-11,-172094,148428
2011-10-18T00:00:00.000,NATURAL GAS - NEW YORK MERCANTILE EXCHANGE,150030,318673,427966,276739,996833,2011-10-18,-168643,151227
2011-10-25T00:00:00.000,NATURAL GAS - NEW YORK MERCANTILE EXCHANGE,141160,310600,418265,267816,977327,2011-10-25,-169440,150449
2011-11-01T00:00:00.000,NATURAL GAS - NEW YORK MERCANTILE EXCHANGE,140665,303224,408797,263622,960199,2011-11-01,-162559,145175
2011-11-08T00:00:00.000,NATURAL GAS - NEW YORK MERCANTILE EXCHANGE,145853,306866,420507,267795,971799,2011-11-08,-161013,152712
2011-11-15T00:00:00.000,NATURAL GAS - NEW YORK MERCANTILE EXCHANGE,167515,346126,425045,268313,996935,2011-11-15,-178611,156732
2011-11-22T00:00:00.000,NATURAL GAS - NEW YORK MERCANTILE EXCHANGE,177646,348667,419168,264544,991038,2011-11-22,-171021,154624
2011-11-29T00:00:00.000,NATURAL GAS - NEW YORK MERCANTILE EXCHANGE,167919,338431,408288,253953,955095,2011-11-29,-170512,154335
2011-12-06T00:00:00.000,NATURAL GAS - NEW YORK MERCANTILE EXCHANGE,167830,334318,403549,254924,943649,2011-12-06,-166488,148625
2011-12-13T00:00:00.000,NATURAL GAS - NEW YORK MERCANTILE EXCHANGE,173431,333803,419552,278499,988215,2011-12-13,-160372,141053
2011-12-20T00:00:00.000,NATURAL GAS - NEW YORK MERCANTILE EXCHANGE,177072,334453,416204,280197,994703,2011-12-20,-157381,136007
2011-12-27T00:00:00.000,NATURAL GAS - NEW YORK MERCANTILE EXCHANGE,179048,339639,414613,275228,1000237,2011-12-27,-160591,139385
2012-01-03T00:00:00.000,NATURAL GAS - NEW YORK MERCANTILE EXCHANGE,178941,336961,406192,268822,1016237,2012-01-03,-158020,137370
2012-01-10T00:00:00.000,NATURAL GAS - NEW YORK MERCANTILE EXCHANGE,214841,369876,413538,279834,1096284,2012-01-10,-155035,133704
2012-01-17T00:00:00.000,NATURAL GAS - NEW YORK MERCANTILE EXCHANGE,218296,373069,424081,294597,1134701,2012-01-17,-154773,129484
2012-01-24T00:00:00.000,NATURAL GAS - NEW YORK MERCANTILE EXCHANGE,246851,388047,428434,310222,1152540,2012-01-24,-141196,118212
2012-01-31T00:00:00.000,NATURAL GAS - NEW YORK MERCANTILE EXCHANGE,267414,394317,447334,342918,1203330,2012-01-31,-126903,104416
2012-02-07T00:00:00.000,NATURAL GAS - NEW YORK MERCANTILE EXCHANGE,265207,392053,476244,374648,1256019,2012-02-07,-126846,101596
2012-02-14T00:00:00.000,NATURAL GAS - NEW YORK MERCANTILE EXCHANGE,260620,386777,481293,378462,1262254,2012-02-14,-126157,102831
2012-02-21T00:00:00.000,NATURAL GAS - NEW YORK MERCANTILE EXCHANGE,259208,384137,482942,382141,1252913,2012-02-21,-124929,100801
2012-02-28T00:00:00.000,NATURAL GAS - NEW YORK MERCANTILE EXCHANGE,245919,377375,484555,377433,1204381,2012-02-28,-131456,107122
2012-03-06T00:00:00.000,NATURAL GAS - NEW YORK MERCANTILE EXCHANGE,259947,385829,474903,374045,1216428,2012-03-06,-125882,100858
2012-03-13T00:00:00.000,NATURAL GAS - NEW YORK MERCANTILE EXCHANGE,257906,395875,465602,354063,1231889,2012-03-13,-137969,111539
2012-03-20T00:00:00.000,NATURAL GAS - NEW YORK MERCANTILE EXCHANGE,264283,397583,469797,361101,1238679,2012-03-20,-133300,108696
2012-03-27T00:00:00.000,NATURAL GAS - NEW YORK MERCANTILE EXCHANGE,259037,407778,474894,347106,1231442,2012-03-27,-148741,127788
2012-04-03T00:00:00.000,NATURAL GAS - NEW YORK MERCANTILE EXCHANGE,269827,393909,459219,354305,1234227,2012-04-03,-124082,104914
2012-04-10T00:00:00.000,NATURAL GAS - NEW YORK MERCANTILE EXCHANGE,275665,398225,450099,346313,1252198,2012-04-10,-122560,103786
2012-04-17T00:00:00.000,NATURAL GAS - NEW YORK MERCANTILE EXCHANGE,286546,405587,469966,373494,1308103,2012-04-17,-119041,96472
2012-04-24T00:00:00.000,NATURAL GAS - NEW YORK MERCANTILE EXCHANGE,275528,388836,470058,375085,1284741,2012-04-24,-113308,94973
2012-05-01T00:00:00.000,NATURAL GAS - NEW YORK MERCANTILE EXCHANGE,258169,379970,477218,374140,1257703,2012-05-01,-121801,103078
2012-05-08T00:00:00.000,NATURAL GAS - NEW YORK MERCANTILE EXCHANGE,255704,369474,461398,367383,1226562,2012-05-08,-113770,94015
2012-05-15T00:00:00.000,NATURAL GAS - NEW YORK MERCANTILE EXCHANGE,255100,364524,451715,368015,1222589,2012-05-15,-109424,83700
2012-05-22T00:00:00.000,NATURAL GAS - NEW YORK MERCANTILE EXCHANGE,240769,356450,446406,357093,1210292,2012-05-22,-115681,89313
2012-05-29T00:00:00.000,NATURAL GAS - NEW YORK MERCANTILE EXCHANGE,235471,335706,427593,350648,1207028,2012-05-29,-100235,76945
2012-06-05T00:00:00.000,NATURAL GAS - NEW YORK MERCANTILE EXCHANGE,246358,341760,420454,343166,1206991,2012-06-05,-95402,77288
2012-06-12T00:00:00.000,NATURAL GAS - NEW YORK MERCANTILE EXCHANGE,253212,355610,426407,336737,1176268,2012-06-12,-102398,89670
2012-06-19T00:00:00.000,NATURAL GAS - NEW YORK MERCANTILE EXCHANGE,243207,356902,458600,365216,1185328,2012-06-19,-113695,93384
2012-06-26T00:00:00.000,NATURAL GAS - NEW YORK MERCANTILE EXCHANGE,229354,339431,458401,369916,1145017,2012-06-26,-110077,88485
2012-07-03T00:00:00.000,NATURAL GAS - NEW YORK MERCANTILE EXCHANGE,236916,327800,432862,365854,1115630,2012-07-03,-90884,67008
2012-07-10T00:00:00.000,NATURAL GAS - NEW YORK MERCANTILE EXCHANGE,233093,314881,421349,367705,1116158,2012-07-10,-81788,53644
2012-07-17T00:00:00.000,NATURAL GAS - NEW YORK MERCANTILE EXCHANGE,234178,310222,417344,369036,1117917,2012-07-17,-76044,48308
2012-07-24T00:00:00.000,NATURAL GAS - NEW YORK MERCANTILE EXCHANGE,242714,315089,390047,348028,1123235,2012-07-24,-72375,42019
2012-07-31T00:00:00.000,NATURAL GAS - NEW YORK MERCANTILE EXCHANGE,238827,314239,379629,339018,1126758,2012-07-31,-75412,40611
2012-08-07T00:00:00.000,NATURAL GAS - NEW YORK MERCANTILE EXCHANGE,236197,309297,374518,337137,1112252,2012-08-07,-73100,37381
2012-08-14T00:00:00.000,NATURAL GAS - NEW YORK MERCANTILE EXCHANGE,232567,299042,394424,364439,1076707,2012-08-14,-66475,29985
2012-08-21T00:00:00.000,NATURAL GAS - NEW YORK MERCANTILE EXCHANGE,238134,304511,393253,357942,1086018,2012-08-21,-66377,35311
2012-08-28T00:00:00.000,NATURAL GAS - NEW YORK MERCANTILE EXCHANGE,253789,332640,395724,348222,1080414,2012-08-28,-78851,47502
2012-09-04T00:00:00.000,NATURAL GAS - NEW YORK MERCANTILE EXCHANGE,246921,337313,398664,334429,1101920,2012-09-04,-90392,64235
2012-09-11T00:00:00.000,NATURAL GAS - NEW YORK MERCANTILE EXCHANGE,246255,349969,418552,345844,1133496,2012-09-11,-103714,72708
2012-09-18T00:00:00.000,NATURAL GAS - NEW YORK MERCANTILE EXCHANGE,239264,328957,397629,342382,1122990,2012-09-18,-89693,55247
2012-09-25T00:00:00.000,NATURAL GAS - NEW YORK MERCANTILE EXCHANGE,232956,326499,390149,330029,1067076,2012-09-25,-93543,60120
2012-10-02T00:00:00.000,NATURAL GAS - NEW YORK MERCANTILE EXCHANGE,251022,304927,395929,379208,1147792,2012-10-02,-53905,16721
2012-10-09T00:00:00.000,NATURAL GAS - NEW YORK MERCANTILE EXCHANGE,263022,317521,408058,398658,1187378,2012-10-09,-54499,9400
2012-10-16T00:00:00.000,NATURAL GAS - NEW YORK MERCANTILE EXCHANGE,273211,334323,429435,413685,1188592,2012-10-16,-61112,15750
2012-10-23T00:00:00.000,NATURAL GAS - NEW YORK MERCANTILE EXCHANGE,284506,343712,430116,416280,1204690,2012-10-23,-59206,13836
2012-10-30T00:00:00.000,NATURAL GAS - NEW YORK MERCANTILE EXCHANGE,277599,326603,422414,414566,1183848,2012-10-30,-49004,7848
2012-11-06T00:00:00.000,NATURAL GAS - NEW YORK MERCANTILE EXCHANGE,258009,316049,409486,389772,1175941,2012-11-06,-58040,19714
2012-11-13T00:00:00.000,NATURAL GAS - NEW YORK MERCANTILE EXCHANGE,231320,309087,403467,363038,1150704,2012-11-13,-77767,40429
2012-11-20T00:00:00.000,NATURAL GAS - NEW YORK MERCANTILE EXCHANGE,243599,325276,396889,352885,1156533,2012-11-20,-81677,44004
2012-11-27T00:00:00.000,NATURAL GAS - NEW YORK MERCANTILE EXCHANGE,257037,348453,395075,341635,1164799,2012-11-27,-91416,53440
2012-12-04T00:00:00.000,NATURAL GAS - NEW YORK MERCANTILE EXCHANGE,239717,356326,401957,315942,1152312,2012-12-04,-116609,86015
2012-12-11T00:00:00.000,NATURAL GAS - NEW YORK MERCANTILE EXCHANGE,239042,365199,413719,318533,1137704,2012-12-11,-126157,95186
2012-12-18T00:00:00.000,NATURAL GAS - NEW YORK MERCANTILE EXCHANGE,249661,386085,446376,333968,1167143,2012-12-18,-136424,112408
2012-12-24T00:00:00.000,NATURAL GAS - NEW YORK MERCANTILE EXCHANGE,251427,404911,454621,323030,1164624,2012-12-24,-153484,131591
2012-12-31T00:00:00.000,NATURAL GAS - NEW YORK MERCANTILE EXCHANGE,240199,400648,457116,318930,1164815,2012-12-31,-160449,138186
2013-01-08T00:00:00.000,NATURAL GAS - NEW YORK MERCANTILE EXCHANGE,250723,403704,461718,325221,1175043,2013-01-08,-152981,136497
2013-01-15T00:00:00.000,NATURAL GAS - NEW YORK MERCANTILE EXCHANGE,243956,396253,454056,313971,1174780,2013-01-15,-152297,140085
2013-01-22T00:00:00.000,NATURAL GAS - NEW YORK MERCANTILE EXCHANGE,242985,392431,444231,310550,1174981,2013-01-22,-149446,133681
2013-01-29T00:00:00.000,NATURAL GAS - NEW YORK MERCANTILE EXCHANGE,251798,397723,431544,305364,1146846,2013-01-29,-145925,126180
2013-02-05T00:00:00.000,NATURAL GAS - NEW YORK MERCANTILE EXCHANGE,248555,393310,449445,323137,1201259,2013-02-05,-144755,126308
2013-02-12T00:00:00.000,NATURAL GAS - NEW YORK MERCANTILE EXCHANGE,259288,397943,449247,324807,1193809,2013-02-12,-138655,124440
2013-02-19T00:00:00.000,NATURAL GAS - NEW YORK MERCANTILE EXCHANGE,258376,404478,447663,317194,1199688,2013-02-19,-146102,130469
2013-02-26T00:00:00.000,NATURAL GAS - NEW YORK MERCANTILE EXCHANGE,246306,382779,455478,331629,1201674,2013-02-26,-136473,123849
2013-03-05T00:00:00.000,NATURAL GAS - NEW YORK MERCANTILE EXCHANGE,253351,386331,463748,348291,1236980,2013-03-05,-132980,115457
2013-03-12T00:00:00.000,NATURAL GAS - NEW YORK MERCANTILE EXCHANGE,273087,400121,476228,373735,1272844,2013-03-12,-127034,102493
2013-03-19T00:00:00.000,NATURAL GAS - NEW YORK MERCANTILE EXCHANGE,324380,433294,455588,378612,1340116,2013-03-19,-108914,76976
2013-03-26T00:00:00.000,NATURAL GAS - NEW YORK MERCANTILE EXCHANGE,353090,423042,451443,412870,1407669,2013-03-26,-69952,38573
2013-04-02T00:00:00.000,NATURAL GAS - NEW YORK MERCANTILE EXCHANGE,357977,415931,461092,436904,1459808,2013-04-02,-57954,24188
2013-04-09T00:00:00.000,NATURAL GAS - NEW YORK MERCANTILE EXCHANGE,364229,419681,468715,453811,1517970,2013-04-09,-55452,14904
2013-04-16T00:00:00.000,NATURAL GAS - NEW YORK MERCANTILE EXCHANGE,366661,427827,500248,481534,1564250,2013-04-16,-61166,18714
2013-04-23T00:00:00.000,NATURAL GAS - NEW YORK MERCANTILE EXCHANGE,365201,421672,509824,494258,1573733,2013-04-23,-56471,15566
2013-04-30T00:00:00.000,NATURAL GAS - NEW YORK MERCANTILE EXCHANGE,364006,419565,502403,485763,1559802,2013-04-30,-55559,16640
2013-05-07T00:00:00.000,NATURAL GAS - NEW YORK MERCANTILE EXCHANGE,354869,404473,475103,459939,1537414,2013-05-07,-49604,15164
2013-05-14T00:00:00.000,NATURAL GAS - NEW YORK MERCANTILE EXCHANGE,336788,392798,469043,446197,1507390,2013-05-14,-56010,22846
2013-05-21T00:00:00.000,NATURAL GAS - NEW YORK MERCANTILE EXCHANGE,318291,389542,476787,440681,1490834,2013-05-21,-71251,36106
2013-05-28T00:00:00.000,NATURAL GAS - NEW YORK MERCANTILE EXCHANGE,342746,407921,469243,437098,1498148,2013-05-28,-65175,32145
2013-06-04T00:00:00.000,NATURAL GAS - NEW YORK MERCANTILE EXCHANGE,341448,405144,466988,438494,1460034,2013-06-04,-63696,28494
2013-06-11T00:00:00.000,NATURAL GAS - NEW YORK MERCANTILE EXCHANGE,324571,398319,485075,438241,1433839,2013-06-11,-73748,46834
2013-06-18T00:00:00.000,NATURAL GAS - NEW YORK MERCANTILE EXCHANGE,310081,396506,503747,440696,1442807,2013-06-18,-86425,63051
2013-06-25T00:00:00.000,NATURAL GAS - NEW YORK MERCANTILE EXCHANGE,313408,397595,494503,428999,1408440,2013-06-25,-84187,65504
2013-07-02T00:00:00.000,NATURAL GAS - NEW YORK MERCANTILE EXCHANGE,312228,413389,496515,416360,1388993,2013-07-02,-101161,80155
2013-07-09T00:00:00.000,NATURAL GAS - NEW YORK MERCANTILE EXCHANGE,322578,424990,492512,408650,1380105,2013-07-09,-102412,83862
2013-07-16T00:00:00.000,NATURAL GAS - NEW YORK MERCANTILE EXCHANGE,313813,421421,508789,421318,1406912,2013-07-16,-107608,87471
2013-07-23T00:00:00.000,NATURAL GAS - NEW YORK MERCANTILE EXCHANGE,301896,406214,512891,430308,1399786,2013-07-23,-104318,82583
2013-07-30T00:00:00.000,NATURAL GAS - NEW YORK MERCANTILE EXCHANGE,313815,426094,512460,420029,1368913,2013-07-30,-112279,92431
2013-08-06T00:00:00.000,NATURAL GAS - NEW YORK MERCANTILE EXCHANGE,311454,436962,511498,404772,1368006,2013-08-06,-125508,106726
2013-08-13T00:00:00.000,NATURAL GAS - NEW YORK MERCANTILE EXCHANGE,312910,442896,505316,392031,1370250,2013-08-13,-129986,113285
2013-08-20T00:00:00.000,NATURAL GAS - NEW YORK MERCANTILE EXCHANGE,296145,431017,498017,381535,1363235,2013-08-20,-134872,116482
2013-08-27T00:00:00.000,NATURAL GAS - NEW YORK MERCANTILE EXCHANGE,285830,422213,495863,378021,1328438,2013-08-27,-136383,117842
2013-09-03T00:00:00.000,NATURAL GAS - NEW YORK MERCANTILE EXCHANGE,291017,433513,501074,383114,1328801,2013-09-03,-142496,117960
2013-09-10T00:00:00.000,NATURAL GAS - NEW YORK MERCANTILE EXCHANGE,293602,442856,489321,366485,1306595,2013-09-10,-149254,122836
2013-09-17T00:00:00.000,NATURAL GAS - NEW YORK MERCANTILE EXCHANGE,294309,443888,474495,358024,1325431,2013-09-17,-149579,116471
2013-09-24T00:00:00.000,NATURAL GAS - NEW YORK MERCANTILE EXCHANGE,298784,432257,469251,360319,1284673,2013-09-24,-133473,108932
2013-10-01T00:00:00.000,NATURAL GAS - NEW YORK MERCANTILE EXCHANGE,297068,439295,484691,363684,1275792,2013-10-01,-142227,121007
2013-10-08T00:00:00.000,NATURAL GAS - NEW YORK MERCANTILE EXCHANGE,288346,433488,472059,346853,1246549,2013-10-08,-145142,125206
2013-10-15T00:00:00.000,NATURAL GAS - NEW YORK MERCANTILE EXCHANGE,276438,403635,486650,385418,1266770,2013-10-15,-127197,101232
2013-10-22T00:00:00.000,NATURAL GAS - NEW YORK MERCANTILE EXCHANGE,281692,404066,482910,384536,1261740,2013-10-22,-122374,98374
2013-10-29T00:00:00.000,NATURAL GAS - NEW YORK MERCANTILE EXCHANGE,290557,415646,482697,377880,1261896,2013-10-29,-125089,104817
2013-11-05T00:00:00.000,NATURAL GAS - NEW YORK MERCANTILE EXCHANGE,303300,459147,465790,327831,1278043,2013-11-05,-155847,137959
2013-11-12T00:00:00.000,NATURAL GAS - NEW YORK MERCANTILE EXCHANGE,293480,462541,476979,324199,1279355,2013-11-12,-169061,152780
2013-11-19T00:00:00.000,NATURAL GAS - NEW YORK MERCANTILE EXCHANGE,287484,455775,468705,317828,1279061,2013-11-19,-168291,150877
2013-11-26T00:00:00.000,NATURAL GAS - NEW YORK MERCANTILE EXCHANGE,277713,439908,452326,313053,1240883,2013-11-26,-162195,139273
2013-12-03T00:00:00.000,NATURAL GAS - NEW YORK MERCANTILE EXCHANGE,286532,435967,457499,340612,1267787,2013-12-03,-149435,116887
2013-12-10T00:00:00.000,NATURAL GAS - NEW YORK MERCANTILE EXCHANGE,304219,450403,470349,369447,1308411,2013-12-10,-146184,100902
2013-12-17T00:00:00.000,NATURAL GAS - NEW YORK MERCANTILE EXCHANGE,335306,466670,463754,380782,1321483,2013-12-17,-131364,82972
2013-12-24T00:00:00.000,NATURAL GAS - NEW YORK MERCANTILE EXCHANGE,330899,443212,431145,365577,1294536,2013-12-24,-112313,65568
2013-12-31T00:00:00.000,NATURAL GAS - NEW YORK MERCANTILE EXCHANGE,342028,447080,418597,359846,1291380,2013-12-31,-105052,58751
2014-01-07T00:00:00.000,NATURAL GAS - NEW YORK MERCANTILE EXCHANGE,332041,439899,426579,366509,1308426,2014-01-07,-107858,60070
2014-01-14T00:00:00.000,NATURAL GAS - NEW YORK MERCANTILE EXCHANGE,305713,368858,386369,370238,1275849,2014-01-14,-63145,16131
2014-01-21T00:00:00.000,NATURAL GAS - NEW YORK MERCANTILE EXCHANGE,322984,371697,379827,376801,1287601,2014-01-21,-48713,3026
2014-01-28T00:00:00.000,NATURAL GAS - NEW YORK MERCANTILE EXCHANGE,327146,369148,372337,373788,1257253,2014-01-28,-42002,-1451
2014-02-04T00:00:00.000,NATURAL GAS - NEW YORK MERCANTILE EXCHANGE,323237,373877,365697,360896,1258638,2014-02-04,-50640,4801
2014-02-11T00:00:00.000,NATURAL GAS - NEW YORK MERCANTILE EXCHANGE,335806,383322,357900,360233,1280849,2014-02-11,-47516,-2333
2014-02-18T00:00:00.000,NATURAL GAS - NEW YORK MERCANTILE EXCHANGE,325519,369003,376807,376215,1255232,2014-02-18,-43484,592
2014-02-25T00:00:00.000,NATURAL GAS - NEW YORK MERCANTILE EXCHANGE,333041,377288,363915,371723,1208023,2014-02-25,-44247,-7808
2014-03-04T00:00:00.000,NATURAL GAS - NEW YORK MERCANTILE EXCHANGE,325694,386529,364535,357876,1190626,2014-03-04,-60835,6659
2014-03-11T00:00:00.000,NATURAL GAS - NEW YORK MERCANTILE EXCHANGE,321056,376287,349996,347036,1172007,2014-03-11,-55231,2960
2014-03-18T00:00:00.000,NATURAL GAS - NEW YORK MERCANTILE EXCHANGE,312165,365654,349202,344410,1155891,2014-03-18,-53489,4792
2014-03-25T00:00:00.000,NATURAL GAS - NEW YORK MERCANTILE EXCHANGE,303535,363318,348029,339392,1138127,2014-03-25,-59783,8637
2014-04-01T00:00:00.000,NATURAL GAS - NEW YORK MERCANTILE EXCHANGE,316713,368626,346754,341197,1113438,2014-04-01,-51913,5557
2014-04-08T00:00:00.000,NATURAL GAS - NEW YORK MERCANTILE EXCHANGE,320881,378521,344154,335204,1113228,2014-04-08,-57640,8950
2014-04-15T00:00:00.000,NATURAL GAS - NEW YORK MERCANTILE EXCHANGE,328024,387037,327569,317179,1111608,2014-04-15,-59013,10390
2014-04-22T00:00:00.000,NATURAL GAS - NEW YORK MERCANTILE EXCHANGE,327031,391626,312719,297801,1091694,2014-04-22,-64595,14918
2014-04-29T00:00:00.000,NATURAL GAS - NEW YORK MERCANTILE EXCHANGE,325571,397060,310511,288499,1084659,2014-04-29,-71489,22012
2014-05-06T00:00:00.000,NATURAL GAS - NEW YORK MERCANTILE EXCHANGE,324957,399368,302498,278877,1074913,2014-05-06,-74411,23621
2014-05-13T00:00:00.000,NATURAL GAS - NEW YORK MERCANTILE EXCHANGE,317955,387673,301505,275289,1023801,2014-05-13,-69718,26216
2014-05-20T00:00:00.000,NATURAL GAS - NEW YORK MERCANTILE EXCHANGE,301207,381813,295012,254748,997231,2014-05-20,-80606,40264
2014-05-27T00:00:00.000,NATURAL GAS - NEW YORK MERCANTILE EXCHANGE,291178,374521,289891,248950,980333,2014-05-27,-83343,40941
2014-06-03T00:00:00.000,NATURAL GAS - NEW YORK MERCANTILE EXCHANGE,297303,384154,294307,251168,986495,2014-06-03,-86851,43139
2014-06-10T00:00:00.000,NATURAL GAS - NEW YORK MERCANTILE EXCHANGE,313808,406124,314012,264745,1020527,2014-06-10,-92316,49267
2014-06-17T00:00:00.000,NATURAL GAS - NEW YORK MERCANTILE EXCHANGE,322863,423330,329939,277809,1059370,2014-06-17,-100467,52130
2014-06-24T00:00:00.000,NATURAL GAS - NEW YORK MERCANTILE EXCHANGE,309434,428056,337177,263307,1045923,2014-06-24,-118622,73870
2014-07-01T00:00:00.000,NATURAL GAS - NEW YORK MERCANTILE EXCHANGE,294139,420278,344336,258066,1031681,2014-07-01,-126139,86270
2014-07-08T00:00:00.000,NATURAL GAS - NEW YORK MERCANTILE EXCHANGE,294610,428955,342660,245129,1040013,2014-07-08,-134345,97531
2014-07-15T00:00:00.000,NATURAL GAS - NEW YORK MERCANTILE EXCHANGE,287824,424882,335336,234291,1028965,2014-07-15,-137058,101045
2014-07-22T00:00:00.000,NATURAL GAS - NEW YORK MERCANTILE EXCHANGE,283383,423116,338777,238009,1010714,2014-07-22,-139733,100768
2014-07-29T00:00:00.000,NATURAL GAS - NEW YORK MERCANTILE EXCHANGE,276301,428305,329679,216630,982801,2014-07-29,-152004,113049
2014-08-05T00:00:00.000,NATURAL GAS - NEW YORK MERCANTILE EXCHANGE,275204,437485,318066,195652,969135,2014-08-05,-162281,122414
2014-08-12T00:00:00.000,NATURAL GAS - NEW YORK MERCANTILE EXCHANGE,267599,432080,317402,192593,956296,2014-08-12,-164481,124809
2014-08-19T00:00:00.000,NATURAL GAS - NEW YORK MERCANTILE EXCHANGE,265576,435276,335508,204099,960195,2014-08-19,-169700,131409
2014-08-26T00:00:00.000,NATURAL GAS - NEW YORK MERCANTILE EXCHANGE,268992,435280,344950,216361,952728,2014-08-26,-166288,128589
2014-09-02T00:00:00.000,NATURAL GAS - NEW YORK MERCANTILE EXCHANGE,279639,449591,354312,221711,976994,2014-09-02,-169952,132601
2014-09-09T00:00:00.000,NATURAL GAS - NEW YORK MERCANTILE EXCHANGE,274354,460972,355991,213242,989817,2014-09-09,-186618,142749
2014-09-16T00:00:00.000,NATURAL GAS - NEW YORK MERCANTILE EXCHANGE,271462,457243,372644,227468,999207,2014-09-16,-185781,145176
2014-09-23T00:00:00.000,NATURAL GAS - NEW YORK MERCANTILE EXCHANGE,261450,438297,327039,188942,944154,2014-09-23,-176847,138097
2014-09-30T00:00:00.000,NATURAL GAS - NEW YORK MERCANTILE EXCHANGE,270135,444818,319184,190797,937715,2014-09-30,-174683,128387
2014-10-07T00:00:00.000,NATURAL GAS - NEW YORK MERCANTILE EXCHANGE,255161,444801,332139,177087,921759,2014-10-07,-189640,155052
2014-10-14T00:00:00.000,NATURAL GAS - NEW YORK MERCANTILE EXCHANGE,254132,444242,328404,171368,922102,2014-10-14,-190110,157036
2014-10-21T00:00:00.000,NATURAL GAS - NEW YORK MERCANTILE EXCHANGE,244864,447344,343881,168274,912072,2014-10-21,-202480,175607
2014-10-28T00:00:00.000,NATURAL GAS - NEW YORK MERCANTILE EXCHANGE,249745,454145,335611,159741,891641,2014-10-28,-204400,175870
2014-11-04T00:00:00.000,NATURAL GAS - NEW YORK MERCANTILE EXCHANGE,248829,452596,350171,181720,915135,2014-11-04,-203767,168451
2014-11-11T00:00:00.000,NATURAL GAS - NEW YORK MERCANTILE EXCHANGE,271305,476321,358669,197830,967434,2014-11-11,-205016,160839
2014-11-18T00:00:00.000,NATURAL GAS - NEW YORK MERCANTILE EXCHANGE,268968,475791,374240,210748,966597,2014-11-18,-206823,163492
2014-11-25T00:00:00.000,NATURAL GAS - NEW YORK MERCANTILE EXCHANGE,283887,468191,357562,215400,955365,2014-11-25,-184304,142162
2014-12-02T00:00:00.000,NATURAL GAS - NEW YORK MERCANTILE EXCHANGE,256607,457741,387392,224996,969944,2014-12-02,-201134,162396
2014-12-09T00:00:00.000,NATURAL GAS - NEW YORK MERCANTILE EXCHANGE,243101,459960,387456,199904,948980,2014-12-09,-216859,187552
2014-12-16T00:00:00.000,NATURAL GAS - NEW YORK MERCANTILE EXCHANGE,233763,444565,365565,184189,920021,2014-12-16,-210802,181376
2014-12-23T00:00:00.000,NATURAL GAS - NEW YORK MERCANTILE EXCHANGE,227408,443849,362542,172796,924013,2014-12-23,-216441,189746
2014-12-30T00:00:00.000,NATURAL GAS - NEW YORK MERCANTILE EXCHANGE,226839,451046,373065,177276,933734,2014-12-30,-224207,195789
2015-01-06T00:00:00.000,NATURAL GAS - NEW YORK MERCANTILE EXCHANGE,229376,445516,368101,179920,956917,2015-01-06,-216140,188181
2015-01-13T00:00:00.000,NATURAL GAS - NEW YORK MERCANTILE EXCHANGE,231928,452209,376397,180762,984362,2015-01-13,-220281,195635
2015-01-20T00:00:00.000,NATURAL GAS - NEW YORK MERCANTILE EXCHANGE,235474,444975,388733,206499,1019571,2015-01-20,-209501,182234
2015-01-27T00:00:00.000,NATURAL GAS - NEW YORK MERCANTILE EXCHANGE,221815,450669,392736,194858,1000469,2015-01-27,-228854,197878
2015-02-03T00:00:00.000,NATURAL GAS - NEW YORK MERCANTILE EXCHANGE,234625,475702,411294,197837,1014989,2015-02-03,-241077,213457
2015-02-10T00:00:00.000,NATURAL GAS - NEW YORK MERCANTILE EXCHANGE,240715,480466,400490,189598,1013349,2015-02-10,-239751,210892
2015-02-17T00:00:00.000,NATURAL GAS - NEW YORK MERCANTILE EXCHANGE,241330,471809,388034,178573,1002010,2015-02-17,-230479,209461
2015-02-24T00:00:00.000,NATURAL GAS - NEW YORK MERCANTILE EXCHANGE,245170,475899,379175,177512,984419,2015-02-24,-230729,201663
2015-03-03T00:00:00.000,NATURAL GAS - NEW YORK MERCANTILE EXCHANGE,241751,476037,386286,175182,983213,2015-03-03,-234286,211104
2015-03-10T00:00:00.000,NATURAL GAS - NEW YORK MERCANTILE EXCHANGE,245046,466369,373749,173296,973142,2015-03-10,-221323,200453
2015-03-17T00:00:00.000,NATURAL GAS - NEW YORK MERCANTILE EXCHANGE,247583,459836,376946,189920,987946,2015-03-17,-212253,187026
2015-03-24T00:00:00.000,NATURAL GAS - NEW YORK MERCANTILE EXCHANGE,230330,449615,376948,181883,956871,2015-03-24,-219285,195065
2015-03-31T00:00:00.000,NATURAL GAS - NEW YORK MERCANTILE EXCHANGE,242842,465459,397000,195509,998123,2015-03-31,-222617,201491
2015-04-07T00:00:00.000,NATURAL GAS - NEW YORK MERCANTILE EXCHANGE,240329,466247,399307,193283,997602,2015-04-07,-225918,206024
2015-04-14T00:00:00.000,NATURAL GAS - NEW YORK MERCANTILE EXCHANGE,251898,483629,395368,182873,1029544,2015-04-14,-231731,212495
2015-04-21T00:00:00.000,NATURAL GAS - NEW YORK MERCANTILE EXCHANGE,247705,483289,392847,180587,1018282,2015-04-21,-235584,212260
2015-04-28T00:00:00.000,NATURAL GAS - NEW YORK MERCANTILE EXCHANGE,250166,504051,409583,178863,1027660,2015-04-28,-253885,230720
2015-05-05T00:00:00.000,NATURAL GAS - NEW YORK MERCANTILE EXCHANGE,243328,487315,408943,195790,1013527,2015-05-05,-243987,213153
2015-05-12T00:00:00.000,NATURAL GAS - NEW YORK MERCANTILE EXCHANGE,250527,490129,401696,199870,1018067,2015-05-12,-239602,201826
2015-05-19T00:00:00.000,NATURAL GAS - NEW YORK MERCANTILE EXCHANGE,262088,483066,392695,209907,1028741,2015-05-19,-220978,182788
2015-05-26T00:00:00.000,NATURAL GAS - NEW YORK MERCANTILE EXCHANGE,259901,462162,363783,195851,983234,2015-05-26,-202261,167932
2015-06-02T00:00:00.000,NATURAL GAS - NEW YORK MERCANTILE EXCHANGE,282007,519459,393435,184183,1019431,2015-06-02,-237452,209252
2015-06-09T00:00:00.000,NATURAL GAS - NEW YORK MERCANTILE EXCHANGE,274072,536133,407059,176136,1030892,2015-06-09,-262061,230923
2015-06-16T00:00:00.000,NATURAL GAS - NEW YORK MERCANTILE EXCHANGE,267088,505385,402074,197063,1051377,2015-06-16,-238297,205011
2015-06-23T00:00:00.000,NATURAL GAS - NEW YORK MERCANTILE EXCHANGE,274266,500827,401785,210092,1048052,2015-06-23,-226561,191693
2015-06-30T00:00:00.000,NATURAL GAS - NEW YORK MERCANTILE EXCHANGE,259926,490690,413046,216087,1036572,2015-06-30,-230764,196959
2015-07-07T00:00:00.000,NATURAL GAS - NEW YORK MERCANTILE EXCHANGE,272757,496300,407790,214831,1034726,2015-07-07,-223543,192959
2015-07-14T00:00:00.000,NATURAL GAS - NEW YORK MERCANTILE EXCHANGE,248822,483000,391425,194321,1000887,2015-07-14,-234178,197104
2015-07-21T00:00:00.000,NATURAL GAS - NEW YORK MERCANTILE EXCHANGE,245140,468569,384296,200874,1000364,2015-07-21,-223429,183422
2015-07-28T00:00:00.000,NATURAL GAS - NEW YORK MERCANTILE EXCHANGE,243797,452239,372905,198066,962054,2015-07-28,-208442,174839
2015-08-04T00:00:00.000,NATURAL GAS - NEW YORK MERCANTILE EXCHANGE,249503,462090,385749,203277,973594,2015-08-04,-212587,182472
2015-08-11T00:00:00.000,NATURAL GAS - NEW YORK MERCANTILE EXCHANGE,242678,457062,373660,190367,970067,2015-08-11,-214384,183293
2015-08-18T00:00:00.000,NATURAL GAS - NEW YORK MERCANTILE EXCHANGE,255360,481630,386888,191618,977912,2015-08-18,-226270,195270
2015-08-25T00:00:00.000,NATURAL GAS - NEW YORK MERCANTILE EXCHANGE,253242,473314,390878,198421,942081,2015-08-25,-220072,192457
2015-09-01T00:00:00.000,NATURAL GAS - NEW YORK MERCANTILE EXCHANGE,239013,465394,396246,195149,922375,2015-09-01,-226381,201097
2015-09-08T00:00:00.000,NATURAL GAS - NEW YORK MERCANTILE EXCHANGE,237208,459630,391710,199015,927167,2015-09-08,-222422,192695
2015-09-15T00:00:00.000,NATURAL GAS - NEW YORK MERCANTILE EXCHANGE,228796,441095,372253,189460,904256,2015-09-15,-212299,182793
2015-09-22T00:00:00.000,NATURAL GAS - NEW YORK MERCANTILE EXCHANGE,246133,467257,367417,171260,905773,2015-09-22,-221124,196157
2015-09-29T00:00:00.000,NATURAL GAS - NEW YORK MERCANTILE EXCHANGE,254270,475338,377656,178732,906840,2015-09-29,-221068,198924
2015-10-06T00:00:00.000,NATURAL GAS - NEW YORK MERCANTILE EXCHANGE,265394,487233,386072,185757,943756,2015-10-06,-221839,200315
2015-10-13T00:00:00.000,NATURAL GAS - NEW YORK MERCANTILE EXCHANGE,258713,478564,393386,194037,967718,2015-10-13,-219851,199349
2015-10-20T00:00:00.000,NATURAL GAS - NEW YORK MERCANTILE EXCHANGE,265324,481655,385608,192392,989765,2015-10-20,-216331,193216
2015-10-27T00:00:00.000,NATURAL GAS - NEW YORK MERCANTILE EXCHANGE,260265,476781,390683,200480,990658,2015-10-27,-216516,190203
2015-11-03T00:00:00.000,NATURAL GAS - NEW YORK MERCANTILE EXCHANGE,273090,490742,412795,218730,1046280,2015-11-03,-217652,194065
2015-11-10T00:00:00.000,NATURAL GAS - NEW YORK MERCANTILE EXCHANGE,256345,468231,384827,197787,998745,2015-11-10,-211886,187040
2015-11-17T00:00:00.000,NATURAL GAS - NEW YORK MERCANTILE EXCHANGE,250242,467988,396986,203790,1004080,2015-11-17,-217746,193196
2015-11-24T00:00:00.000,NATURAL GAS - NEW YORK MERCANTILE EXCHANGE,241037,453780,387492,201391,990097,2015-11-24,-212743,186101
2015-12-01T00:00:00.000,NATURAL GAS - NEW YORK MERCANTILE EXCHANGE,238720,454053,394017,206638,1005820,2015-12-01,-215333,187379
2015-12-08T00:00:00.000,NATURAL GAS - NEW YORK MERCANTILE EXCHANGE,231744,444349,426947,238458,1001636,2015-12-08,-212605,188489
2015-12-15T00:00:00.000,NATURAL GAS - NEW YORK MERCANTILE EXCHANGE,237456,442695,449667,268685,1034263,2015-12-15,-205239,180982
2015-12-22T00:00:00.000,NATURAL GAS - NEW YORK MERCANTILE EXCHANGE,233833,439039,443786,262970,997935,2015-12-22,-205206,180816
2015-12-29T00:00:00.000,NATURAL GAS - NEW YORK MERCANTILE EXCHANGE,221578,429450,439046,254084,982886,2015-12-29,-207872,184962
2016-01-05T00:00:00.000,NATURAL GAS - NEW YORK MERCANTILE EXCHANGE,206509,400859,405438,232463,935925,2016-01-05,-194350,172975
2016-01-12T00:00:00.000,NATURAL GAS - NEW YORK MERCANTILE EXCHANGE,205853,387963,364069,203059,901080,2016-01-12,-182110,161010
2016-01-19T00:00:00.000,NATURAL GAS - NEW YORK MERCANTILE EXCHANGE,207710,387124,365236,210334,911328,2016-01-19,-179414,154902
2016-01-26T00:00:00.000,NATURAL GAS - NEW YORK MERCANTILE EXCHANGE,209534,386601,360865,207650,895870,2016-01-26,-177067,153215
2016-02-02T00:00:00.000,NATURAL GAS - NEW YORK MERCANTILE EXCHANGE,213561,411458,384237,212319,947373,2016-02-02,-197897,171918
2016-02-09T00:00:00.000,NATURAL GAS - NEW YORK MERCANTILE EXCHANGE,218211,407670,384431,221116,955454,2016-02-09,-189459,163315
2016-02-16T00:00:00.000,NATURAL GAS - NEW YORK MERCANTILE EXCHANGE,242124,420222,388251,236095,1011059,2016-02-16,-178098,152156
2016-02-23T00:00:00.000,NATURAL GAS - NEW YORK MERCANTILE EXCHANGE,249826,438434,395564,229616,1034296,2016-02-23,-188608,165948
2016-03-01T00:00:00.000,NATURAL GAS - NEW YORK MERCANTILE EXCHANGE,258860,450443,395797,229070,1042618,2016-03-01,-191583,166727
2016-03-08T00:00:00.000,NATURAL GAS - NEW YORK MERCANTILE EXCHANGE,261978,469325,410441,231796,1072608,2016-03-08,-207347,178645
2016-03-15T00:00:00.000,NATURAL GAS - NEW YORK MERCANTILE EXCHANGE,264989,468371,439615,259609,1109271,2016-03-15,-203382,180006
2016-03-22T00:00:00.000,NATURAL GAS - NEW YORK MERCANTILE EXCHANGE,255088,434965,408606,251167,1070818,2016-03-22,-179877,157439
2016-03-29T00:00:00.000,NATURAL GAS - NEW YORK MERCANTILE EXCHANGE,247889,415582,414170,268370,1073459,2016-03-29,-167693,145800
2016-04-05T00:00:00.000,NATURAL GAS - NEW YORK MERCANTILE EXCHANGE,252928,391253,408313,290996,1094070,2016-04-05,-138325,117317
2016-04-12T00:00:00.000,NATURAL GAS - NEW YORK MERCANTILE EXCHANGE,261744,404112,425040,310770,1131760,2016-04-12,-142368,114270
2016-04-19T00:00:00.000,NATURAL GAS - NEW YORK MERCANTILE EXCHANGE,282677,416008,411484,310436,1157059,2016-04-19,-133331,101048
2016-04-26T00:00:00.000,NATURAL GAS - NEW YORK MERCANTILE EXCHANGE,260490,376942,406460,323390,1098995,2016-04-26,-116452,83070
2016-05-03T00:00:00.000,NATURAL GAS - NEW YORK MERCANTILE EXCHANGE,259393,400883,415136,309563,1106944,2016-05-03,-141490,105573
2016-05-10T00:00:00.000,NATURAL GAS - NEW YORK MERCANTILE EXCHANGE,270162,404749,373027,274275,1073563,2016-05-10,-134587,98752
2016-05-17T00:00:00.000,NATURAL GAS - NEW YORK MERCANTILE EXCHANGE,288035,420490,385917,288186,1088763,2016-05-17,-132455,97731
2016-05-24T00:00:00.000,NATURAL GAS - NEW YORK MERCANTILE EXCHANGE,276097,432788,407436,281213,1076282,2016-05-24,-156691,126223
2016-05-31T00:00:00.000,NATURAL GAS - NEW YORK MERCANTILE EXCHANGE,276654,439031,406769,269877,1075414,2016-05-31,-162377,136892
2016-06-07T00:00:00.000,NATURAL GAS - NEW YORK MERCANTILE EXCHANGE,252347,405570,388110,263171,1051119,2016-06-07,-153223,124939
2016-06-14T00:00:00.000,NATURAL GAS - NEW YORK MERCANTILE EXCHANGE,265034,415686,407763,296629,1073841,2016-06-14,-150652,111134
2016-06-21T00:00:00.000,NATURAL GAS - NEW YORK MERCANTILE EXCHANGE,272504,413062,397327,295314,1075469,2016-06-21,-140558,102013
2016-06-28T00:00:00.000,NATURAL GAS - NEW YORK MERCANTILE EXCHANGE,261331,399138,442605,343278,1063784,2016-06-28,-137807,99327
2016-07-05T00:00:00.000,NATURAL GAS - NEW YORK MERCANTILE EXCHANGE,254638,389930,439939,344707,1057182,2016-07-05,-135292,95232
2016-07-12T00:00:00.000,NATURAL GAS - NEW YORK MERCANTILE EXCHANGE,252657,391525,387338,292317,1022505,2016-07-12,-138868,95021
2016-07-19T00:00:00.000,NATURAL GAS - NEW YORK MERCANTILE EXCHANGE,252767,389302,372040,276183,1007203,2016-07-19,-136535,95857
2016-07-26T00:00:00.000,NATURAL GAS - NEW YORK MERCANTILE EXCHANGE,253593,379641,338198,251918,960843,2016-07-26,-126048,86280
2016-08-02T00:00:00.000,NATURAL GAS - NEW YORK MERCANTILE EXCHANGE,261115,363977,364827,298297,1008978,2016-08-02,-102862,66530
2016-08-09T00:00:00.000,NATURAL GAS - NEW YORK MERCANTILE EXCHANGE,258497,373083,391576,314840,1055048,2016-08-09,-114586,76736
2016-08-16T00:00:00.000,NATURAL GAS - NEW YORK MERCANTILE EXCHANGE,251881,386710,431917,331302,1097985,2016-08-16,-134829,100615
2016-08-23T00:00:00.000,NATURAL GAS - NEW YORK MERCANTILE EXCHANGE,261300,380030,394133,312842,1069552,2016-08-23,-118730,81291
2016-08-30T00:00:00.000,NATURAL GAS - NEW YORK MERCANTILE EXCHANGE,284422,380357,368213,310779,1037375,2016-08-30,-95935,57434
2016-09-06T00:00:00.000,NATURAL GAS - NEW YORK MERCANTILE EXCHANGE,279173,355698,369593,326026,1052129,2016-09-06,-76525,43567
2016-09-13T00:00:00.000,NATURAL GAS - NEW YORK MERCANTILE EXCHANGE,296410,373545,340212,299787,1033073,2016-09-13,-77135,40425
2016-09-20T00:00:00.000,NATURAL GAS - NEW YORK MERCANTILE EXCHANGE,313136,388533,350757,317530,1083994,2016-09-20,-75397,33227
2016-09-27T00:00:00.000,NATURAL GAS - NEW YORK MERCANTILE EXCHANGE,319528,367173,341913,342902,1067097,2016-09-27,-47645,-989
2016-10-04T00:00:00.000,NATURAL GAS - NEW YORK MERCANTILE EXCHANGE,315705,383002,360384,336402,1103354,2016-10-04,-67297,23982
2016-10-11T00:00:00.000,NATURAL GAS - NEW YORK MERCANTILE EXCHANGE,341581,396087,341253,329307,1135059,2016-10-11,-54506,11946
2016-10-18T00:00:00.000,NATURAL GAS - NEW YORK MERCANTILE EXCHANGE,350562,381687,357719,376173,1184871,2016-10-18,-31125,-18454
2016-10-25T00:00:00.000,NATURAL GAS - NEW YORK MERCANTILE EXCHANGE,341284,357198,354472,382284,1143189,2016-10-25,-15914,-27812
2016-11-01T00:00:00.000,NATURAL GAS - NEW YORK MERCANTILE EXCHANGE,300886,367344,398856,371476,1153045,2016-11-01,-66458,27380
2016-11-08T00:00:00.000,NATURAL GAS - NEW YORK MERCANTILE EXCHANGE,298551,372119,430552,389856,1172127,2016-11-08,-73568,40696
2016-11-15T00:00:00.000,NATURAL GAS - NEW YORK MERCANTILE EXCHANGE,305123,395985,458997,395600,1193024,2016-11-15,-90862,63397
2016-11-22T00:00:00.000,NATURAL GAS - NEW YORK MERCANTILE EXCHANGE,294845,384513,440123,371815,1157763,2016-11-22,-89668,68308
2016-11-29T00:00:00.000,NATURAL GAS - NEW YORK MERCANTILE EXCHANGE,287723,365399,432202,379874,1153565,2016-11-29,-77676,52328
2016-12-06T00:00:00.000,NATURAL GAS - NEW YORK MERCANTILE EXCHANGE,291549,359094,444531,414970,1200726,2016-12-06,-67545,29561
2016-12-13T00:00:00.000,NATURAL GAS - NEW YORK MERCANTILE EXCHANGE,328643,343103,448819,478536,1240708,2016-12-13,-14460,-29717
2016-12-20T00:00:00.000,NATURAL GAS - NEW YORK MERCANTILE EXCHANGE,317261,317141,436658,476899,1208078,2016-12-20,120,-40241
2016-12-27T00:00:00.000,NATURAL GAS - NEW YORK MERCANTILE EXCHANGE,323255,323488,433325,478271,1221230,2016-12-27,-233,-44946
2017-01-03T00:00:00.000,NATURAL GAS - NEW YORK MERCANTILE EXCHANGE,330308,330949,432968,473859,1231340,2017-01-03,-641,-40891
2017-01-10T00:00:00.000,NATURAL GAS - NEW YORK MERCANTILE EXCHANGE,298665,332392,458252,466259,1217323,2017-01-10,-33727,-8007
2017-01-17T00:00:00.000,NATURAL GAS - NEW YORK MERCANTILE EXCHANGE,301829,309790,434443,464716,1192444,2017-01-17,-7961,-30273
2017-01-24T00:00:00.000,NATURAL GAS - NEW YORK MERCANTILE EXCHANGE,296993,319730,431485,448289,1153693,2017-01-24,-22737,-16804
2017-01-31T00:00:00.000,NATURAL GAS - NEW YORK MERCANTILE EXCHANGE,308414,334523,437668,454369,1174390,2017-01-31,-26109,-16701
2017-02-07T00:00:00.000,NATURAL GAS - NEW YORK MERCANTILE EXCHANGE,309178,350428,428582,427760,1195477,2017-02-07,-41250,822
2017-02-14T00:00:00.000,NATURAL GAS - NEW YORK MERCANTILE EXCHANGE,327446,360014,468906,474519,1271386,2017-02-14,-32568,-5613
2017-02-21T00:00:00.000,NATURAL GAS - NEW YORK MERCANTILE EXCHANGE,311977,357832,473797,462246,1277817,2017-02-21,-45855,11551
2017-02-28T00:00:00.000,NATURAL GAS - NEW YORK MERCANTILE EXCHANGE,325710,380560,495912,473272,1332711,2017-02-28,-54850,22640
2017-03-07T00:00:00.000,NATURAL GAS - NEW YORK MERCANTILE EXCHANGE,338088,393241,476093,448533,1366662,2017-03-07,-55153,27560
2017-03-14T00:00:00.000,NATURAL GAS - NEW YORK MERCANTILE EXCHANGE,337596,374093,474289,461172,1356002,2017-03-14,-36497,13117
2017-03-21T00:00:00.000,NATURAL GAS - NEW YORK MERCANTILE EXCHANGE,342192,359267,467571,474834,1356374,2017-03-21,-17075,-7263
2017-03-28T00:00:00.000,NATURAL GAS - NEW YORK MERCANTILE EXCHANGE,335767,358614,497296,500252,1364396,2017-03-28,-22847,-2956
2017-04-04T00:00:00.000,NATURAL GAS - NEW YORK MERCANTILE EXCHANGE,352349,370709,496433,511762,1419938,2017-04-04,-18360,-15329
2017-04-11T00:00:00.000,NATURAL GAS - NEW YORK MERCANTILE EXCHANGE,351391,354893,458982,488415,1411174,2017-04-11,-3502,-29433
2017-04-18T00:00:00.000,NATURAL GAS - NEW YORK MERCANTILE EXCHANGE,343961,340971,462161,498587,1417783,2017-04-18,2990,-36426
2017-04-25T00:00:00.000,NATURAL GAS - NEW YORK MERCANTILE EXCHANGE,334001,337071,479913,506520,1448445,2017-04-25,-3070,-26607
2017-05-02T00:00:00.000,NATURAL GAS - NEW YORK MERCANTILE EXCHANGE,353511,332589,496369,549463,1519525,2017-05-02,20922,-53094
2017-05-09T00:00:00.000,NATURAL GAS - NEW YORK MERCANTILE EXCHANGE,354359,334884,507206,560471,1529022,2017-05-09,19475,-53265
2017-05-16T00:00:00.000,NATURAL GAS - NEW YORK MERCANTILE EXCHANGE,393074,336456,494699,588194,1562364,2017-05-16,56618,-93495
2017-05-23T00:00:00.000,NATURAL GAS - NEW YORK MERCANTILE EXCHANGE,383569,330899,532205,621281,1532991,2017-05-23,52670,-89076
2017-05-30T00:00:00.000,NATURAL GAS - NEW YORK MERCANTILE EXCHANGE,361536,330895,545066,610721,1516242,2017-05-30,30641,-65655
2017-06-06T00:00:00.000,NATURAL GAS - NEW YORK MERCANTILE EXCHANGE,370028,372844,549233,573118,1512631,2017-06-06,-2816,-23885
2017-06-13T00:00:00.000,NATURAL GAS - NEW YORK MERCANTILE EXCHANGE,373440,377774,529584,555659,1465130,2017-06-13,-4334,-26075
2017-06-20T00:00:00.000,NATURAL GAS - NEW YORK MERCANTILE EXCHANGE,356511,373248,488559,500732,1385255,2017-06-20,-16737,-12173
2017-06-27T00:00:00.000,NATURAL GAS - NEW YORK MERCANTILE EXCHANGE,348033,378338,465547,463715,1336463,2017-06-27,-30305,1832
2017-07-03T00:00:00.000,NATURAL GAS - NEW YORK MERCANTILE EXCHANGE,349227,369267,454717,462443,1347273,2017-07-03,-20040,-7726
2017-07-11T00:00:00.000,NATURAL GAS - NEW YORK MERCANTILE EXCHANGE,349247,383125,453512,447701,1347125,2017-07-11,-33878,5811
2017-07-18T00:00:00.000,NATURAL GAS - NEW YORK MERCANTILE EXCHANGE,341838,377017,448710,441623,1345797,2017-07-18,-35179,7087
2017-07-25T00:00:00.000,NATURAL GAS - NEW YORK MERCANTILE EXCHANGE,335995,378583,445503,431012,1315857,2017-07-25,-42588,14491
2017-08-01T00:00:00.000,NATURAL GAS - NEW YORK MERCANTILE EXCHANGE,359814,418019,454423,420388,1343772,2017-08-01,-58205,34035
2017-08-08T00:00:00.000,NATURAL GAS - NEW YORK MERCANTILE EXCHANGE,356078,429012,456965,410552,1339219,2017-08-08,-72934,46413
2017-08-15T00:00:00.000,NATURAL GAS - NEW YORK MERCANTILE EXCHANGE,359968,393269,443486,428910,1329033,2017-08-15,-33301,14576
2017-08-22T00:00:00.000,NATURAL GAS - NEW YORK MERCANTILE EXCHANGE,356246,398484,428607,410395,1316077,2017-08-22,-42238,18212
2017-08-29T00:00:00.000,NATURAL GAS - NEW YORK MERCANTILE EXCHANGE,358538,401868,427016,405506,1293151,2017-08-29,-43330,21510
2017-09-05T00:00:00.000,NATURAL GAS - NEW YORK MERCANTILE EXCHANGE,355001,401800,419383,399042,1303527,2017-09-05,-46799,20341
2017-09-12T00:00:00.000,NATURAL GAS - NEW YORK MERCANTILE EXCHANGE,361234,413437,416919,390140,1318206,2017-09-12,-52203,26779
2017-09-19T00:00:00.000,NATURAL GAS - NEW YORK MERCANTILE EXCHANGE,372753,396641,411081,415936,1321626,2017-09-19,-23888,-4855
2017-09-26T00:00:00.000,NATURAL GAS - NEW YORK MERCANTILE EXCHANGE,371167,429733,445043,413725,1318849,2017-09-26,-58566,31318
2017-10-03T00:00:00.000,NATURAL GAS - NEW YORK MERCANTILE EXCHANGE,380845,455020,489961,442899,1394563,2017-10-03,-74175,47062
2017-10-10T00:00:00.000,NATURAL GAS - NEW YORK MERCANTILE EXCHANGE,395728,475326,461907,409316,1375988,2017-10-10,-79598,52591
2017-10-17T00:00:00.000,NATURAL GAS - NEW YORK MERCANTILE EXCHANGE,388798,444778,455888,421554,1371570,2017-10-17,-55980,34334
2017-10-24T00:00:00.000,NATURAL GAS - NEW YORK MERCANTILE EXCHANGE,376468,446504,459540,411444,1351808,2017-10-24,-70036,48096
2017-10-31T00:00:00.000,NATURAL GAS - NEW YORK MERCANTILE EXCHANGE,378674,480761,496173,415484,1382864,2017-10-31,-102087,80689
2017-11-07T00:00:00.000,NATURAL GAS - NEW YORK MERCANTILE EXCHANGE,360174,445570,470193,402081,1343089,2017-11-07,-85396,68112
2017-11-14T00:00:00.000,NATURAL GAS - NEW YORK MERCANTILE EXCHANGE,353681,417103,462397,420555,1341767,2017-11-14,-63422,41842
2017-11-21T00:00:00.000,NATURAL GAS - NEW YORK MERCANTILE EXCHANGE,368747,445870,490863,437823,1369054,2017-11-21,-77123,53040
2017-11-28T00:00:00.000,NATURAL GAS - NEW YORK MERCANTILE EXCHANGE,387761,486163,509463,433350,1423262,2017-11-28,-98402,76113
2017-12-05T00:00:00.000,NATURAL GAS - NEW YORK MERCANTILE EXCHANGE,394708,516678,555126,460395,1516674,2017-12-05,-121970,94731
2017-12-12T00:00:00.000,NATURAL GAS - NEW YORK MERCANTILE EXCHANGE,392806,557334,592333,456222,1546760,2017-12-12,-164528,136111
2017-12-19T00:00:00.000,NATURAL GAS - NEW YORK MERCANTILE EXCHANGE,396643,566219,598832,460208,1503724,2017-12-19,-169576,138624
2017-12-26T00:00:00.000,NATURAL GAS - NEW YORK MERCANTILE EXCHANGE,388635,558670,598991,458395,1489393,2017-12-26,-170035,140596
2018-01-02T00:00:00.000,NATURAL GAS - NEW YORK MERCANTILE EXCHANGE,369822,511022,544922,429309,1422917,2018-01-02,-141200,115613
2018-01-09T00:00:00.000,NATURAL GAS - NEW YORK MERCANTILE EXCHANGE,363148,499859,536489,425080,1429598,2018-01-09,-136711,111409
2018-01-16T00:00:00.000,NATURAL GAS - NEW YORK MERCANTILE EXCHANGE,388009,456985,491576,444966,1435846,2018-01-16,-68976,46610
2018-01-23T00:00:00.000,NATURAL GAS - NEW YORK MERCANTILE EXCHANGE,398199,431696,478313,463559,1435566,2018-01-23,-33497,14754
2018-01-30T00:00:00.000,NATURAL GAS - NEW YORK MERCANTILE EXCHANGE,382685,400874,473258,483653,1414949,2018-01-30,-18189,-10395
2018-02-06T00:00:00.000,NATURAL GAS - NEW YORK MERCANTILE EXCHANGE,360921,414452,502181,481552,1405245,2018-02-06,-53531,20629
2018-02-13T00:00:00.000,NATURAL GAS - NEW YORK MERCANTILE EXCHANGE,346477,447907,539408,469613,1371331,2018-02-13,-101430,69795
2018-02-20T00:00:00.000,NATURAL GAS - NEW YORK MERCANTILE EXCHANGE,337448,459381,536426,451063,1361465,2018-02-20,-121933,85363
2018-02-27T00:00:00.000,NATURAL GAS - NEW YORK MERCANTILE EXCHANGE,317763,448656,536022,440200,1338746,2018-02-27,-130893,95822
2018-03-06T00:00:00.000,NATURAL GAS - NEW YORK MERCANTILE EXCHANGE,320551,438138,535185,454872,1365913,2018-03-06,-117587,80313
2018-03-13T00:00:00.000,NATURAL GAS - NEW YORK MERCANTILE EXCHANGE,331619,436735,540213,470502,1401240,2018-03-13,-105116,69711
2018-03-20T00:00:00.000,NATURAL GAS - NEW YORK MERCANTILE EXCHANGE,343349,442766,535622,469791,1406835,2018-03-20,-99417,65831
2018-03-27T00:00:00.000,NATURAL GAS - NEW YORK MERCANTILE EXCHANGE,336098,430259,547427,483913,1424981,2018-03-27,-94161,63514
2018-04-03T00:00:00.000,NATURAL GAS - NEW YORK MERCANTILE EXCHANGE,328895,426400,569790,498616,1456501,2018-04-03,-97505,71174
2018-04-10T00:00:00.000,NATURAL GAS - NEW YORK MERCANTILE EXCHANGE,342194,440467,574708,504872,1484484,2018-04-10,-98273,69836
2018-04-17T00:00:00.000,NATURAL GAS - NEW YORK MERCANTILE EXCHANGE,350286,439583,560346,501420,1478529,2018-04-17,-89297,58926
2018-04-24T00:00:00.000,NATURAL GAS - NEW YORK MERCANTILE EXCHANGE,337768,433995,538969,471455,1426052,2018-04-24,-96227,67514
2018-05-01T00:00:00.000,NATURAL GAS - NEW YORK MERCANTILE EXCHANGE,330726,425575,554560,485753,1421698,2018-05-01,-94849,68807
2018-05-08T00:00:00.000,NATURAL GAS - NEW YORK MERCANTILE EXCHANGE,327199,451222,578427,486081,1454623,2018-05-08,-124023,92346
2018-05-15T00:00:00.000,NATURAL GAS - NEW YORK MERCANTILE EXCHANGE,334448,427876,571092,510049,1492387,2018-05-15,-93428,61043
2018-05-22T00:00:00.000,NATURAL GAS - NEW YORK MERCANTILE EXCHANGE,358591,421416,547423,518454,1493996,2018-05-22,-62825,28969
2018-05-29T00:00:00.000,NATURAL GAS - NEW YORK MERCANTILE EXCHANGE,350149,412335,563550,536011,1526706,2018-05-29,-62186,27539
2018-06-05T00:00:00.000,NATURAL GAS - NEW YORK MERCANTILE EXCHANGE,350521,409958,592981,569113,1571064,2018-06-05,-59437,23868
2018-06-12T00:00:00.000,NATURAL GAS - NEW YORK MERCANTILE EXCHANGE,341387,402512,550028,529088,1495048,2018-06-12,-61125,20940
2018-06-19T00:00:00.000,NATURAL GAS - NEW YORK MERCANTILE EXCHANGE,336570,385826,574220,560889,1518457,2018-06-19,-49256,13331
2018-06-26T00:00:00.000,NATURAL GAS - NEW YORK MERCANTILE EXCHANGE,319859,386808,551446,523799,1457927,2018-06-26,-66949,27647
2018-07-03T00:00:00.000,NATURAL GAS - NEW YORK MERCANTILE EXCHANGE,304093,393888,565160,512061,1488381,2018-07-03,-89795,53099
2018-07-10T00:00:00.000,NATURAL GAS - NEW YORK MERCANTILE EXCHANGE,310815,410490,560887,492901,1492319,2018-07-10,-99675,67986
2018-07-17T00:00:00.000,HENRY HUB - NEW YORK MERCANTILE EXCHANGE,582438,36506,495730,1052267,1137227,2018-07-17,545932,-556537
2018-07-24T00:00:00.000,HENRY HUB - NEW YORK MERCANTILE EXCHANGE,600247,51293,507262,1067924,1161260,2018-07-24,548954,-560662
2018-07-31T00:00:00.000,HENRY HUB - NEW YORK MERCANTILE EXCHANGE,553153,46342,502469,1018343,1106868,2018-07-31,506811,-515874
2018-08-07T00:00:00.000,HENRY HUB - NEW YORK MERCANTILE EXCHANGE,555710,44264,505928,1025683,1112786,2018-08-07,511446,-519755
2018-08-14T00:00:00.000,HENRY HUB - NEW YORK MERCANTILE EXCHANGE,533062,7672,504916,1038735,1104691,2018-08-14,525390,-533819
2018-08-21T00:00:00.000,HENRY HUB - NEW YORK MERCANTILE EXCHANGE,546566,3620,507625,1058964,1121195,2018-08-21,542946,-551339
2018-08-28T00:00:00.000,HENRY HUB - NEW YORK MERCANTILE EXCHANGE,554258,10524,510724,1063577,1131935,2018-08-28,543734,-552853
2018-09-04T00:00:00.000,HENRY HUB - NEW YORK MERCANTILE EXCHANGE,551627,28477,504094,1037209,1110429,2018-09-04,523150,-533115
2018-09-11T00:00:00.000,HENRY HUB - NEW YORK MERCANTILE EXCHANGE,584794,56743,505146,1044074,1143567,2018-09-11,528051,-538928
2018-09-18T00:00:00.000,HENRY HUB - NEW YORK MERCANTILE EXCHANGE,587130,56641,506250,1047400,1149538,2018-09-18,530489,-541150
2018-09-25T00:00:00.000,HENRY HUB - NEW YORK MERCANTILE EXCHANGE,574887,44324,511043,1052172,1143879,2018-09-25,530563,-541129
2018-10-02T00:00:00.000,HENRY HUB - NEW YORK MERCANTILE EXCHANGE,530387,45870,503654,1003637,1089914,2018-10-02,484517,-499983
2018-10-09T00:00:00.000,HENRY HUB - NEW YORK MERCANTILE EXCHANGE,506371,13573,503864,1012066,1078951,2018-10-09,492798,-508202
2018-10-16T00:00:00.000,HENRY HUB - NEW YORK MERCANTILE EXCHANGE,510758,13577,505891,1018476,1079794,2018-10-16,497181,-512585
2018-10-23T00:00:00.000,HENRY HUB - NEW YORK MERCANTILE EXCHANGE,516668,13805,509803,1028070,1089544,2018-10-23,502863,-518267
2018-10-30T00:00:00.000,HENRY HUB - NEW YORK MERCANTILE EXCHANGE,485686,15521,502837,987419,1052147,2018-10-30,470165,-484582
2018-11-06T00:00:00.000,HENRY HUB - NEW YORK MERCANTILE EXCHANGE,486810,16285,505127,990249,1057067,2018-11-06,470525,-485122
2018-11-13T00:00:00.000,HENRY HUB - NEW YORK MERCANTILE EXCHANGE,507602,15568,492721,1000659,1059627,2018-11-13,492034,-507938
2018-11-20T00:00:00.000,HENRY HUB - NEW YORK MERCANTILE EXCHANGE,521603,15876,488060,1010419,1070849,2018-11-20,505727,-522359
2018-11-27T00:00:00.000,HENRY HUB - NEW YORK MERCANTILE EXCHANGE,518575,16040,492580,1012023,1076719,2018-11-27,502535,-519443
2018-12-04T00:00:00.000,HENRY HUB - NEW YORK MERCANTILE EXCHANGE,506103,17937,478529,982755,1039190,2018-12-04,488166,-504226
2018-12-11T00:00:00.000,HENRY HUB - NEW YORK MERCANTILE EXCHANGE,511587,18691,479892,989499,1045704,2018-12-11,492896,-509607
2018-12-18T00:00:00.000,HENRY HUB - NEW YORK MERCANTILE EXCHANGE,513746,18911,482729,995184,1051901,2018-12-18,494835,-512455
2018-12-24T00:00:00.000,HENRY HUB - NEW YORK MERCANTILE EXCHANGE,517148,46141,520668,1008110,1094154,2018-12-24,471007,-487442
2018-12-31T00:00:00.000,HENRY HUB - NEW YORK MERCANTILE EXCHANGE,491820,44311,509301,974691,1053368,2018-12-31,447509,-465390
2019-01-08T00:00:00.000,HENRY HUB - NEW YORK MERCANTILE EXCHANGE,490417,41300,518533,981829,1062055,2019-01-08,449117,-463296
2019-01-15T00:00:00.000,HENRY HUB - NEW YORK MERCANTILE EXCHANGE,500732,41300,516209,986003,1064215,2019-01-15,459432,-469794
2019-01-22T00:00:00.000,HENRY HUB - NEW YORK MERCANTILE EXCHANGE,476881,43177,550493,994463,1075216,2019-01-22,433704,-443970
2019-01-29T00:00:00.000,HENRY HUB - NEW YORK MERCANTILE EXCHANGE,486485,43177,554898,1006116,1088927,2019-01-29,443308,-451218
2019-02-05T00:00:00.000,HENRY HUB - NEW YORK MERCANTILE EXCHANGE,467415,39422,531472,972041,1044970,2019-02-05,427993,-440569
2019-02-12T00:00:00.000,HENRY HUB - NEW YORK MERCANTILE EXCHANGE,468496,39422,533019,973369,1046321,2019-02-12,429074,-440350
2019-02-19T00:00:00.000,HENRY HUB - NEW YORK MERCANTILE EXCHANGE,472525,39422,532891,976689,1049908,2019-02-19,433103,-443798
2019-02-26T00:00:00.000,HENRY HUB - NEW YORK MERCANTILE EXCHANGE,481397,40128,535292,982959,1061942,2019-02-26,441269,-447667
2019-03-05T00:00:00.000,HENRY HUB - NEW YORK MERCANTILE EXCHANGE,458478,37454,523237,953181,1031108,2019-03-05,421024,-429944
2019-03-12T00:00:00.000,HENRY HUB - NEW YORK MERCANTILE EXCHANGE,464074,37334,519866,955065,1034438,2019-03-12,426740,-435199
2019-03-19T00:00:00.000,HENRY HUB - NEW YORK MERCANTILE EXCHANGE,467334,37334,525992,959976,1038015,2019-03-19,430000,-433984
2019-03-26T00:00:00.000,HENRY HUB - NEW YORK MERCANTILE EXCHANGE,468556,37334,527036,962273,1040763,2019-03-26,431222,-435237
2019-04-02T00:00:00.000,HENRY HUB - NEW YORK MERCANTILE EXCHANGE,444678,33018,504951,925635,999348,2019-04-02,411660,-420684
2019-04-09T00:00:00.000,HENRY HUB - NEW YORK MERCANTILE EXCHANGE,445661,32774,505429,927552,996625,2019-04-09,412887,-422123
2019-04-16T00:00:00.000,HENRY HUB - NEW YORK MERCANTILE EXCHANGE,446802,34342,507010,928706,998406,2019-04-16,412460,-421696
2019-04-23T00:00:00.000,HENRY HUB - NEW YORK MERCANTILE EXCHANGE,451571,37646,506122,929411,1010928,2019-04-23,413925,-423289
2019-04-30T00:00:00.000,HENRY HUB - NEW YORK MERCANTILE EXCHANGE,428246,46506,496824,888257,978248,2019-04-30,381740,-391433
2019-05-07T00:00:00.000,HENRY HUB - NEW YORK MERCANTILE EXCHANGE,429289,46977,497406,889776,978996,2019-05-07,382312,-392370
2019-05-14T00:00:00.000,HENRY HUB - NEW YORK MERCANTILE EXCHANGE,428588,46496,496933,889449,973831,2019-05-14,382092,-392516
2019-05-21T00:00:00.000,HENRY HUB - NEW YORK MERCANTILE EXCHANGE,425396,39554,493920,891214,969784,2019-05-21,385842,-397294
2019-05-28T00:00:00.000,HENRY HUB - NEW YORK MERCANTILE EXCHANGE,430361,56793,507560,891712,989654,2019-05-28,373568,-384152
2019-06-04T00:00:00.000,HENRY HUB - NEW YORK MERCANTILE EXCHANGE,416494,61339,498562,864539,961984,2019-06-04,355155,-365977
2019-06-11T00:00:00.000,HENRY HUB - NEW YORK MERCANTILE EXCHANGE,427313,74907,502946,866174,972379,2019-06-11,352406,-363228
2019-06-18T00:00:00.000,HENRY HUB - NEW YORK MERCANTILE EXCHANGE,432659,90135,516763,867913,988307,2019-06-18,342524,-351150
2019-06-25T00:00:00.000,HENRY HUB - NEW YORK MERCANTILE EXCHANGE,431057,93255,527983,869352,993196,2019-06-25,337802,-341369
2019-07-02T00:00:00.000,HENRY HUB - NEW YORK MERCANTILE EXCHANGE,404344,89459,505947,829441,949236,2019-07-02,314885,-323494
2019-07-09T00:00:00.000,HENRY HUB - NEW YORK MERCANTILE EXCHANGE,402379,86999,504710,828699,945901,2019-07-09,315380,-323989
2019-07-16T00:00:00.000,HENRY HUB - NEW YORK MERCANTILE EXCHANGE,394091,76471,503776,830005,936819,2019-07-16,317620,-326229
2019-07-23T00:00:00.000,HENRY HUB - NEW YORK MERCANTILE EXCHANGE,402598,88138,509951,833194,952078,2019-07-23,314460,-323243
2019-07-30T00:00:00.000,HENRY HUB - NEW YORK MERCANTILE EXCHANGE,375216,88526,496669,791290,909125,2019-07-30,286690,-294621
2019-08-06T00:00:00.000,HENRY HUB - NEW YORK MERCANTILE EXCHANGE,378810,88568,496843,794973,912996,2019-08-06,290242,-298130
2019-08-13T00:00:00.000,HENRY HUB - NEW YORK MERCANTILE EXCHANGE,378254,88944,497894,794379,913465,2019-08-13,289310,-296485
2019-08-20T00:00:00.000,HENRY HUB - NEW YORK MERCANTILE EXCHANGE,379216,88712,500466,797672,917079,2019-08-20,290504,-297206
2019-08-27T00:00:00.000,HENRY HUB - NEW YORK MERCANTILE EXCHANGE,379652,90832,507360,798608,919624,2019-08-27,288820,-291248
2019-09-03T00:00:00.000,HENRY HUB - NEW YORK MERCANTILE EXCHANGE,350116,86429,490683,761334,877565,2019-09-03,263687,-270651
2019-09-10T00:00:00.000,HENRY HUB - NEW YORK MERCANTILE EXCHANGE,345291,75157,491284,767794,873912,2019-09-10,270134,-276510
2019-09-17T00:00:00.000,HENRY HUB - NEW YORK MERCANTILE EXCHANGE,349836,71909,498200,781959,885490,2019-09-17,277927,-283759
2019-09-24T00:00:00.000,HENRY HUB - NEW YORK MERCANTILE EXCHANGE,349096,71229,506434,789651,892662,2019-09-24,277867,-283217
2019-10-01T00:00:00.000,HENRY HUB - NEW YORK MERCANTILE EXCHANGE,321819,65742,487751,752072,846779,2019-10-01,256077,-264321
2019-10-08T00:00:00.000,HENRY HUB - NEW YORK MERCANTILE EXCHANGE,323366,66134,488698,754174,849088,2019-10-08,257232,-265476
2019-10-15T00:00:00.000,HENRY HUB - NEW YORK MERCANTILE EXCHANGE,321357,61974,487979,755241,845742,2019-10-15,259383,-267262
2019-10-22T00:00:00.000,HENRY HUB - NEW YORK MERCANTILE EXCHANGE,318843,61734,489239,754227,844956,2019-10-22,257109,-264988
2019-10-29T00:00:00.000,HENRY HUB - NEW YORK MERCANTILE EXCHANGE,318367,57398,489105,758229,847287,2019-10-29,260969,-269124
2019-11-05T00:00:00.000,HENRY HUB - NEW YORK MERCANTILE EXCHANGE,279580,37556,473702,724023,792867,2019-11-05,242024,-250321
2019-11-12T00:00:00.000,HENRY HUB - NEW YORK MERCANTILE EXCHANGE,276331,35580,481336,731531,798740,2019-11-12,240751,-250195
2019-11-19T00:00:00.000,HENRY HUB - NEW YORK MERCANTILE EXCHANGE,282645,29500,481243,744562,804179,2019-11-19,253145,-263319
2019-11-26T00:00:00.000,HENRY HUB - NEW YORK MERCANTILE EXCHANGE,283585,29500,480298,744710,804789,2019-11-26,254085,-264412
2019-12-03T00:00:00.000,HENRY HUB - NEW YORK MERCANTILE EXCHANGE,246574,24637,479056,713479,771785,2019-12-03,221937,-234423
2019-12-10T00:00:00.000,HENRY HUB - NEW YORK MERCANTILE EXCHANGE,201317,3831,530135,739886,783330,2019-12-10,197486,-209751
2019-12-17T00:00:00.000,HENRY HUB - NEW YORK MERCANTILE EXCHANGE,187324,4738,561747,756032,800102,2019-12-17,182586,-194285
2019-12-24T00:00:00.000,HENRY HUB - NEW YORK MERCANTILE EXCHANGE,196589,5591,562159,765294,810868,2019-12-24,190998,-203135
2019-12-31T00:00:00.000,HENRY HUB - NEW YORK MERCANTILE EXCHANGE,179328,6787,548936,733461,776889,2019-12-31,172541,-184525
2020-01-07T00:00:00.000,HENRY HUB - NEW YORK MERCANTILE EXCHANGE,181524,6572,538269,724991,768480,2020-01-07,174952,-186722
2020-01-14T00:00:00.000,HENRY HUB - NEW YORK MERCANTILE EXCHANGE,182985,6572,539375,728138,772269,2020-01-14,176413,-188763
2020-01-21T00:00:00.000,HENRY HUB - NEW YORK MERCANTILE EXCHANGE,183725,6712,542959,731594,777338,2020-01-21,177013,-188635
2020-01-28T00:00:00.000,HENRY HUB - NEW YORK MERCANTILE EXCHANGE,177369,7576,558473,740025,786086,2020-01-28,169793,-181552
2020-02-04T00:00:00.000,HENRY HUB - NEW YORK MERCANTILE EXCHANGE,147787,9751,558415,707796,758405,2020-02-04,138036,-149381
2020-02-11T00:00:00.000,HENRY HUB - NEW YORK MERCANTILE EXCHANGE,145468,10364,560646,707523,757970,2020-02-11,135104,-146877
2020-02-18T00:00:00.000,HENRY HUB - NEW YORK MERCANTILE EXCHANGE,143244,9760,569814,715123,765022,2020-02-18,133484,-145309
2020-02-25T00:00:00.000,HENRY HUB - NEW YORK MERCANTILE EXCHANGE,135270,9760,579999,713151,765692,2020-02-25,125510,-133152
2020-03-03T00:00:00.000,HENRY HUB - NEW YORK MERCANTILE EXCHANGE,115290,11727,566453,678577,733879,2020-03-03,103563,-112124
2020-03-10T00:00:00.000,HENRY HUB - NEW YORK MERCANTILE EXCHANGE,116102,11907,571215,684273,738562,2020-03-10,104195,-113058
2020-03-17T00:00:00.000,HENRY HUB - NEW YORK MERCANTILE EXCHANGE,117644,12053,577016,692338,743005,2020-03-17,105591,-115322
2020-03-24T00:00:00.000,HENRY HUB - NEW YORK MERCANTILE EXCHANGE,116391,12213,581879,696917,746730,2020-03-24,104178,-115038
2020-03-31T00:00:00.000,HENRY HUB - NEW YORK MERCANTILE EXCHANGE,100253,10269,575383,675058,724455,2020-03-31,89984,-99675
2020-04-07T00:00:00.000,HENRY HUB - NEW YORK MERCANTILE EXCHANGE,100134,13227,583411,680797,732175,2020-04-07,86907,-97386
2020-04-14T00:00:00.000,HENRY HUB - NEW YORK MERCANTILE EXCHANGE,101549,12998,589788,688963,739824,2020-04-14,88551,-99175
2020-04-21T00:00:00.000,HENRY HUB - NEW YORK MERCANTILE EXCHANGE,102744,12364,591209,692287,742125,2020-04-21,90380,-101078
2020-04-28T00:00:00.000,HENRY HUB - NEW YORK MERCANTILE EXCHANGE,109067,12341,593153,701380,750694,2020-04-28,96726,-108227
2020-05-05T00:00:00.000,HENRY HUB - NEW YORK MERCANTILE EXCHANGE,100744,11807,577070,676341,724227,2020-05-05,88937,-99271
2020-05-12T00:00:00.000,HENRY HUB - NEW YORK MERCANTILE EXCHANGE,107405,13763,575152,681792,729495,2020-05-12,93642,-106640
2020-05-19T00:00:00.000,HENRY HUB - NEW YORK MERCANTILE EXCHANGE,111126,14125,575590,684400,731831,2020-05-19,97001,-108810
2020-05-26T00:00:00.000,HENRY HUB - NEW YORK MERCANTILE EXCHANGE,111130,12489,576436,687498,732123,2020-05-26,98641,-111062
2020-06-02T00:00:00.000,HENRY HUB - NEW YORK MERCANTILE EXCHANGE,110723,13653,591154,701590,753191,2020-06-02,97070,-110436
2020-06-09T00:00:00.000,HENRY HUB - NEW YORK MERCANTILE EXCHANGE,112004,13653,591489,704666,756645,2020-06-09,98351,-113177
2020-06-16T00:00:00.000,HENRY HUB - NEW YORK MERCANTILE EXCHANGE,112560,13653,591549,705450,757461,2020-06-16,98907,-113901
2020-06-23T00:00:00.000,HENRY HUB - NEW YORK MERCANTILE EXCHANGE,117240,13653,594065,708165,759694,2020-06-23,103587,-114100
2020-06-30T00:00:00.000,HENRY HUB - NEW YORK MERCANTILE EXCHANGE,106367,14570,581893,687893,739893,2020-06-30,91797,-106000
2020-07-07T00:00:00.000,HENRY HUB - NEW YORK MERCANTILE EXCHANGE,106851,15026,582382,688042,740549,2020-07-07,91825,-105660
2020-07-14T00:00:00.000,HENRY HUB - NEW YORK MERCANTILE EXCHANGE,107547,15026,582387,688743,741440,2020-07-14,92521,-106356
2020-07-21T00:00:00.000,HENRY HUB - NEW YORK MERCANTILE EXCHANGE,107229,15026,582554,688592,741379,2020-07-21,92203,-106038
2020-07-28T00:00:00.000,HENRY HUB - NEW YORK MERCANTILE EXCHANGE,107657,15026,583074,690152,742633,2020-07-28,92631,-107078
2020-08-04T00:00:00.000,HENRY HUB - NEW YORK MERCANTILE EXCHANGE,99141,14996,575150,671153,722450,2020-08-04,84145,-96003
2020-08-11T00:00:00.000,HENRY HUB - NEW YORK MERCANTILE EXCHANGE,109888,14748,567139,672569,719998,2020-08-11,95140,-105430
2020-08-18T00:00:00.000,HENRY HUB - NEW YORK MERCANTILE EXCHANGE,124057,14748,569824,689302,736432,2020-08-18,109309,-119478
2020-08-25T00:00:00.000,HENRY HUB - NEW YORK MERCANTILE EXCHANGE,128356,14383,569780,693982,741210,2020-08-25,113973,-124202
2020-09-01T00:00:00.000,HENRY HUB - NEW YORK MERCANTILE EXCHANGE,121676,14082,554883,671597,719563,2020-09-01,107594,-116714
2020-09-08T00:00:00.000,HENRY HUB - NEW YORK MERCANTILE EXCHANGE,122125,13938,554756,672745,719884,2020-09-08,108187,-117989
2020-09-15T00:00:00.000,HENRY HUB - NEW YORK MERCANTILE EXCHANGE,124546,13938,561473,682248,727705,2020-09-15,110608,-120775
2020-09-22T00:00:00.000,HENRY HUB - NEW YORK MERCANTILE EXCHANGE,126211,13938,564861,686778,732238,2020-09-22,112273,-121917
2020-09-29T00:00:00.000,HENRY HUB - NEW YORK MERCANTILE EXCHANGE,113770,13862,551950,661373,706816,2020-09-29,99908,-109423
2020-10-06T00:00:00.000,HENRY HUB - NEW YORK MERCANTILE EXCHANGE,110741,15020,559736,665141,712223,2020-10-06,95721,-105405
2020-10-13T00:00:00.000,HENRY HUB - NEW YORK MERCANTILE EXCHANGE,112217,14852,558644,665573,712607,2020-10-13,97365,-106929
2020-10-20T00:00:00.000,HENRY HUB - NEW YORK MERCANTILE EXCHANGE,111504,14852,559547,665571,713421,2020-10-20,96652,-106024
2020-10-27T00:00:00.000,HENRY HUB - NEW YORK MERCANTILE EXCHANGE,113363,14300,567646,676114,723840,2020-10-27,99063,-108468
2020-11-03T00:00:00.000,HENRY HUB - NEW YORK MERCANTILE EXCHANGE,98370,15075,553953,649283,696054,2020-11-03,83295,-95330
2020-11-10T00:00:00.000,HENRY HUB - NEW YORK MERCANTILE EXCHANGE,99893,15075,553525,650403,696606,2020-11-10,84818,-96878
2020-11-17T00:00:00.000,HENRY HUB - NEW YORK MERCANTILE EXCHANGE,98080,15075,555347,650268,696838,2020-11-17,83005,-94921
2020-11-24T00:00:00.000,HENRY HUB - NEW YORK MERCANTILE EXCHANGE,96933,15385,556928,650606,697468,2020-11-24,81548,-93678
2020-12-01T00:00:00.000,HENRY HUB - NEW YORK MERCANTILE EXCHANGE,82504,15746,543910,625814,672800,2020-12-01,66758,-81904
2020-12-08T00:00:00.000,HENRY HUB - NEW YORK MERCANTILE EXCHANGE,78714,16602,547835,625458,674753,2020-12-08,62112,-77623
2020-12-15T00:00:00.000,HENRY HUB - NEW YORK MERCANTILE EXCHANGE,79702,16822,548525,626916,676273,2020-12-15,62880,-78391
2020-12-21T00:00:00.000,HENRY HUB - NEW YORK MERCANTILE EXCHANGE,79678,16822,547539,625906,674687,2020-12-21,62856,-78367
2020-12-29T00:00:00.000,HENRY HUB - NEW YORK MERCANTILE EXCHANGE,78476,16816,562420,638048,686857,2020-12-29,61660,-75628
2021-01-05T00:00:00.000,HENRY HUB - NEW YORK MERCANTILE EXCHANGE,72251,16261,543069,613992,660729,2021-01-05,55990,-70923
2021-01-12T00:00:00.000,HENRY HUB - NEW YORK MERCANTILE EXCHANGE,77179,16261,544093,618194,664408,2021-01-12,60918,-74101
2021-01-19T00:00:00.000,HENRY HUB - NEW YORK MERCANTILE EXCHANGE,76979,16626,544093,617829,663357,2021-01-19,60353,-73736
2021-01-26T00:00:00.000,HENRY HUB - NEW YORK MERCANTILE EXCHANGE,76463,16626,545831,619051,664579,2021-01-26,59837,-73220
2021-02-02T00:00:00.000,HENRY HUB - NEW YORK MERCANTILE EXCHANGE,81541,16274,522661,601141,639411,2021-02-02,65267,-78480
2021-02-09T00:00:00.000,HENRY HUB - NEW YORK MERCANTILE EXCHANGE,90295,17074,525242,612041,649026,2021-02-09,73221,-86799
2021-02-16T00:00:00.000,HENRY HUB - NEW YORK MERCANTILE EXCHANGE,90719,17074,525242,612561,646121,2021-02-16,73645,-87319
2021-02-23T00:00:00.000,HENRY HUB - NEW YORK MERCANTILE EXCHANGE,91380,17170,525242,613130,646630,2021-02-23,74210,-87888
2021-03-02T00:00:00.000,HENRY HUB - NEW YORK MERCANTILE EXCHANGE,92079,15559,501356,588991,622757,2021-03-02,76520,-87635
2021-03-09T00:00:00.000,HENRY HUB - NEW YORK MERCANTILE EXCHANGE,93591,15559,503339,593391,627215,2021-03-09,78032,-90052
2021-03-16T00:00:00.000,HENRY HUB - NEW YORK MERCANTILE EXCHANGE,94685,15826,504611,596396,630930,2021-03-16,78859,-91785
2021-03-23T00:00:00.000,HENRY HUB - NEW YORK MERCANTILE EXCHANGE,94257,15826,505495,596852,632352,2021-03-23,78431,-91357
2021-03-30T00:00:00.000,HENRY HUB - NEW YORK MERCANTILE EXCHANGE,89940,14708,487718,574871,608638,2021-03-30,75232,-87153
2021-04-06T00:00:00.000,HENRY HUB - NEW YORK MERCANTILE EXCHANGE,91929,14888,486685,575827,609657,2021-04-06,77041,-89142
2021-04-13T00:00:00.000,HENRY HUB - NEW YORK MERCANTILE EXCHANGE,95016,14523,486882,579445,613310,2021-04-13,80493,-92563
2021-04-20T00:00:00.000,HENRY HUB - NEW YORK MERCANTILE EXCHANGE,100774,13786,486562,585963,619792,2021-04-20,86988,-99401
2021-04-27T00:00:00.000,HENRY HUB - NEW YORK MERCANTILE EXCHANGE,103067,13755,486352,588077,621829,2021-04-27,89312,-101725
2021-05-04T00:00:00.000,HENRY HUB - NEW YORK MERCANTILE EXCHANGE,102480,12621,465466,566454,597827,2021-05-04,89859,-100988
2021-05-11T00:00:00.000,HENRY HUB - NEW YORK MERCANTILE EXCHANGE,104749,12621,463767,567024,598397,2021-05-11,92128,-103257
2021-05-18T00:00:00.000,HENRY HUB - NEW YORK MERCANTILE EXCHANGE,111267,12621,461015,570790,602175,2021-05-18,98646,-109775
2021-05-25T00:00:00.000,HENRY HUB - NEW YORK MERCANTILE EXCHANGE,116913,12421,464046,575670,607301,2021-05-25,104492,-111624
2021-06-01T00:00:00.000,HENRY HUB - NEW YORK MERCANTILE EXCHANGE,114488,11087,445207,555467,584445,2021-06-01,103401,-110260
2021-06-08T00:00:00.000,HENRY HUB - NEW YORK MERCANTILE EXCHANGE,116209,11087,444025,557446,586424,2021-06-08,105122,-113421
2021-06-15T00:00:00.000,HENRY HUB - NEW YORK MERCANTILE EXCHANGE,119854,11087,448232,565298,594276,2021-06-15,108767,-117066
2021-06-22T00:00:00.000,HENRY HUB - NEW YORK MERCANTILE EXCHANGE,126138,10333,447855,571075,600476,2021-06-22,115805,-123220
2021-06-29T00:00:00.000,HENRY HUB - NEW YORK MERCANTILE EXCHANGE,135925,8641,421324,552701,581184,2021-06-29,127284,-131377
2021-07-06T00:00:00.000,HENRY HUB - NEW YORK MERCANTILE EXCHANGE,137375,8821,421386,554213,582746,2021-07-06,128554,-132827
2021-07-13T00:00:00.000,HENRY HUB - NEW YORK MERCANTILE EXCHANGE,138566,8821,421877,556503,584206,2021-07-13,129745,-134626
2021-07-20T00:00:00.000,HENRY HUB - NEW YORK MERCANTILE EXCHANGE,139957,8451,419639,556742,583980,2021-07-20,131506,-137103
2021-07-27T00:00:00.000,HENRY HUB - NEW YORK MERCANTILE EXCHANGE,138515,8563,420984,556528,583845,2021-07-27,129952,-135544
2021-08-03T00:00:00.000,HENRY HUB - NEW YORK MERCANTILE EXCHANGE,137487,6923,399189,536945,561583,2021-08-03,130564,-137756
2021-08-10T00:00:00.000,HENRY HUB - NEW YORK MERCANTILE EXCHANGE,142728,6923,398763,541760,566398,2021-08-10,135805,-142997
2021-08-17T00:00:00.000,HENRY HUB - NEW YORK MERCANTILE EXCHANGE,148255,6827,398514,547394,572039,2021-08-17,141428,-148880
2021-08-24T00:00:00.000,HENRY HUB - NEW YORK MERCANTILE EXCHANGE,152802,6939,397473,550781,575604,2021-08-24,145863,-153308
2021-08-31T00:00:00.000,HENRY HUB - NEW YORK MERCANTILE EXCHANGE,149856,4894,377226,528730,550722,2021-08-31,144962,-151504
2021-09-07T00:00:00.000,HENRY HUB - NEW YORK MERCANTILE EXCHANGE,151166,4282,379416,531992,554590,2021-09-07,146884,-152576
2021-09-14T00:00:00.000,HENRY HUB - NEW YORK MERCANTILE EXCHANGE,157183,4282,378422,539091,559906,2021-09-14,152901,-160669
2021-09-21T00:00:00.000,HENRY HUB - NEW YORK MERCANTILE EXCHANGE,163237,4282,373171,539869,560000,2021-09-21,158955,-166698
2021-09-28T00:00:00.000,HENRY HUB - NEW YORK MERCANTILE EXCHANGE,175001,4170,372114,550902,570921,2021-09-28,170831,-178788
2021-10-05T00:00:00.000,HENRY HUB - NEW YORK MERCANTILE EXCHANGE,175245,3172,345443,522704,546959,2021-10-05,172073,-177261
2021-10-12T00:00:00.000,HENRY HUB - NEW YORK MERCANTILE EXCHANGE,175734,3172,344221,524396,548047,2021-10-12,172562,-180175
2021-10-19T00:00:00.000,HENRY HUB - NEW YORK MERCANTILE EXCHANGE,180018,3172,344507,529051,552809,2021-10-19,176846,-184544
2021-10-26T00:00:00.000,HENRY HUB - NEW YORK MERCANTILE EXCHANGE,182722,3060,344445,531877,555526,2021-10-26,179662,-187432
2021-11-02T00:00:00.000,HENRY HUB - NEW YORK MERCANTILE EXCHANGE,179718,2884,326421,510625,532278,2021-11-02,176834,-184204
2021-11-09T00:00:00.000,HENRY HUB - NEW YORK MERCANTILE EXCHANGE,180596,2884,326269,511351,532871,2021-11-09,177712,-185082
2021-11-16T00:00:00.000,HENRY HUB - NEW YORK MERCANTILE EXCHANGE,182698,2884,327213,514397,535917,2021-11-16,179814,-187184
2021-11-23T00:00:00.000,HENRY HUB - NEW YORK MERCANTILE EXCHANGE,184967,3012,326329,515037,537398,2021-11-23,181955,-188708
2021-11-30T00:00:00.000,HENRY HUB - NEW YORK MERCANTILE EXCHANGE,178471,2608,306325,489903,510243,2021-11-30,175863,-183578
2021-12-07T00:00:00.000,HENRY HUB - NEW YORK MERCANTILE EXCHANGE,178315,2608,306747,490471,510933,2021-12-07,175707,-183724
2021-12-14T00:00:00.000,HENRY HUB - NEW YORK MERCANTILE EXCHANGE,178641,2608,306777,491893,512514,2021-12-14,176033,-185116
2021-12-21T00:00:00.000,HENRY HUB - NEW YORK MERCANTILE EXCHANGE,182007,2608,306758,495240,515857,2021-12-21,179399,-188482
2021-12-28T00:00:00.000,HENRY HUB - NEW YORK MERCANTILE EXCHANGE,186991,2608,399929,598045,615528,2021-12-28,184383,-198116
2022-01-04T00:00:00.000,HENRY HUB - NEW YORK MERCANTILE EXCHANGE,183819,2460,381765,575389,592121,2022-01-04,181359,-193624
2022-01-11T00:00:00.000,HENRY HUB - NEW YORK MERCANTILE EXCHANGE,185619,2460,382373,578023,594755,2022-01-11,183159,-195650
2022-01-18T00:00:00.000,HENRY HUB - NEW YORK MERCANTILE EXCHANGE,186970,2826,382739,579374,596520,2022-01-18,184144,-196635
2022-01-25T00:00:00.000,HENRY HUB - NEW YORK MERCANTILE EXCHANGE,195057,2826,382739,587307,604669,2022-01-25,192231,-204568
2022-02-01T00:00:00.000,HENRY HUB - NEW YORK MERCANTILE EXCHANGE,190774,2690,366010,567722,582343,2022-02-01,188084,-201712
2022-02-08T00:00:00.000,HENRY HUB - NEW YORK MERCANTILE EXCHANGE,199388,2690,365532,573668,590294,2022-02-08,196698,-208136
2022-02-15T00:00:00.000,HENRY HUB - NEW YORK MERCANTILE EXCHANGE,200808,2690,367447,577003,593645,2022-02-15,198118,-209556
2022-02-22T00:00:00.000,HENRY HUB - NEW YORK MERCANTILE EXCHANGE,207062,2690,366940,583021,600631,2022-02-22,204372,-216081
2022-03-01T00:00:00.000,HENRY HUB - NEW YORK MERCANTILE EXCHANGE,200940,2542,349020,561458,575010,2022-03-01,198398,-212438
2022-03-08T00:00:00.000,HENRY HUB - NEW YORK MERCANTILE EXCHANGE,204282,2542,349558,566311,579802,2022-03-08,201740,-216753
2022-03-15T00:00:00.000,HENRY HUB - NEW YORK MERCANTILE EXCHANGE,216612,4942,353558,580243,596652,2022-03-15,211670,-226685
2022-03-22T00:00:00.000,HENRY HUB - NEW YORK MERCANTILE EXCHANGE,220428,4942,354119,583158,600999,2022-03-22,215486,-229039
2022-03-29T00:00:00.000,HENRY HUB - NEW YORK MERCANTILE EXCHANGE,221111,6213,354421,582381,602800,2022-03-29,214898,-227960
2022-04-05T00:00:00.000,HENRY HUB - NEW YORK MERCANTILE EXCHANGE,223004,4341,330112,561265,579267,2022-04-05,218663,-231153
2022-04-12T00:00:00.000,HENRY HUB - NEW YORK MERCANTILE EXCHANGE,224688,4635,330236,564061,582225,2022-04-12,220053,-233825
2022-04-19T00:00:00.000,HENRY HUB - NEW YORK MERCANTILE EXCHANGE,224868,5031,330400,564064,582577,2022-04-19,219837,-233664
2022-04-26T00:00:00.000,HENRY HUB - NEW YORK MERCANTILE EXCHANGE,227386,5826,331520,566388,584640,2022-04-26,221560,-234868
2022-05-03T00:00:00.000,HENRY HUB - NEW YORK MERCANTILE EXCHANGE,219002,5945,314704,540738,559044,2022-05-03,213057,-226034
2022-05-10T00:00:00.000,HENRY HUB - NEW YORK MERCANTILE EXCHANGE,221626,5996,314358,542965,561271,2022-05-10,215630,-228607
2022-05-17T00:00:00.000,HENRY HUB - NEW YORK MERCANTILE EXCHANGE,218686,5996,314294,539961,558077,2022-05-17,212690,-225667
2022-05-24T00:00:00.000,HENRY HUB - NEW YORK MERCANTILE EXCHANGE,219538,5996,315114,541633,560063,2022-05-24,213542,-226519
2022-05-31T00:00:00.000,HENRY HUB - NEW YORK MERCANTILE EXCHANGE,216051,5510,297710,520657,538296,2022-05-31,210541,-222947
2022-06-07T00:00:00.000,HENRY HUB - NEW YORK MERCANTILE EXCHANGE,217189,5330,298450,521795,540144,2022-06-07,211859,-223345
2022-06-14T00:00:00.000,HENRY HUB - NEW YORK MERCANTILE EXCHANGE,214174,5422,301646,522132,540644,2022-06-14,208752,-220486
2022-06-21T00:00:00.000,HENRY HUB - NEW YORK MERCANTILE EXCHANGE,208106,7912,308168,519431,540556,2022-06-21,200194,-211263
2022-06-28T00:00:00.000,HENRY HUB - NEW YORK MERCANTILE EXCHANGE,208106,8400,308411,519635,541128,2022-06-28,199706,-211224
2022-07-05T00:00:00.000,HENRY HUB - NEW YORK MERCANTILE EXCHANGE,199607,8009,289924,492822,513030,2022-07-05,191598,-202898
2022-07-12T00:00:00.000,HENRY HUB - NEW YORK MERCANTILE EXCHANGE,200035,5982,289924,495305,513458,2022-07-12,194053,-205381
2022-07-19T00:00:00.000,HENRY HUB - NEW YORK MERCANTILE EXCHANGE,200935,5982,291965,498246,516399,2022-07-19,194953,-206281
2022-07-26T00:00:00.000,HENRY HUB - NEW YORK MERCANTILE EXCHANGE,202988,5886,292763,501543,519786,2022-07-26,197102,-208780
2022-08-02T00:00:00.000,HENRY HUB - NEW YORK MERCANTILE EXCHANGE,198643,5892,274368,478130,495946,2022-08-02,192751,-203762
2022-08-09T00:00:00.000,HENRY HUB - NEW YORK MERCANTILE EXCHANGE,198638,6077,274704,478818,496819,2022-08-09,192561,-204114
2022-08-16T00:00:00.000,HENRY HUB - NEW YORK MERCANTILE EXCHANGE,200068,6077,274276,479850,497851,2022-08-16,193991,-205574
2022-08-23T00:00:00.000,HENRY HUB - NEW YORK MERCANTILE EXCHANGE,196976,6493,277464,479518,498192,2022-08-23,190483,-202054
2022-08-30T00:00:00.000,HENRY HUB - NEW YORK MERCANTILE EXCHANGE,199477,7208,257371,459996,479376,2022-08-30,192269,-202625
2022-09-06T00:00:00.000,HENRY HUB - NEW YORK MERCANTILE EXCHANGE,200147,12902,259604,458379,483710,2022-09-06,187245,-198775
2022-09-13T00:00:00.000,HENRY HUB - NEW YORK MERCANTILE EXCHANGE,200414,12876,260726,460442,486544,2022-09-13,187538,-199716
2022-09-20T00:00:00.000,HENRY HUB - NEW YORK MERCANTILE EXCHANGE,201953,16151,264670,462621,492107,2022-09-20,185802,-197951
2022-09-27T00:00:00.000,HENRY HUB - NEW YORK MERCANTILE EXCHANGE,201030,14347,267538,466774,494767,2022-09-27,186683,-199236
2022-10-04T00:00:00.000,HENRY HUB - NEW YORK MERCANTILE EXCHANGE,195552,10917,248964,445248,469196,2022-10-04,184635,-196284
2022-10-11T00:00:00.000,HENRY HUB - NEW YORK MERCANTILE EXCHANGE,192232,11547,253064,443849,468354,2022-10-11,180685,-190785
2022-10-18T00:00:00.000,HENRY HUB - NEW YORK MERCANTILE EXCHANGE,192116,11547,253158,443827,470900,2022-10-18,180569,-190669
2022-10-25T00:00:00.000,HENRY HUB - NEW YORK MERCANTILE EXCHANGE,193240,12515,253068,444341,472121,2022-10-25,180725,-191273
2022-11-01T00:00:00.000,HENRY HUB - NEW YORK MERCANTILE EXCHANGE,188404,10404,237472,422544,447654,2022-11-01,178000,-185072
2022-11-08T00:00:00.000,HENRY HUB - NEW YORK MERCANTILE EXCHANGE,190513,11377,238542,424400,451182,2022-11-08,179136,-185858
2022-11-15T00:00:00.000,HENRY HUB - NEW YORK MERCANTILE EXCHANGE,190817,13016,239252,423660,452270,2022-11-15,177801,-184408
2022-11-22T00:00:00.000,HENRY HUB - NEW YORK MERCANTILE EXCHANGE,190419,13288,240577,424315,453173,2022-11-22,177131,-183738
2022-11-29T00:00:00.000,HENRY HUB - NEW YORK MERCANTILE EXCHANGE,184065,12121,218283,398305,426428,2022-11-29,171944,-180022
2022-12-06T00:00:00.000,HENRY HUB - NEW YORK MERCANTILE EXCHANGE,189866,11823,218677,405570,433491,2022-12-06,178043,-186893
2022-12-13T00:00:00.000,HENRY HUB - NEW YORK MERCANTILE EXCHANGE,193091,14558,219886,407234,437890,2022-12-13,178533,-187348
2022-12-20T00:00:00.000,HENRY HUB - NEW YORK MERCANTILE EXCHANGE,200187,14007,218389,413777,443871,2022-12-20,186180,-195388
2022-12-27T00:00:00.000,HENRY HUB - NEW YORK MERCANTILE EXCHANGE,203516,12031,231877,432852,461684,2022-12-27,191485,-200975
2023-01-03T00:00:00.000,HENRY HUB - NEW YORK MERCANTILE EXCHANGE,192878,11075,223929,415011,441995,2023-01-03,181803,-191082
2023-01-10T00:00:00.000,HENRY HUB - NEW YORK MERCANTILE EXCHANGE,199540,9252,223502,423000,448198,2023-01-10,190288,-199498
2023-01-17T00:00:00.000,HENRY HUB - NEW YORK MERCANTILE EXCHANGE,200549,8241,224717,426281,449741,2023-01-17,192308,-201564
2023-01-24T00:00:00.000,HENRY HUB - NEW YORK MERCANTILE EXCHANGE,202255,8241,223137,428232,451692,2023-01-24,194014,-205095
2023-01-31T00:00:00.000,HENRY HUB - NEW YORK MERCANTILE EXCHANGE,194058,7945,217348,413465,436516,2023-01-31,186113,-196117
2023-02-07T00:00:00.000,HENRY HUB - NEW YORK MERCANTILE EXCHANGE,199644,12643,211816,409035,437514,2023-02-07,187001,-197219
2023-02-14T00:00:00.000,HENRY HUB - NEW YORK MERCANTILE EXCHANGE,202892,14267,214447,413218,443393,2023-02-14,188625,-198771
2023-02-21T00:00:00.000,HENRY HUB - NEW YORK MERCANTILE EXCHANGE,220259,14655,201165,418312,449266,2023-02-21,205604,-217147
2023-02-28T00:00:00.000,HENRY HUB - NEW YORK MERCANTILE EXCHANGE,215763,13811,183081,404617,433543,2023-02-28,201952,-221536
2023-03-07T00:00:00.000,HENRY HUB - NEW YORK MERCANTILE EXCHANGE,222155,13811,184836,412590,441690,2023-03-07,208344,-227754
2023-03-14T00:00:00.000,HENRY HUB - NEW YORK MERCANTILE EXCHANGE,229025,16379,186296,418215,447495,2023-03-14,212646,-231919
2023-03-21T00:00:00.000,HENRY HUB - NEW YORK MERCANTILE EXCHANGE,229606,17256,188617,420055,450698,2023-03-21,212350,-231438
2023-03-28T00:00:00.000,HENRY HUB - NEW YORK MERCANTILE EXCHANGE,233306,17096,192706,426505,458801,2023-03-28,216210,-233799
2023-04-04T00:00:00.000,HENRY HUB - NEW YORK MERCANTILE EXCHANGE,226146,10136,188482,421035,446409,2023-04-04,216010,-232553
2023-04-11T00:00:00.000,HENRY HUB - NEW YORK MERCANTILE EXCHANGE,227188,10335,188604,422000,449252,2023-04-11,216853,-233396
2023-04-18T00:00:00.000,HENRY HUB - NEW YORK MERCANTILE EXCHANGE,218865,9970,200026,425799,452290,2023-04-18,208895,-225773
2023-04-25T00:00:00.000,HENRY HUB - NEW YORK MERCANTILE EXCHANGE,223976,11738,203628,431034,459878,2023-04-25,212238,-227406
2023-05-02T00:00:00.000,HENRY HUB - NEW YORK MERCANTILE EXCHANGE,218722,10262,196337,419198,445841,2023-05-02,208460,-222861
2023-05-09T00:00:00.000,HENRY HUB - NEW YORK MERCANTILE EXCHANGE,218674,10262,196238,419464,445803,2023-05-09,208412,-223226
2023-05-16T00:00:00.000,HENRY HUB - NEW YORK MERCANTILE EXCHANGE,223040,10888,197656,424836,452029,2023-05-16,212152,-227180
2023-05-23T00:00:00.000,HENRY HUB - NEW YORK MERCANTILE EXCHANGE,232298,10408,197900,435174,461917,2023-05-23,221890,-237274
2023-05-30T00:00:00.000,HENRY HUB - NEW YORK MERCANTILE EXCHANGE,222522,9637,190649,417732,442879,2023-05-30,212885,-227083
2023-06-06T00:00:00.000,HENRY HUB - NEW YORK MERCANTILE EXCHANGE,223661,10184,190414,419781,444243,2023-06-06,213477,-229367
2023-06-13T00:00:00.000,HENRY HUB - NEW YORK MERCANTILE EXCHANGE,223938,10154,191174,420848,445336,2023-06-13,213784,-229674
2023-06-20T00:00:00.000,HENRY HUB - NEW YORK MERCANTILE EXCHANGE,226045,10148,190946,422666,447282,2023-06-20,215897,-231720
2023-06-27T00:00:00.000,HENRY HUB - NEW YORK MERCANTILE EXCHANGE,229267,10412,191405,426252,450455,2023-06-27,218855,-234847
2023-07-03T00:00:00.000,HENRY HUB - NEW YORK MERCANTILE EXCHANGE,221658,8330,181624,410425,433375,2023-07-03,213328,-228801
2023-07-11T00:00:00.000,HENRY HUB - NEW YORK MERCANTILE EXCHANGE,222990,8330,181016,411240,434190,2023-07-11,214660,-230224
2023-07-18T00:00:00.000,HENRY HUB - NEW YORK MERCANTILE EXCHANGE,224531,8124,183118,412989,436155,2023-07-18,216407,-229871
2023-07-25T00:00:00.000,HENRY HUB - NEW YORK MERCANTILE EXCHANGE,227456,8640,183423,416393,439977,2023-07-25,218816,-232970
2023-08-01T00:00:00.000,HENRY HUB - NEW YORK MERCANTILE EXCHANGE,217315,7155,176696,399077,421003,2023-08-01,210160,-222381
2023-08-08T00:00:00.000,HENRY HUB - NEW YORK MERCANTILE EXCHANGE,216902,7155,176823,399101,421096,2023-08-08,209747,-222278
2023-08-15T00:00:00.000,HENRY HUB - NEW YORK MERCANTILE EXCHANGE,222137,7155,175966,402855,425165,2023-08-15,214982,-226889
2023-08-22T00:00:00.000,HENRY HUB - NEW YORK MERCANTILE EXCHANGE,225895,7235,176659,407911,429747,2023-08-22,218660,-231252
2023-08-29T00:00:00.000,HENRY HUB - NEW YORK MERCANTILE EXCHANGE,227990,8365,177167,409934,432350,2023-08-29,219625,-232767
2023-09-05T00:00:00.000,HENRY HUB - NEW YORK MERCANTILE EXCHANGE,222793,5666,168557,397960,416932,2023-09-05,217127,-229403
2023-09-12T00:00:00.000,HENRY HUB - NEW YORK MERCANTILE EXCHANGE,229703,6158,169049,405066,424530,2023-09-12,223545,-236017
2023-09-19T00:00:00.000,HENRY HUB - NEW YORK MERCANTILE EXCHANGE,233324,6158,169083,408286,428114,2023-09-19,227166,-239203
2023-09-26T00:00:00.000,HENRY HUB - NEW YORK MERCANTILE EXCHANGE,232761,6326,169441,407913,428350,2023-09-26,226435,-238472
2023-10-03T00:00:00.000,HENRY HUB - NEW YORK MERCANTILE EXCHANGE,224370,5110,158940,391733,411082,2023-10-03,219260,-232793
2023-10-10T00:00:00.000,HENRY HUB - NEW YORK MERCANTILE EXCHANGE,231582,5110,160716,399434,419444,2023-10-10,226472,-238718
2023-10-17T00:00:00.000,HENRY HUB - NEW YORK MERCANTILE EXCHANGE,231452,4926,159994,398910,418710,2023-10-17,226526,-238916
2023-10-24T00:00:00.000,HENRY HUB - NEW YORK MERCANTILE EXCHANGE,228930,5236,163415,399499,419497,2023-10-24,223694,-236084
2023-10-31T00:00:00.000,HENRY HUB - NEW YORK MERCANTILE EXCHANGE,221737,5206,154824,383639,402862,2023-10-31,216531,-228815
2023-11-07T00:00:00.000,HENRY HUB - NEW YORK MERCANTILE EXCHANGE,223539,5206,154700,385341,404603,2023-11-07,218333,-230641
2023-11-14T00:00:00.000,HENRY HUB - NEW YORK MERCANTILE EXCHANGE,224152,5292,153959,383667,405693,2023-11-14,218860,-229708
2023-11-21T00:00:00.000,HENRY HUB - NEW YORK MERCANTILE EXCHANGE,229460,6615,154530,388977,412325,2023-11-21,222845,-234447
2023-11-28T00:00:00.000,HENRY HUB - NEW YORK MERCANTILE EXCHANGE,231740,6747,152329,389228,412900,2023-11-28,224993,-236899
2023-12-05T00:00:00.000,HENRY HUB - NEW YORK MERCANTILE EXCHANGE,221866,8288,146711,372694,396784,2023-12-05,213578,-225983
2023-12-12T00:00:00.000,HENRY HUB - NEW YORK MERCANTILE EXCHANGE,221438,9228,149004,373699,398535,2023-12-12,212210,-224695
2023-12-19T00:00:00.000,HENRY HUB - NEW YORK MERCANTILE EXCHANGE,218570,11284,153451,373643,400851,2023-12-19,207286,-220192
2023-12-26T00:00:00.000,HENRY HUB - NEW YORK MERCANTILE EXCHANGE,217132,12660,154857,372235,400999,2023-12-26,204472,-217378
2024-01-02T00:00:00.000,HENRY HUB - NEW YORK MERCANTILE EXCHANGE,209047,11139,146903,356693,382555,2024-01-02,197908,-209790
2024-01-09T00:00:00.000,HENRY HUB - NEW YORK MERCANTILE EXCHANGE,209190,10845,146467,356288,382360,2024-01-09,198345,-209821
2024-01-16T00:00:00.000,HENRY HUB - NEW YORK MERCANTILE EXCHANGE,211615,10845,152463,364709,390991,2024-01-16,200770,-212246
2024-01-23T00:00:00.000,HENRY HUB - NEW YORK MERCANTILE EXCHANGE,222613,10845,152463,375707,401989,2024-01-23,211768,-223244
2024-01-30T00:00:00.000,HENRY HUB - NEW YORK MERCANTILE EXCHANGE,213218,9720,148423,361687,386998,2024-01-30,203498,-213264
2024-02-06T00:00:00.000,HENRY HUB - NEW YORK MERCANTILE EXCHANGE,213409,9720,148423,361878,387181,2024-02-06,203689,-213455
2024-02-13T00:00:00.000,HENRY HUB - NEW YORK MERCANTILE EXCHANGE,213199,11080,150574,362717,389769,2024-02-13,202119,-212143
2024-02-20T00:00:00.000,HENRY HUB - NEW YORK MERCANTILE EXCHANGE,212472,12969,152906,362717,391941,2024-02-20,199503,-209811
2024-02-27T00:00:00.000,HENRY HUB - NEW YORK MERCANTILE EXCHANGE,216472,13452,153118,367338,397964,2024-02-27,203020,-214220
2024-03-05T00:00:00.000,HENRY HUB - NEW YORK MERCANTILE EXCHANGE,204864,12598,147306,350828,378896,2024-03-05,192266,-203522
2024-03-12T00:00:00.000,HENRY HUB - NEW YORK MERCANTILE EXCHANGE,206592,12599,147450,351703,380458,2024-03-12,193993,-204253
2024-03-19T00:00:00.000,HENRY HUB - NEW YORK MERCANTILE EXCHANGE,207833,12599,147511,351950,381800,2024-03-19,195234,-204439
2024-03-26T00:00:00.000,HENRY HUB - NEW YORK MERCANTILE EXCHANGE,209733,13245,148244,354171,384249,2024-03-26,196488,-205927
2024-04-02T00:00:00.000,HENRY HUB - NEW YORK MERCANTILE EXCHANGE,197931,12277,143192,337384,365667,2024-04-02,185654,-194192
2024-04-09T00:00:00.000,HENRY HUB - NEW YORK MERCANTILE EXCHANGE,200940,12277,143192,339250,368676,2024-04-09,188663,-196058
2024-04-16T00:00:00.000,HENRY HUB - NEW YORK MERCANTILE EXCHANGE,201228,11937,143192,339878,369157,2024-04-16,189291,-196686
2024-04-23T00:00:00.000,HENRY HUB - NEW YORK MERCANTILE EXCHANGE,201777,11837,143159,340335,370039,2024-04-23,189940,-197176
2024-04-30T00:00:00.000,HENRY HUB - NEW YORK MERCANTILE EXCHANGE,193152,10772,138570,327542,355799,2024-04-30,182380,-188972
2024-05-07T00:00:00.000,HENRY HUB - NEW YORK MERCANTILE EXCHANGE,195944,11578,139710,330668,359731,2024-05-07,184366,-190958
2024-05-14T00:00:00.000,HENRY HUB - NEW YORK MERCANTILE EXCHANGE,201993,12485,139763,336831,366777,2024-05-14,189508,-197068
2024-05-21T00:00:00.000,HENRY HUB - NEW YORK MERCANTILE EXCHANGE,202955,12787,142859,338109,367711,2024-05-21,190168,-195250
2024-05-28T00:00:00.000,HENRY HUB - NEW YORK MERCANTILE EXCHANGE,207230,12777,144352,343201,372952,2024-05-28,194453,-198849
2024-06-04T00:00:00.000,HENRY HUB - NEW YORK MERCANTILE EXCHANGE,199586,11518,139858,331399,360241,2024-06-04,188068,-191541
2024-06-11T00:00:00.000,HENRY HUB - NEW YORK MERCANTILE EXCHANGE,201723,11934,139880,333247,361919,2024-06-11,189789,-193367
2024-06-18T00:00:00.000,HENRY HUB - NEW YORK MERCANTILE EXCHANGE,205737,11874,139240,336316,365203,2024-06-18,193863,-197076
2024-06-25T00:00:00.000,HENRY HUB - NEW YORK MERCANTILE EXCHANGE,210833,11874,139240,341917,370409,2024-06-25,198959,-202677
2024-07-02T00:00:00.000,HENRY HUB - NEW YORK MERCANTILE EXCHANGE,200305,10388,136529,329530,355667,2024-07-02,189917,-193001
2024-07-09T00:00:00.000,HENRY HUB - NEW YORK MERCANTILE EXCHANGE,199569,10388,136378,328523,354724,2024-07-09,189181,-192145
2024-07-16T00:00:00.000,HENRY HUB - NEW YORK MERCANTILE EXCHANGE,203034,10938,136994,331570,358715,2024-07-16,192096,-194576
2024-07-23T00:00:00.000,HENRY HUB - NEW YORK MERCANTILE EXCHANGE,203772,12910,140934,335012,363415,2024-07-23,190862,-194078
2024-07-30T00:00:00.000,HENRY HUB - NEW YORK MERCANTILE EXCHANGE,192246,10453,136202,320853,346393,2024-07-30,181793,-184651
2024-08-06T00:00:00.000,HENRY HUB - NEW YORK MERCANTILE EXCHANGE,192149,10453,136630,321264,346754,2024-08-06,181696,-184634
2024-08-13T00:00:00.000,HENRY HUB - NEW YORK MERCANTILE EXCHANGE,196183,11433,137844,325532,351781,2024-08-13,184750,-187688
2024-08-20T00:00:00.000,HENRY HUB - NEW YORK MERCANTILE EXCHANGE,189208,11433,138000,319009,345334,2024-08-20,177775,-181009
2024-08-27T00:00:00.000,HENRY HUB - NEW YORK MERCANTILE EXCHANGE,192543,11681,138746,322842,349415,2024-08-27,180862,-184096
2024-09-03T00:00:00.000,HENRY HUB - NEW YORK MERCANTILE EXCHANGE,180358,9736,133369,307007,331102,2024-09-03,170622,-173638
2024-09-10T00:00:00.000,HENRY HUB - NEW YORK MERCANTILE EXCHANGE,182195,11416,134837,308632,334436,2024-09-10,170779,-173795
2024-09-17T00:00:00.000,HENRY HUB - NEW YORK MERCANTILE EXCHANGE,182646,11416,135323,309629,335555,2024-09-17,171230,-174306
2024-09-24T00:00:00.000,HENRY HUB - NEW YORK MERCANTILE EXCHANGE,182785,12036,136285,310631,337994,2024-09-24,170749,-174346
2024-10-01T00:00:00.000,HENRY HUB - NEW YORK MERCANTILE EXCHANGE,175213,15396,136572,296024,328733,2024-10-01,159817,-159452
2024-10-08T00:00:00.000,HENRY HUB - NEW YORK MERCANTILE EXCHANGE,180779,15396,136633,301630,334559,2024-10-08,165383,-164997
2024-10-15T00:00:00.000,HENRY HUB - NEW YORK MERCANTILE EXCHANGE,180405,15610,137061,301499,334421,2024-10-15,164795,-164438
2024-10-22T00:00:00.000,HENRY HUB - NEW YORK MERCANTILE EXCHANGE,179837,17518,139397,301359,336149,2024-10-22,162319,-161962
2024-10-29T00:00:00.000,HENRY HUB - NEW YORK MERCANTILE EXCHANGE,179345,17599,139863,300644,336901,2024-10-29,161746,-160781
2024-11-05T00:00:00.000,HENRY HUB - NEW YORK MERCANTILE EXCHANGE,168351,20815,139037,285827,323325,2024-11-05,147536,-146790
2024-11-12T00:00:00.000,HENRY HUB - NEW YORK MERCANTILE EXCHANGE,172519,20815,139006,289972,326716,2024-11-12,151704,-150966
2024-11-19T00:00:00.000,HENRY HUB - NEW YORK MERCANTILE EXCHANGE,178363,20914,141160,297871,334339,2024-11-19,157449,-156711
2024-11-26T00:00:00.000,HENRY HUB - NEW YORK MERCANTILE EXCHANGE,173897,24530,148397,295834,337802,2024-11-26,149367,-147437
2024-12-03T00:00:00.000,HENRY HUB - NEW YORK MERCANTILE EXCHANGE,164287,23852,141628,277789,320266,2024-12-03,140435,-136161
2024-12-10T00:00:00.000,HENRY HUB - NEW YORK MERCANTILE EXCHANGE,162837,23671,143577,281175,320855,2024-12-10,139166,-137598
2024-12-17T00:00:00.000,HENRY HUB - NEW YORK MERCANTILE EXCHANGE,169797,27375,145121,285935,329663,2024-12-17,142422,-140814
2024-12-24T00:00:00.000,HENRY HUB - NEW YORK MERCANTILE EXCHANGE,173884,27173,146886,293183,336524,2024-12-24,146711,-146297
2024-12-31T00:00:00.000,HENRY HUB - NEW YORK MERCANTILE EXCHANGE,171680,31800,141590,281870,328269,2024-12-31,139880,-140280
2025-01-07T00:00:00.000,HENRY HUB - NEW YORK MERCANTILE EXCHANGE,179874,32900,142288,289119,335379,2025-01-07,146974,-146831
2025-01-14T00:00:00.000,HENRY HUB - NEW YORK MERCANTILE EXCHANGE,181172,33725,142666,290114,337015,2025-01-14,147447,-147448
2025-01-21T00:00:00.000,HENRY HUB - NEW YORK MERCANTILE EXCHANGE,181809,33753,142522,290579,337797,2025-01-21,148056,-148057
2025-01-28T00:00:00.000,HENRY HUB - NEW YORK MERCANTILE EXCHANGE,181906,33753,142988,291324,338359,2025-01-28,148153,-148336
2025-02-04T00:00:00.000,HENRY HUB - NEW YORK MERCANTILE EXCHANGE,176687,32099,138068,279901,327593,2025-02-04,144588,-141833
2025-02-11T00:00:00.000,HENRY HUB - NEW YORK MERCANTILE EXCHANGE,177188,30525,139986,283894,330894,2025-02-11,146663,-143908
2025-02-18T00:00:00.000,HENRY HUB - NEW YORK MERCANTILE EXCHANGE,195838,28985,139898,304147,350495,2025-02-18,166853,-164249
2025-02-25T00:00:00.000,HENRY HUB - NEW YORK MERCANTILE EXCHANGE,196206,28241,140986,306423,352798,2025-02-25,167965,-165437
2025-03-04T00:00:00.000,HENRY HUB - NEW YORK MERCANTILE EXCHANGE,190251,23173,134863,300362,341807,2025-03-04,167078,-165499
2025-03-11T00:00:00.000,HENRY HUB - NEW YORK MERCANTILE EXCHANGE,198095,20937,136741,314965,355574,2025-03-11,177158,-178224
2025-03-18T00:00:00.000,HENRY HUB - NEW YORK MERCANTILE EXCHANGE,204086,20937,132684,319899,357752,2025-03-18,183149,-187215
2025-03-25T00:00:00.000,HENRY HUB - NEW YORK MERCANTILE EXCHANGE,215962,20937,129676,328037,366294,2025-03-25,195025,-198361
2025-04-01T00:00:00.000,HENRY HUB - NEW YORK MERCANTILE EXCHANGE,211899,19551,124252,319758,355936,2025-04-01,192348,-195506
2025-04-08T00:00:00.000,HENRY HUB - NEW YORK MERCANTILE EXCHANGE,216811,20477,126394,325886,363475,2025-04-08,196334,-199492
2025-04-15T00:00:00.000,HENRY HUB - NEW YORK MERCANTILE EXCHANGE,220182,21695,128638,330343,368897,2025-04-15,198487,-201705
2025-04-22T00:00:00.000,HENRY HUB - NEW YORK MERCANTILE EXCHANGE,220810,21945,129510,331735,371084,2025-04-22,198865,-202225
2025-04-29T00:00:00.000,HENRY HUB - NEW YORK MERCANTILE EXCHANGE,214016,19506,124119,321950,358032,2025-04-29,194510,-197831
2025-05-06T00:00:00.000,HENRY HUB - NEW YORK MERCANTILE EXCHANGE,216312,19506,125584,325711,361881,2025-05-06,196806,-200127
2025-05-13T00:00:00.000,HENRY HUB - NEW YORK MERCANTILE EXCHANGE,218188,21318,126644,326835,364803,2025-05-13,196870,-200191
2025-05-20T00:00:00.000,HENRY HUB - NEW YORK MERCANTILE EXCHANGE,218207,21318,126066,326276,364375,2025-05-20,196889,-200210
2025-05-27T00:00:00.000,HENRY HUB - NEW YORK MERCANTILE EXCHANGE,218683,21318,125431,326117,364216,2025-05-27,197365,-200686
2025-06-03T00:00:00.000,HENRY HUB - NEW YORK MERCANTILE EXCHANGE,211346,20205,121161,315442,351945,2025-06-03,191141,-194281
2025-06-10T00:00:00.000,HENRY HUB - NEW YORK MERCANTILE EXCHANGE,214531,20357,120522,318092,355121,2025-06-10,194174,-197570
2025-06-17T00:00:00.000,HENRY HUB - NEW YORK MERCANTILE EXCHANGE,216868,21325,123236,323270,360943,2025-06-17,195543,-200034
2025-06-24T00:00:00.000,HENRY HUB - NEW YORK MERCANTILE EXCHANGE,217100,21325,126332,326598,364271,2025-06-24,195775,-200266
2025-07-01T00:00:00.000,HENRY HUB - NEW YORK MERCANTILE EXCHANGE,208540,20935,118401,310389,346272,2025-07-01,187605,-191988
2025-07-08T00:00:00.000,HENRY HUB - NEW YORK MERCANTILE EXCHANGE,209201,21435,117811,310176,346360,2025-07-08,187766,-192365
2025-07-15T00:00:00.000,HENRY HUB - NEW YORK MERCANTILE EXCHANGE,209317,21970,118386,310332,346828,2025-07-15,187347,-191946
2025-07-22T00:00:00.000,HENRY HUB - NEW YORK MERCANTILE EXCHANGE,209682,24500,121648,311429,349860,2025-07-22,185182,-189781
2025-07-29T00:00:00.000,HENRY HUB - NEW YORK MERCANTILE EXCHANGE,221824,24500,120842,320485,359390,2025-07-29,197324,-199643
2025-08-05T00:00:00.000,HENRY HUB - NEW YORK MERCANTILE EXCHANGE,216198,22770,113088,308737,345329,2025-08-05,193428,-195649
2025-08-12T00:00:00.000,HENRY HUB - NEW YORK MERCANTILE EXCHANGE,216444,23135,112260,310814,347712,2025-08-12,193309,-198554
2025-08-19T00:00:00.000,HENRY HUB - NEW YORK MERCANTILE EXCHANGE,218702,23887,113699,311525,349035,2025-08-19,194815,-197826
2025-08-26T00:00:00.000,HENRY HUB - NEW YORK MERCANTILE EXCHANGE,216368,22015,116323,313465,350095,2025-08-26,194353,-197142
2025-09-02T00:00:00.000,HENRY HUB - NEW YORK MERCANTILE EXCHANGE,208759,20488,109441,300497,335018,2025-09-02,188271,-191056
2025-09-09T00:00:00.000,HENRY HUB - NEW YORK MERCANTILE EXCHANGE,207583,30258,115268,295400,339065,2025-09-09,177325,-180132
2025-09-16T00:00:00.000,HENRY HUB - NEW YORK MERCANTILE EXCHANGE,207638,30798,115185,295480,339865,2025-09-16,176840,-180295
2025-09-23T00:00:00.000,HENRY HUB - NEW YORK MERCANTILE EXCHANGE,211194,29976,118669,301402,345687,2025-09-23,181218,-182733
2025-09-30T00:00:00.000,HENRY HUB - NEW YORK MERCANTILE EXCHANGE,203382,21457,111538,289941,330655,2025-09-30,181925,-178403
2025-10-07T00:00:00.000,HENRY HUB - NEW YORK MERCANTILE EXCHANGE,206771,22093,111767,297565,337213,2025-10-07,184678,-185798
2025-10-14T00:00:00.000,HENRY HUB - NEW YORK MERCANTILE EXCHANGE,214897,22669,110681,304125,346192,2025-10-14,192228,-193444
2025-10-21T00:00:00.000,HENRY HUB - NEW YORK MERCANTILE EXCHANGE,216724,24971,110860,305701,350870,2025-10-21,191753,-194841
2025-10-28T00:00:00.000,HENRY HUB - NEW YORK MERCANTILE EXCHANGE,223251,24098,110236,313747,356121,2025-10-28,199153,-203511
2025-11-04T00:00:00.000,HENRY HUB - NEW YORK MERCANTILE EXCHANGE,221910,27121,105590,303196,348560,2025-11-04,194789,-197606
2025-11-10T00:00:00.000,HENRY HUB - NEW YORK MERCANTILE EXCHANGE,223572,29089,107077,302988,350110,2025-11-10,194483,-195911
2025-11-18T00:00:00.000,HENRY HUB - NEW YORK MERCANTILE EXCHANGE,224412,28411,107178,305936,353351,2025-11-18,196001,-198758
2025-11-25T00:00:00.000,HENRY HUB - NEW YORK MERCANTILE EXCHANGE,225971,32929,110976,306843,358900,2025-11-25,193042,-195867
2025-12-02T00:00:00.000,HENRY HUB - NEW YORK MERCANTILE EXCHANGE,218826,34397,105797,291748,345440,2025-12-02,184429,-185951
2025-12-09T00:00:00.000,HENRY HUB - NEW YORK MERCANTILE EXCHANGE,221217,35597,109911,296733,350643,2025-12-09,185620,-186822
2025-12-16T00:00:00.000,HENRY HUB - NEW YORK MERCANTILE EXCHANGE,226597,27795,106028,304052,347826,2025-12-16,198802,-198024
2025-12-23T00:00:00.000,HENRY HUB - NEW YORK MERCANTILE EXCHANGE,234041,37491,111424,309666,361638,2025-12-23,196550,-198242
2025-12-30T00:00:00.000,HENRY HUB - NEW YORK MERCANTILE EXCHANGE,226011,30380,107203,297830,348997,2025-12-30,195631,-190627
2026-01-06T00:00:00.000,HENRY HUB - NEW YORK MERCANTILE EXCHANGE,226243,31484,107790,296231,349816,2026-01-06,194759,-188441
2026-01-13T00:00:00.000,HENRY HUB - NEW YORK MERCANTILE EXCHANGE,227275,32849,111887,299559,354480,2026-01-13,194426,-187672
2026-01-20T00:00:00.000,HENRY HUB - NEW YORK MERCANTILE EXCHANGE,233127,33009,111743,305107,360188,2026-01-20,200118,-193364
2026-01-27T00:00:00.000,HENRY HUB - NEW YORK MERCANTILE EXCHANGE,242364,33221,119048,322711,376518,2026-01-27,209143,-203663
2026-02-03T00:00:00.000,HENRY HUB - NEW YORK MERCANTILE EXCHANGE,239671,31362,115134,316331,369367,2026-02-03,208309,-201197
2026-02-10T00:00:00.000,HENRY HUB - NEW YORK MERCANTILE EXCHANGE,243870,31442,115443,320331,373447,2026-02-10,212428,-204888
2026-02-17T00:00:00.000,HENRY HUB - NEW YORK MERCANTILE EXCHANGE,249976,30712,115443,325967,379727,2026-02-17,219264,-210524
2026-02-24T00:00:00.000,HENRY HUB - NEW YORK MERCANTILE EXCHANGE,256647,32372,115151,330942,386132,2026-02-24,224275,-215791
2026-03-03T00:00:00.000,HENRY HUB - NEW YORK MERCANTILE EXCHANGE,249101,30843,107760,320987,374520,2026-03-03,218258,-213227
2026-03-10T00:00:00.000,HENRY HUB - NEW YORK MERCANTILE EXCHANGE,254953,30843,106466,325545,379078,2026-03-10,224110,-219079
2026-03-17T00:00:00.000,HENRY HUB - NEW YORK MERCANTILE EXCHANGE,258933,30424,107067,330545,383745,2026-03-17,228509,-223478
2026-03-24T00:00:00.000,HENRY HUB - NEW YORK MERCANTILE EXCHANGE,266051,31716,108088,337867,392374,2026-03-24,234335,-229779
2026-03-31T00:00:00.000,HENRY HUB - NEW YORK MERCANTILE EXCHANGE,262691,29814,103407,332469,383436,2026-03-31,232877,-229062
2026-04-07T00:00:00.000,HENRY HUB - NEW YORK MERCANTILE EXCHANGE,263755,30465,104259,333571,385339,2026-04-07,233290,-229312
2026-04-14T00:00:00.000,HENRY HUB - NEW YORK MERCANTILE EXCHANGE,265585,30271,104719,335861,387550,2026-04-14,235314,-231142
2026-04-21T00:00:00.000,HENRY HUB - NEW YORK MERCANTILE EXCHANGE,273960,30134,102734,342667,394267,2026-04-21,243826,-239933
