report_date_as_yyyy_mm_dd,market_and_exchange_names,noncomm_positions_long_all,noncomm_positions_short_all,comm_positions_long_all,comm_positions_short_all,open_interest_all,date,spec_net,comm_net
2010-01-05T00:00:00.000,NEW ZEALAND DOLLAR - CHICAGO MERCANTILE EXCHANGE,18106,5133,1457,16490,23053,2010-01-05,12973,-15033
2010-01-12T00:00:00.000,NEW ZEALAND DOLLAR - CHICAGO MERCANTILE EXCHANGE,21417,5734,1196,18810,25732,2010-01-12,15683,-17614
2010-01-19T00:00:00.000,NEW ZEALAND DOLLAR - CHICAGO MERCANTILE EXCHANGE,22397,6041,1218,19664,26917,2010-01-19,16356,-18446
2010-01-26T00:00:00.000,NEW ZEALAND DOLLAR - CHICAGO MERCANTILE EXCHANGE,16005,7534,2762,12630,21440,2010-01-26,8471,-9868
2010-02-02T00:00:00.000,NEW ZEALAND DOLLAR - CHICAGO MERCANTILE EXCHANGE,15251,9868,3659,9838,21312,2010-02-02,5383,-6179
2010-02-09T00:00:00.000,NEW ZEALAND DOLLAR - CHICAGO MERCANTILE EXCHANGE,14359,9636,3988,8734,20171,2010-02-09,4723,-4746
2010-02-16T00:00:00.000,NEW ZEALAND DOLLAR - CHICAGO MERCANTILE EXCHANGE,14523,7088,3380,10366,19679,2010-02-16,7435,-6986
2010-02-23T00:00:00.000,NEW ZEALAND DOLLAR - CHICAGO MERCANTILE EXCHANGE,14641,8249,3676,10223,20201,2010-02-23,6392,-6547
2010-03-02T00:00:00.000,NEW ZEALAND DOLLAR - CHICAGO MERCANTILE EXCHANGE,13715,8603,4085,9678,20158,2010-03-02,5112,-5593
2010-03-09T00:00:00.000,NEW ZEALAND DOLLAR - CHICAGO MERCANTILE EXCHANGE,11964,8717,7237,11490,21863,2010-03-09,3247,-4253
2010-03-16T00:00:00.000,NEW ZEALAND DOLLAR - CHICAGO MERCANTILE EXCHANGE,11334,8525,1827,5970,15638,2010-03-16,2809,-4143
2010-03-23T00:00:00.000,NEW ZEALAND DOLLAR - CHICAGO MERCANTILE EXCHANGE,13621,8132,1294,8155,17599,2010-03-23,5489,-6861
2010-03-30T00:00:00.000,NEW ZEALAND DOLLAR - CHICAGO MERCANTILE EXCHANGE,13049,7243,1073,9012,17143,2010-03-30,5806,-7939
2010-04-06T00:00:00.000,NEW ZEALAND DOLLAR - CHICAGO MERCANTILE EXCHANGE,12836,7333,606,7564,16221,2010-04-06,5503,-6958
2010-04-13T00:00:00.000,NEW ZEALAND DOLLAR - CHICAGO MERCANTILE EXCHANGE,13771,6620,657,9759,17540,2010-04-13,7151,-9102
2010-04-20T00:00:00.000,NEW ZEALAND DOLLAR - CHICAGO MERCANTILE EXCHANGE,14497,5745,508,10771,17911,2010-04-20,8752,-10263
2010-04-27T00:00:00.000,NEW ZEALAND DOLLAR - CHICAGO MERCANTILE EXCHANGE,17554,4645,1118,15819,21797,2010-04-27,12909,-14701
2010-05-04T00:00:00.000,NEW ZEALAND DOLLAR - CHICAGO MERCANTILE EXCHANGE,18961,3985,888,17835,23312,2010-05-04,14976,-16947
2010-05-11T00:00:00.000,NEW ZEALAND DOLLAR - CHICAGO MERCANTILE EXCHANGE,20428,3536,902,19501,24215,2010-05-11,16892,-18599
2010-05-18T00:00:00.000,NEW ZEALAND DOLLAR - CHICAGO MERCANTILE EXCHANGE,16740,4187,2171,15281,21357,2010-05-18,12553,-13110
2010-05-25T00:00:00.000,NEW ZEALAND DOLLAR - CHICAGO MERCANTILE EXCHANGE,11342,3680,5345,12089,17760,2010-05-25,7662,-6744
2010-06-01T00:00:00.000,NEW ZEALAND DOLLAR - CHICAGO MERCANTILE EXCHANGE,7622,5418,6403,8285,15586,2010-06-01,2204,-1882
2010-06-08T00:00:00.000,NEW ZEALAND DOLLAR - CHICAGO MERCANTILE EXCHANGE,6230,7099,10301,8902,17962,2010-06-08,-869,1399
2010-06-15T00:00:00.000,NEW ZEALAND DOLLAR - CHICAGO MERCANTILE EXCHANGE,4329,6458,2855,1261,9089,2010-06-15,-2129,1594
2010-06-22T00:00:00.000,NEW ZEALAND DOLLAR - CHICAGO MERCANTILE EXCHANGE,6721,5899,1194,3272,10476,2010-06-22,822,-2078
2010-06-29T00:00:00.000,NEW ZEALAND DOLLAR - CHICAGO MERCANTILE EXCHANGE,8459,5973,1957,5511,12880,2010-06-29,2486,-3554
2010-07-06T00:00:00.000,NEW ZEALAND DOLLAR - CHICAGO MERCANTILE EXCHANGE,8093,5516,2751,6141,12959,2010-07-06,2577,-3390
2010-07-13T00:00:00.000,NEW ZEALAND DOLLAR - CHICAGO MERCANTILE EXCHANGE,12683,7231,1740,8103,16798,2010-07-13,5452,-6363
2010-07-20T00:00:00.000,NEW ZEALAND DOLLAR - CHICAGO MERCANTILE EXCHANGE,14523,5550,1511,11887,18631,2010-07-20,8973,-10376
2010-07-27T00:00:00.000,NEW ZEALAND DOLLAR - CHICAGO MERCANTILE EXCHANGE,18398,4724,1407,17037,22919,2010-07-27,13674,-15630
2010-08-03T00:00:00.000,NEW ZEALAND DOLLAR - CHICAGO MERCANTILE EXCHANGE,20353,5294,816,17742,24399,2010-08-03,15059,-16926
2010-08-10T00:00:00.000,NEW ZEALAND DOLLAR - CHICAGO MERCANTILE EXCHANGE,18992,6448,1889,16756,25036,2010-08-10,12544,-14867
2010-08-17T00:00:00.000,NEW ZEALAND DOLLAR - CHICAGO MERCANTILE EXCHANGE,17595,5456,3229,16406,23627,2010-08-17,12139,-13177
2010-08-24T00:00:00.000,NEW ZEALAND DOLLAR - CHICAGO MERCANTILE EXCHANGE,14931,4248,1997,13798,20271,2010-08-24,10683,-11801
2010-08-31T00:00:00.000,NEW ZEALAND DOLLAR - CHICAGO MERCANTILE EXCHANGE,12193,5236,4956,12678,20099,2010-08-31,6957,-7722
2010-09-07T00:00:00.000,NEW ZEALAND DOLLAR - CHICAGO MERCANTILE EXCHANGE,14648,5271,9876,20791,27922,2010-09-07,9377,-10915
2010-09-14T00:00:00.000,NEW ZEALAND DOLLAR - CHICAGO MERCANTILE EXCHANGE,21414,4575,865,20102,25755,2010-09-14,16839,-19237
2010-09-21T00:00:00.000,NEW ZEALAND DOLLAR - CHICAGO MERCANTILE EXCHANGE,22636,4228,563,21198,26820,2010-09-21,18408,-20635
2010-09-28T00:00:00.000,NEW ZEALAND DOLLAR - CHICAGO MERCANTILE EXCHANGE,21604,4334,641,20115,25965,2010-09-28,17270,-19474
2010-10-05T00:00:00.000,NEW ZEALAND DOLLAR - CHICAGO MERCANTILE EXCHANGE,21339,5005,881,19451,26042,2010-10-05,16334,-18570
2010-10-12T00:00:00.000,NEW ZEALAND DOLLAR - CHICAGO MERCANTILE EXCHANGE,21276,4703,1213,20607,26437,2010-10-12,16573,-19394
2010-10-19T00:00:00.000,NEW ZEALAND DOLLAR - CHICAGO MERCANTILE EXCHANGE,21477,6146,1856,19755,27031,2010-10-19,15331,-17899
2010-10-26T00:00:00.000,NEW ZEALAND DOLLAR - CHICAGO MERCANTILE EXCHANGE,21577,5706,1573,19978,26754,2010-10-26,15871,-18405
2010-11-02T00:00:00.000,NEW ZEALAND DOLLAR - CHICAGO MERCANTILE EXCHANGE,23393,4245,1356,22906,28353,2010-11-02,19148,-21550
2010-11-09T00:00:00.000,NEW ZEALAND DOLLAR - CHICAGO MERCANTILE EXCHANGE,26965,4715,991,25931,31494,2010-11-09,22250,-24940
2010-11-16T00:00:00.000,NEW ZEALAND DOLLAR - CHICAGO MERCANTILE EXCHANGE,28915,5470,1200,27077,33423,2010-11-16,23445,-25877
2010-11-23T00:00:00.000,NEW ZEALAND DOLLAR - CHICAGO MERCANTILE EXCHANGE,26095,5026,1644,25160,30969,2010-11-23,21069,-23516
2010-11-30T00:00:00.000,NEW ZEALAND DOLLAR - CHICAGO MERCANTILE EXCHANGE,22982,4537,1301,21802,27575,2010-11-30,18445,-20501
2010-12-07T00:00:00.000,NEW ZEALAND DOLLAR - CHICAGO MERCANTILE EXCHANGE,22024,3763,2185,22194,27595,2010-12-07,18261,-20009
2010-12-14T00:00:00.000,NEW ZEALAND DOLLAR - CHICAGO MERCANTILE EXCHANGE,21314,8793,985,14758,24510,2010-12-14,12521,-13773
2010-12-21T00:00:00.000,NEW ZEALAND DOLLAR - CHICAGO MERCANTILE EXCHANGE,17780,10414,5150,13326,25081,2010-12-21,7366,-8176
2010-12-28T00:00:00.000,NEW ZEALAND DOLLAR - CHICAGO MERCANTILE EXCHANGE,18570,10455,3991,13434,25090,2010-12-28,8115,-9443
2011-01-04T00:00:00.000,NEW ZEALAND DOLLAR - CHICAGO MERCANTILE EXCHANGE,21162,10431,2210,15002,26443,2011-01-04,10731,-12792
2011-01-11T00:00:00.000,NEW ZEALAND DOLLAR - CHICAGO MERCANTILE EXCHANGE,20943,11323,2746,15156,27358,2011-01-11,9620,-12410
2011-01-18T00:00:00.000,NEW ZEALAND DOLLAR - CHICAGO MERCANTILE EXCHANGE,21224,9977,2761,16664,27636,2011-01-18,11247,-13903
2011-01-25T00:00:00.000,NEW ZEALAND DOLLAR - CHICAGO MERCANTILE EXCHANGE,18507,9880,3744,15179,26199,2011-01-25,8627,-11435
2011-02-01T00:00:00.000,NEW ZEALAND DOLLAR - CHICAGO MERCANTILE EXCHANGE,20041,9771,3486,16667,27450,2011-02-01,10270,-13181
2011-02-08T00:00:00.000,NEW ZEALAND DOLLAR - CHICAGO MERCANTILE EXCHANGE,20804,9947,3468,16994,27897,2011-02-08,10857,-13526
2011-02-15T00:00:00.000,NEW ZEALAND DOLLAR - CHICAGO MERCANTILE EXCHANGE,18018,8208,6570,18389,27735,2011-02-15,9810,-11819
2011-02-22T00:00:00.000,NEW ZEALAND DOLLAR - CHICAGO MERCANTILE EXCHANGE,15975,7874,8466,18270,27830,2011-02-22,8101,-9804
2011-03-01T00:00:00.000,NEW ZEALAND DOLLAR - CHICAGO MERCANTILE EXCHANGE,15326,7915,8738,17260,26966,2011-03-01,7411,-8522
2011-03-08T00:00:00.000,NEW ZEALAND DOLLAR - CHICAGO MERCANTILE EXCHANGE,13467,9121,10783,15449,27699,2011-03-08,4346,-4666
2011-03-15T00:00:00.000,NEW ZEALAND DOLLAR - CHICAGO MERCANTILE EXCHANGE,7277,10086,5986,3295,15851,2011-03-15,-2809,2691
2011-03-22T00:00:00.000,NEW ZEALAND DOLLAR - CHICAGO MERCANTILE EXCHANGE,6005,7487,5713,3736,13974,2011-03-22,-1482,1977
2011-03-29T00:00:00.000,NEW ZEALAND DOLLAR - CHICAGO MERCANTILE EXCHANGE,6598,6359,4356,4767,13401,2011-03-29,239,-411
2011-04-05T00:00:00.000,NEW ZEALAND DOLLAR - CHICAGO MERCANTILE EXCHANGE,10129,7434,2772,7022,16197,2011-04-05,2695,-4250
2011-04-12T00:00:00.000,NEW ZEALAND DOLLAR - CHICAGO MERCANTILE EXCHANGE,14233,7897,3348,11788,21143,2011-04-12,6336,-8440
2011-04-19T00:00:00.000,NEW ZEALAND DOLLAR - CHICAGO MERCANTILE EXCHANGE,17722,8383,3666,15986,25789,2011-04-19,9339,-12320
2011-04-26T00:00:00.000,NEW ZEALAND DOLLAR - CHICAGO MERCANTILE EXCHANGE,19205,7748,3523,18088,27220,2011-04-26,11457,-14565
2011-05-03T00:00:00.000,NEW ZEALAND DOLLAR - CHICAGO MERCANTILE EXCHANGE,22522,9722,4593,20380,31620,2011-05-03,12800,-15787
2011-05-10T00:00:00.000,NEW ZEALAND DOLLAR - CHICAGO MERCANTILE EXCHANGE,22828,9114,3826,20049,30504,2011-05-10,13714,-16223
2011-05-17T00:00:00.000,NEW ZEALAND DOLLAR - CHICAGO MERCANTILE EXCHANGE,22518,9894,3827,18443,29636,2011-05-17,12624,-14616
2011-05-24T00:00:00.000,NEW ZEALAND DOLLAR - CHICAGO MERCANTILE EXCHANGE,23234,9358,4023,20138,30930,2011-05-24,13876,-16115
2011-05-31T00:00:00.000,NEW ZEALAND DOLLAR - CHICAGO MERCANTILE EXCHANGE,23579,7855,3089,21686,30915,2011-05-31,15724,-18597
2011-06-07T00:00:00.000,NEW ZEALAND DOLLAR - CHICAGO MERCANTILE EXCHANGE,23573,7569,8573,28106,37227,2011-06-07,16004,-19533
2011-06-14T00:00:00.000,NEW ZEALAND DOLLAR - CHICAGO MERCANTILE EXCHANGE,23520,4302,3507,26051,31432,2011-06-14,19218,-22544
2011-06-21T00:00:00.000,NEW ZEALAND DOLLAR - CHICAGO MERCANTILE EXCHANGE,22942,4093,2970,24942,30261,2011-06-21,18849,-21972
2011-06-28T00:00:00.000,NEW ZEALAND DOLLAR - CHICAGO MERCANTILE EXCHANGE,22242,3878,2998,24437,29652,2011-06-28,18364,-21439
2011-07-05T00:00:00.000,NEW ZEALAND DOLLAR - CHICAGO MERCANTILE EXCHANGE,22648,3662,3381,25687,30520,2011-07-05,18986,-22306
2011-07-12T00:00:00.000,NEW ZEALAND DOLLAR - CHICAGO MERCANTILE EXCHANGE,22687,3103,2838,25417,29745,2011-07-12,19584,-22579
2011-07-19T00:00:00.000,NEW ZEALAND DOLLAR - CHICAGO MERCANTILE EXCHANGE,23364,1926,2745,27376,31072,2011-07-19,21438,-24631
2011-07-26T00:00:00.000,NEW ZEALAND DOLLAR - CHICAGO MERCANTILE EXCHANGE,25241,1950,2498,29111,32793,2011-07-26,23291,-26613
2011-08-02T00:00:00.000,NEW ZEALAND DOLLAR - CHICAGO MERCANTILE EXCHANGE,25808,1682,2540,30637,33788,2011-08-02,24126,-28097
2011-08-09T00:00:00.000,NEW ZEALAND DOLLAR - CHICAGO MERCANTILE EXCHANGE,21588,1161,2937,25502,28943,2011-08-09,20427,-22565
2011-08-16T00:00:00.000,NEW ZEALAND DOLLAR - CHICAGO MERCANTILE EXCHANGE,19214,797,3774,24389,26705,2011-08-16,18417,-20615
2011-08-23T00:00:00.000,NEW ZEALAND DOLLAR - CHICAGO MERCANTILE EXCHANGE,17980,1104,4305,23942,26504,2011-08-23,16876,-19637
2011-08-30T00:00:00.000,NEW ZEALAND DOLLAR - CHICAGO MERCANTILE EXCHANGE,17953,1388,4625,24059,26856,2011-08-30,16565,-19434
2011-09-06T00:00:00.000,NEW ZEALAND DOLLAR - CHICAGO MERCANTILE EXCHANGE,19215,1545,4090,24315,27939,2011-09-06,17670,-20225
2011-09-13T00:00:00.000,NEW ZEALAND DOLLAR - CHICAGO MERCANTILE EXCHANGE,19303,1639,10392,30727,34664,2011-09-13,17664,-20335
2011-09-20T00:00:00.000,NEW ZEALAND DOLLAR - CHICAGO MERCANTILE EXCHANGE,16511,2946,2437,18019,22307,2011-09-20,13565,-15582
2011-09-27T00:00:00.000,NEW ZEALAND DOLLAR - CHICAGO MERCANTILE EXCHANGE,14475,4884,7068,16921,23804,2011-09-27,9591,-9853
2011-10-04T00:00:00.000,NEW ZEALAND DOLLAR - CHICAGO MERCANTILE EXCHANGE,12929,7363,11686,16078,26211,2011-10-04,5566,-4392
2011-10-11T00:00:00.000,NEW ZEALAND DOLLAR - CHICAGO MERCANTILE EXCHANGE,12075,5237,11594,17538,25059,2011-10-11,6838,-5944
2011-10-18T00:00:00.000,NEW ZEALAND DOLLAR - CHICAGO MERCANTILE EXCHANGE,12445,4220,9752,17898,24055,2011-10-18,8225,-8146
2011-10-25T00:00:00.000,NEW ZEALAND DOLLAR - CHICAGO MERCANTILE EXCHANGE,13298,4079,9443,19200,24675,2011-10-25,9219,-9757
2011-11-01T00:00:00.000,NEW ZEALAND DOLLAR - CHICAGO MERCANTILE EXCHANGE,13394,2739,8317,19682,24021,2011-11-01,10655,-11365
2011-11-08T00:00:00.000,NEW ZEALAND DOLLAR - CHICAGO MERCANTILE EXCHANGE,14585,3035,8111,20379,24750,2011-11-08,11550,-12268
2011-11-15T00:00:00.000,NEW ZEALAND DOLLAR - CHICAGO MERCANTILE EXCHANGE,14255,3641,9807,20317,25966,2011-11-15,10614,-10510
2011-11-22T00:00:00.000,NEW ZEALAND DOLLAR - CHICAGO MERCANTILE EXCHANGE,12639,4723,12745,19574,26870,2011-11-22,7916,-6829
2011-11-29T00:00:00.000,NEW ZEALAND DOLLAR - CHICAGO MERCANTILE EXCHANGE,11018,7300,15819,18612,28277,2011-11-29,3718,-2793
2011-12-06T00:00:00.000,NEW ZEALAND DOLLAR - CHICAGO MERCANTILE EXCHANGE,10745,6888,15376,18497,27597,2011-12-06,3857,-3121
2011-12-13T00:00:00.000,NEW ZEALAND DOLLAR - CHICAGO MERCANTILE EXCHANGE,11148,5765,15164,19901,28686,2011-12-13,5383,-4737
2011-12-20T00:00:00.000,NEW ZEALAND DOLLAR - CHICAGO MERCANTILE EXCHANGE,5735,5123,1834,1811,9442,2011-12-20,612,23
2011-12-27T00:00:00.000,NEW ZEALAND DOLLAR - CHICAGO MERCANTILE EXCHANGE,6571,5166,1540,2351,10181,2011-12-27,1405,-811
2012-01-03T00:00:00.000,NEW ZEALAND DOLLAR - CHICAGO MERCANTILE EXCHANGE,7857,5421,687,2984,10812,2012-01-03,2436,-2297
2012-01-10T00:00:00.000,NEW ZEALAND DOLLAR - CHICAGO MERCANTILE EXCHANGE,10658,5629,542,6388,14173,2012-01-10,5029,-5846
2012-01-17T00:00:00.000,NEW ZEALAND DOLLAR - CHICAGO MERCANTILE EXCHANGE,16195,6740,1478,12208,20955,2012-01-17,9455,-10730
2012-01-24T00:00:00.000,NEW ZEALAND DOLLAR - CHICAGO MERCANTILE EXCHANGE,20232,7300,1715,16265,25569,2012-01-24,12932,-14550
2012-01-31T00:00:00.000,NEW ZEALAND DOLLAR - CHICAGO MERCANTILE EXCHANGE,25330,10533,1796,19087,31627,2012-01-31,14797,-17291
2012-02-07T00:00:00.000,NEW ZEALAND DOLLAR - CHICAGO MERCANTILE EXCHANGE,28201,4866,1992,28240,35020,2012-02-07,23335,-26248
2012-02-14T00:00:00.000,NEW ZEALAND DOLLAR - CHICAGO MERCANTILE EXCHANGE,29202,5332,2769,29272,36704,2012-02-14,23870,-26503
2012-02-21T00:00:00.000,NEW ZEALAND DOLLAR - CHICAGO MERCANTILE EXCHANGE,29422,5211,2712,29577,36889,2012-02-21,24211,-26865
2012-02-28T00:00:00.000,NEW ZEALAND DOLLAR - CHICAGO MERCANTILE EXCHANGE,27006,4892,3110,28059,35159,2012-02-28,22114,-24949
2012-03-06T00:00:00.000,NEW ZEALAND DOLLAR - CHICAGO MERCANTILE EXCHANGE,23506,6718,2039,20754,29950,2012-03-06,16788,-18715
2012-03-13T00:00:00.000,NEW ZEALAND DOLLAR - CHICAGO MERCANTILE EXCHANGE,19223,6000,5280,20713,32911,2012-03-13,13223,-15433
2012-03-20T00:00:00.000,NEW ZEALAND DOLLAR - CHICAGO MERCANTILE EXCHANGE,14686,10476,2300,7757,20288,2012-03-20,4210,-5457
2012-03-27T00:00:00.000,NEW ZEALAND DOLLAR - CHICAGO MERCANTILE EXCHANGE,14046,10062,2594,8703,20247,2012-03-27,3984,-6109
2012-04-03T00:00:00.000,NEW ZEALAND DOLLAR - CHICAGO MERCANTILE EXCHANGE,14477,8631,2543,10403,20753,2012-04-03,5846,-7860
2012-04-10T00:00:00.000,NEW ZEALAND DOLLAR - CHICAGO MERCANTILE EXCHANGE,15433,8263,2835,11762,21802,2012-04-10,7170,-8927
2012-04-17T00:00:00.000,NEW ZEALAND DOLLAR - CHICAGO MERCANTILE EXCHANGE,16999,5060,3151,17201,23952,2012-04-17,11939,-14050
2012-04-24T00:00:00.000,NEW ZEALAND DOLLAR - CHICAGO MERCANTILE EXCHANGE,13984,4498,1304,13030,19126,2012-04-24,9486,-11726
2012-05-01T00:00:00.000,NEW ZEALAND DOLLAR - CHICAGO MERCANTILE EXCHANGE,12155,4130,3302,14182,19815,2012-05-01,8025,-10880
2012-05-08T00:00:00.000,NEW ZEALAND DOLLAR - CHICAGO MERCANTILE EXCHANGE,11688,5464,3427,9902,17969,2012-05-08,6224,-6475
2012-05-15T00:00:00.000,NEW ZEALAND DOLLAR - CHICAGO MERCANTILE EXCHANGE,9124,6527,5462,8723,17263,2012-05-15,2597,-3261
2012-05-22T00:00:00.000,NEW ZEALAND DOLLAR - CHICAGO MERCANTILE EXCHANGE,8418,9927,11398,8145,21439,2012-05-22,-1509,3253
2012-05-29T00:00:00.000,NEW ZEALAND DOLLAR - CHICAGO MERCANTILE EXCHANGE,5798,11006,13817,7012,21453,2012-05-29,-5208,6805
2012-06-05T00:00:00.000,NEW ZEALAND DOLLAR - CHICAGO MERCANTILE EXCHANGE,6575,12105,13207,6024,21530,2012-06-05,-5530,7183
2012-06-12T00:00:00.000,NEW ZEALAND DOLLAR - CHICAGO MERCANTILE EXCHANGE,6640,10525,18395,12864,27485,2012-06-12,-3885,5531
2012-06-19T00:00:00.000,NEW ZEALAND DOLLAR - CHICAGO MERCANTILE EXCHANGE,3564,5777,6587,4245,12612,2012-06-19,-2213,2342
2012-06-26T00:00:00.000,NEW ZEALAND DOLLAR - CHICAGO MERCANTILE EXCHANGE,6108,5532,7651,8737,16601,2012-06-26,576,-1086
2012-07-03T00:00:00.000,NEW ZEALAND DOLLAR - CHICAGO MERCANTILE EXCHANGE,9862,5542,7158,12967,20483,2012-07-03,4320,-5809
2012-07-10T00:00:00.000,NEW ZEALAND DOLLAR - CHICAGO MERCANTILE EXCHANGE,11434,5843,7057,14771,22356,2012-07-10,5591,-7714
2012-07-17T00:00:00.000,NEW ZEALAND DOLLAR - CHICAGO MERCANTILE EXCHANGE,10986,4047,8749,17052,23328,2012-07-17,6939,-8303
2012-07-24T00:00:00.000,NEW ZEALAND DOLLAR - CHICAGO MERCANTILE EXCHANGE,11703,3924,8382,17039,23206,2012-07-24,7779,-8657
2012-07-31T00:00:00.000,NEW ZEALAND DOLLAR - CHICAGO MERCANTILE EXCHANGE,13659,3312,7151,19684,24967,2012-07-31,10347,-12533
2012-08-07T00:00:00.000,NEW ZEALAND DOLLAR - CHICAGO MERCANTILE EXCHANGE,17808,3220,6619,23871,28945,2012-08-07,14588,-17252
2012-08-14T00:00:00.000,NEW ZEALAND DOLLAR - CHICAGO MERCANTILE EXCHANGE,18273,3026,7482,25208,30100,2012-08-14,15247,-17726
2012-08-21T00:00:00.000,NEW ZEALAND DOLLAR - CHICAGO MERCANTILE EXCHANGE,19835,3463,7596,26527,31984,2012-08-21,16372,-18931
2012-08-28T00:00:00.000,NEW ZEALAND DOLLAR - CHICAGO MERCANTILE EXCHANGE,18215,3986,9294,25514,31374,2012-08-28,14229,-16220
2012-09-04T00:00:00.000,NEW ZEALAND DOLLAR - CHICAGO MERCANTILE EXCHANGE,14815,3414,7271,19836,25393,2012-09-04,11401,-12565
2012-09-11T00:00:00.000,NEW ZEALAND DOLLAR - CHICAGO MERCANTILE EXCHANGE,13641,3609,8115,20781,27152,2012-09-11,10032,-12666
2012-09-18T00:00:00.000,NEW ZEALAND DOLLAR - CHICAGO MERCANTILE EXCHANGE,20402,3797,4067,23695,29331,2012-09-18,16605,-19628
2012-09-25T00:00:00.000,NEW ZEALAND DOLLAR - CHICAGO MERCANTILE EXCHANGE,23389,3424,3973,27511,32787,2012-09-25,19965,-23538
2012-10-02T00:00:00.000,NEW ZEALAND DOLLAR - CHICAGO MERCANTILE EXCHANGE,25298,3917,3456,28120,34171,2012-10-02,21381,-24664
2012-10-09T00:00:00.000,NEW ZEALAND DOLLAR - CHICAGO MERCANTILE EXCHANGE,21075,4365,3857,24123,30497,2012-10-09,16710,-20266
2012-10-16T00:00:00.000,NEW ZEALAND DOLLAR - CHICAGO MERCANTILE EXCHANGE,20646,4362,3950,23402,29486,2012-10-16,16284,-19452
2012-10-23T00:00:00.000,NEW ZEALAND DOLLAR - CHICAGO MERCANTILE EXCHANGE,20528,4179,4011,22716,29136,2012-10-23,16349,-18705
2012-10-30T00:00:00.000,NEW ZEALAND DOLLAR - CHICAGO MERCANTILE EXCHANGE,20849,4104,5473,24721,31020,2012-10-30,16745,-19248
2012-11-06T00:00:00.000,NEW ZEALAND DOLLAR - CHICAGO MERCANTILE EXCHANGE,24440,5052,5508,28113,35323,2012-11-06,19388,-22605
2012-11-13T00:00:00.000,NEW ZEALAND DOLLAR - CHICAGO MERCANTILE EXCHANGE,23692,4498,5019,26577,33252,2012-11-13,19194,-21558
2012-11-20T00:00:00.000,NEW ZEALAND DOLLAR - CHICAGO MERCANTILE EXCHANGE,21436,3578,4087,23693,29757,2012-11-20,17858,-19606
2012-11-27T00:00:00.000,NEW ZEALAND DOLLAR - CHICAGO MERCANTILE EXCHANGE,21653,2943,5539,26972,31901,2012-11-27,18710,-21433
2012-12-04T00:00:00.000,NEW ZEALAND DOLLAR - CHICAGO MERCANTILE EXCHANGE,23272,2184,3771,27225,32167,2012-12-04,21088,-23454
2012-12-11T00:00:00.000,NEW ZEALAND DOLLAR - CHICAGO MERCANTILE EXCHANGE,29560,4960,2845,31436,41381,2012-12-11,24600,-28591
2012-12-18T00:00:00.000,NEW ZEALAND DOLLAR - CHICAGO MERCANTILE EXCHANGE,31830,17600,4529,22939,42446,2012-12-18,14230,-18410
2012-12-24T00:00:00.000,NEW ZEALAND DOLLAR - CHICAGO MERCANTILE EXCHANGE,27425,12686,5177,25784,40135,2012-12-24,14739,-20607
2012-12-31T00:00:00.000,NEW ZEALAND DOLLAR - CHICAGO MERCANTILE EXCHANGE,25832,8750,4147,23921,34531,2012-12-31,17082,-19774
2013-01-08T00:00:00.000,NEW ZEALAND DOLLAR - CHICAGO MERCANTILE EXCHANGE,26635,7415,4735,26913,36531,2013-01-08,19220,-22178
2013-01-15T00:00:00.000,NEW ZEALAND DOLLAR - CHICAGO MERCANTILE EXCHANGE,29920,7658,3202,28841,38654,2013-01-15,22262,-25639
2013-01-22T00:00:00.000,NEW ZEALAND DOLLAR - CHICAGO MERCANTILE EXCHANGE,28815,5283,2733,29667,37179,2013-01-22,23532,-26934
2013-01-29T00:00:00.000,NEW ZEALAND DOLLAR - CHICAGO MERCANTILE EXCHANGE,26830,5014,3271,28344,35480,2013-01-29,21816,-25073
2013-02-05T00:00:00.000,NEW ZEALAND DOLLAR - CHICAGO MERCANTILE EXCHANGE,26343,3643,3054,29818,37058,2013-02-05,22700,-26764
2013-02-12T00:00:00.000,NEW ZEALAND DOLLAR - CHICAGO MERCANTILE EXCHANGE,24898,3560,3018,27701,35107,2013-02-12,21338,-24683
2013-02-19T00:00:00.000,NEW ZEALAND DOLLAR - CHICAGO MERCANTILE EXCHANGE,28153,3460,3192,31128,37555,2013-02-19,24693,-27936
2013-02-26T00:00:00.000,NEW ZEALAND DOLLAR - CHICAGO MERCANTILE EXCHANGE,23570,3273,2987,24627,32864,2013-02-26,20297,-21640
2013-03-05T00:00:00.000,NEW ZEALAND DOLLAR - CHICAGO MERCANTILE EXCHANGE,23812,4768,3391,23741,31547,2013-03-05,19044,-20350
2013-03-12T00:00:00.000,NEW ZEALAND DOLLAR - CHICAGO MERCANTILE EXCHANGE,24250,4900,3591,24022,32813,2013-03-12,19350,-20431
2013-03-19T00:00:00.000,NEW ZEALAND DOLLAR - CHICAGO MERCANTILE EXCHANGE,23384,10907,2269,15389,28933,2013-03-19,12477,-13120
2013-03-26T00:00:00.000,NEW ZEALAND DOLLAR - CHICAGO MERCANTILE EXCHANGE,27946,11030,1943,21484,34922,2013-03-26,16916,-19541
2013-04-02T00:00:00.000,NEW ZEALAND DOLLAR - CHICAGO MERCANTILE EXCHANGE,31358,12971,2885,23660,39229,2013-04-02,18387,-20775
2013-04-09T00:00:00.000,NEW ZEALAND DOLLAR - CHICAGO MERCANTILE EXCHANGE,35358,10208,2234,28924,42549,2013-04-09,25150,-26690
2013-04-16T00:00:00.000,NEW ZEALAND DOLLAR - CHICAGO MERCANTILE EXCHANGE,39986,9178,2030,34561,46640,2013-04-16,30808,-32531
2013-04-23T00:00:00.000,NEW ZEALAND DOLLAR - CHICAGO MERCANTILE EXCHANGE,38027,10322,2374,31703,45127,2013-04-23,27705,-29329
2013-04-30T00:00:00.000,NEW ZEALAND DOLLAR - CHICAGO MERCANTILE EXCHANGE,38184,9134,2743,34388,46571,2013-04-30,29050,-31645
2013-05-07T00:00:00.000,NEW ZEALAND DOLLAR - CHICAGO MERCANTILE EXCHANGE,37775,9239,3069,33070,46005,2013-05-07,28536,-30001
2013-05-14T00:00:00.000,NEW ZEALAND DOLLAR - CHICAGO MERCANTILE EXCHANGE,30436,7220,3428,26128,37320,2013-05-14,23216,-22700
2013-05-21T00:00:00.000,NEW ZEALAND DOLLAR - CHICAGO MERCANTILE EXCHANGE,23978,6196,5914,19888,32833,2013-05-21,17782,-13974
2013-05-28T00:00:00.000,NEW ZEALAND DOLLAR - CHICAGO MERCANTILE EXCHANGE,19666,5655,7407,19788,29377,2013-05-28,14011,-12381
2013-06-04T00:00:00.000,NEW ZEALAND DOLLAR - CHICAGO MERCANTILE EXCHANGE,11700,5687,11883,15641,25530,2013-06-04,6013,-3758
2013-06-11T00:00:00.000,NEW ZEALAND DOLLAR - CHICAGO MERCANTILE EXCHANGE,8940,6287,15339,15573,26293,2013-06-11,2653,-234
2013-06-18T00:00:00.000,NEW ZEALAND DOLLAR - CHICAGO MERCANTILE EXCHANGE,8469,6343,1511,1543,11742,2013-06-18,2126,-32
2013-06-25T00:00:00.000,NEW ZEALAND DOLLAR - CHICAGO MERCANTILE EXCHANGE,5377,6088,4617,1357,11632,2013-06-25,-711,3260
2013-07-02T00:00:00.000,NEW ZEALAND DOLLAR - CHICAGO MERCANTILE EXCHANGE,5288,6462,5151,1481,12384,2013-07-02,-1174,3670
2013-07-09T00:00:00.000,NEW ZEALAND DOLLAR - CHICAGO MERCANTILE EXCHANGE,5390,6398,5003,1494,12512,2013-07-09,-1008,3509
2013-07-16T00:00:00.000,NEW ZEALAND DOLLAR - CHICAGO MERCANTILE EXCHANGE,4224,6968,6403,1656,12904,2013-07-16,-2744,4747
2013-07-23T00:00:00.000,NEW ZEALAND DOLLAR - CHICAGO MERCANTILE EXCHANGE,4517,6363,6125,2243,12613,2013-07-23,-1846,3882
2013-07-30T00:00:00.000,NEW ZEALAND DOLLAR - CHICAGO MERCANTILE EXCHANGE,5593,6113,3916,2747,12153,2013-07-30,-520,1169
2013-08-06T00:00:00.000,NEW ZEALAND DOLLAR - CHICAGO MERCANTILE EXCHANGE,4595,6134,4667,1899,11572,2013-08-06,-1539,2768
2013-08-13T00:00:00.000,NEW ZEALAND DOLLAR - CHICAGO MERCANTILE EXCHANGE,6632,6435,2725,2607,11976,2013-08-13,197,118
2013-08-20T00:00:00.000,NEW ZEALAND DOLLAR - CHICAGO MERCANTILE EXCHANGE,9760,7370,1066,3612,13500,2013-08-20,2390,-2546
2013-08-27T00:00:00.000,NEW ZEALAND DOLLAR - CHICAGO MERCANTILE EXCHANGE,7463,7211,2092,2292,12193,2013-08-27,252,-200
2013-09-03T00:00:00.000,NEW ZEALAND DOLLAR - CHICAGO MERCANTILE EXCHANGE,6384,7181,4609,2732,13105,2013-09-03,-797,1877
2013-09-10T00:00:00.000,NEW ZEALAND DOLLAR - CHICAGO MERCANTILE EXCHANGE,8068,8669,4501,3656,15097,2013-09-10,-601,845
2013-09-17T00:00:00.000,NEW ZEALAND DOLLAR - CHICAGO MERCANTILE EXCHANGE,12463,6806,913,7042,15842,2013-09-17,5657,-6129
2013-09-24T00:00:00.000,NEW ZEALAND DOLLAR - CHICAGO MERCANTILE EXCHANGE,15470,7415,845,10382,19621,2013-09-24,8055,-9537
2013-10-01T00:00:00.000,NEW ZEALAND DOLLAR - CHICAGO MERCANTILE EXCHANGE,17706,6815,911,14017,22577,2013-10-01,10891,-13106
2013-10-08T00:00:00.000,NEW ZEALAND DOLLAR - CHICAGO MERCANTILE EXCHANGE,18343,7577,1074,13650,23230,2013-10-08,10766,-12576
2013-10-15T00:00:00.000,NEW ZEALAND DOLLAR - CHICAGO MERCANTILE EXCHANGE,19379,6711,1317,16118,24608,2013-10-15,12668,-14801
2013-10-22T00:00:00.000,NEW ZEALAND DOLLAR - CHICAGO MERCANTILE EXCHANGE,21349,8235,1634,17331,27336,2013-10-22,13114,-15697
2013-10-29T00:00:00.000,NEW ZEALAND DOLLAR - CHICAGO MERCANTILE EXCHANGE,17705,7080,1964,14552,23564,2013-10-29,10625,-12588
2013-11-05T00:00:00.000,NEW ZEALAND DOLLAR - CHICAGO MERCANTILE EXCHANGE,16937,7229,1603,12732,22367,2013-11-05,9708,-11129
2013-11-12T00:00:00.000,NEW ZEALAND DOLLAR - CHICAGO MERCANTILE EXCHANGE,16814,6448,1664,13288,21996,2013-11-12,10366,-11624
2013-11-19T00:00:00.000,NEW ZEALAND DOLLAR - CHICAGO MERCANTILE EXCHANGE,18940,6464,1910,15519,24450,2013-11-19,12476,-13609
2013-11-26T00:00:00.000,NEW ZEALAND DOLLAR - CHICAGO MERCANTILE EXCHANGE,16064,5815,1352,12825,20919,2013-11-26,10249,-11473
2013-12-03T00:00:00.000,NEW ZEALAND DOLLAR - CHICAGO MERCANTILE EXCHANGE,13660,6021,1069,9785,18318,2013-12-03,7639,-8716
2013-12-10T00:00:00.000,NEW ZEALAND DOLLAR - CHICAGO MERCANTILE EXCHANGE,13183,4630,1803,12497,19953,2013-12-10,8553,-10694
2013-12-17T00:00:00.000,NEW ZEALAND DOLLAR - CHICAGO MERCANTILE EXCHANGE,12842,7169,871,8217,17939,2013-12-17,5673,-7346
2013-12-24T00:00:00.000,NEW ZEALAND DOLLAR - CHICAGO MERCANTILE EXCHANGE,13899,7443,880,9060,18668,2013-12-24,6456,-8180
2013-12-31T00:00:00.000,NEW ZEALAND DOLLAR - CHICAGO MERCANTILE EXCHANGE,14198,7491,693,9170,18748,2013-12-31,6707,-8477
2014-01-07T00:00:00.000,NEW ZEALAND DOLLAR - CHICAGO MERCANTILE EXCHANGE,14803,6937,922,10754,20039,2014-01-07,7866,-9832
2014-01-14T00:00:00.000,NEW ZEALAND DOLLAR - CHICAGO MERCANTILE EXCHANGE,17539,7925,1117,12629,22870,2014-01-14,9614,-11512
2014-01-21T00:00:00.000,NEW ZEALAND DOLLAR - CHICAGO MERCANTILE EXCHANGE,17330,8774,1258,11346,22817,2014-01-21,8556,-10088
2014-01-28T00:00:00.000,NEW ZEALAND DOLLAR - CHICAGO MERCANTILE EXCHANGE,16606,6921,947,11872,21796,2014-01-28,9685,-10925
2014-02-04T00:00:00.000,NEW ZEALAND DOLLAR - CHICAGO MERCANTILE EXCHANGE,14588,6556,1732,10020,20098,2014-02-04,8032,-8288
2014-02-11T00:00:00.000,NEW ZEALAND DOLLAR - CHICAGO MERCANTILE EXCHANGE,13176,5535,2021,10674,19085,2014-02-11,7641,-8653
2014-02-18T00:00:00.000,NEW ZEALAND DOLLAR - CHICAGO MERCANTILE EXCHANGE,15331,6425,1872,12362,21516,2014-02-18,8906,-10490
2014-02-25T00:00:00.000,NEW ZEALAND DOLLAR - CHICAGO MERCANTILE EXCHANGE,16529,5547,1367,13877,22142,2014-02-25,10982,-12510
2014-03-04T00:00:00.000,NEW ZEALAND DOLLAR - CHICAGO MERCANTILE EXCHANGE,19346,5914,1291,16808,25616,2014-03-04,13432,-15517
2014-03-11T00:00:00.000,NEW ZEALAND DOLLAR - CHICAGO MERCANTILE EXCHANGE,21155,6706,1586,17882,31905,2014-03-11,14449,-16296
2014-03-18T00:00:00.000,NEW ZEALAND DOLLAR - CHICAGO MERCANTILE EXCHANGE,24645,8894,1243,19745,31463,2014-03-18,15751,-18502
2014-03-25T00:00:00.000,NEW ZEALAND DOLLAR - CHICAGO MERCANTILE EXCHANGE,26243,8030,1234,22092,32748,2014-03-25,18213,-20858
2014-04-01T00:00:00.000,NEW ZEALAND DOLLAR - CHICAGO MERCANTILE EXCHANGE,25765,7285,1439,22307,32313,2014-04-01,18480,-20868
2014-04-08T00:00:00.000,NEW ZEALAND DOLLAR - CHICAGO MERCANTILE EXCHANGE,26521,6755,1477,23279,32898,2014-04-08,19766,-21802
2014-04-15T00:00:00.000,NEW ZEALAND DOLLAR - CHICAGO MERCANTILE EXCHANGE,26671,6824,1477,23326,33100,2014-04-15,19847,-21849
2014-04-22T00:00:00.000,NEW ZEALAND DOLLAR - CHICAGO MERCANTILE EXCHANGE,26056,5881,1532,24018,32579,2014-04-22,20175,-22486
2014-04-29T00:00:00.000,NEW ZEALAND DOLLAR - CHICAGO MERCANTILE EXCHANGE,22979,4499,1791,22364,29858,2014-04-29,18480,-20573
2014-05-06T00:00:00.000,NEW ZEALAND DOLLAR - CHICAGO MERCANTILE EXCHANGE,25027,4334,2686,24207,33025,2014-05-06,20693,-21521
2014-05-13T00:00:00.000,NEW ZEALAND DOLLAR - CHICAGO MERCANTILE EXCHANGE,23806,4466,2439,23434,30932,2014-05-13,19340,-20995
2014-05-20T00:00:00.000,NEW ZEALAND DOLLAR - CHICAGO MERCANTILE EXCHANGE,22486,4892,3565,23040,30556,2014-05-20,17594,-19475
2014-05-27T00:00:00.000,NEW ZEALAND DOLLAR - CHICAGO MERCANTILE EXCHANGE,22034,4090,3654,23716,30649,2014-05-27,17944,-20062
2014-06-03T00:00:00.000,NEW ZEALAND DOLLAR - CHICAGO MERCANTILE EXCHANGE,22400,4869,2986,21608,30066,2014-06-03,17531,-18622
2014-06-10T00:00:00.000,NEW ZEALAND DOLLAR - CHICAGO MERCANTILE EXCHANGE,20401,3546,5419,23502,32946,2014-06-10,16855,-18083
2014-06-17T00:00:00.000,NEW ZEALAND DOLLAR - CHICAGO MERCANTILE EXCHANGE,21671,17938,2667,7656,28467,2014-06-17,3733,-4989
2014-06-24T00:00:00.000,NEW ZEALAND DOLLAR - CHICAGO MERCANTILE EXCHANGE,24855,18703,2739,9621,31415,2014-06-24,6152,-6882
2014-07-01T00:00:00.000,NEW ZEALAND DOLLAR - CHICAGO MERCANTILE EXCHANGE,26563,17578,2890,12759,33455,2014-07-01,8985,-9869
2014-07-08T00:00:00.000,NEW ZEALAND DOLLAR - CHICAGO MERCANTILE EXCHANGE,26750,12334,1959,16826,36123,2014-07-08,14416,-14867
2014-07-15T00:00:00.000,NEW ZEALAND DOLLAR - CHICAGO MERCANTILE EXCHANGE,26570,11117,2140,17414,32879,2014-07-15,15453,-15274
2014-07-22T00:00:00.000,NEW ZEALAND DOLLAR - CHICAGO MERCANTILE EXCHANGE,26028,10896,2581,18458,32728,2014-07-22,15132,-15877
2014-07-29T00:00:00.000,NEW ZEALAND DOLLAR - CHICAGO MERCANTILE EXCHANGE,23552,8263,2884,19439,30531,2014-07-29,15289,-16555
2014-08-05T00:00:00.000,NEW ZEALAND DOLLAR - CHICAGO MERCANTILE EXCHANGE,18949,4449,3057,18339,25603,2014-08-05,14500,-15282
2014-08-12T00:00:00.000,NEW ZEALAND DOLLAR - CHICAGO MERCANTILE EXCHANGE,17913,4484,3376,17731,25214,2014-08-12,13429,-14355
2014-08-19T00:00:00.000,NEW ZEALAND DOLLAR - CHICAGO MERCANTILE EXCHANGE,16796,4764,3600,16042,24048,2014-08-19,12032,-12442
2014-08-26T00:00:00.000,NEW ZEALAND DOLLAR - CHICAGO MERCANTILE EXCHANGE,16405,4564,3483,16020,23619,2014-08-26,11841,-12537
2014-09-02T00:00:00.000,NEW ZEALAND DOLLAR - CHICAGO MERCANTILE EXCHANGE,15623,5451,4328,14831,23319,2014-09-02,10172,-10503
2014-09-09T00:00:00.000,NEW ZEALAND DOLLAR - CHICAGO MERCANTILE EXCHANGE,14369,4847,5346,15048,24920,2014-09-09,9522,-9702
2014-09-16T00:00:00.000,NEW ZEALAND DOLLAR - CHICAGO MERCANTILE EXCHANGE,9814,8694,3703,3664,16050,2014-09-16,1120,39
2014-09-23T00:00:00.000,NEW ZEALAND DOLLAR - CHICAGO MERCANTILE EXCHANGE,9779,7938,3664,3873,16146,2014-09-23,1841,-209
2014-09-30T00:00:00.000,NEW ZEALAND DOLLAR - CHICAGO MERCANTILE EXCHANGE,10092,10028,5356,3214,18209,2014-09-30,64,2142
2014-10-07T00:00:00.000,NEW ZEALAND DOLLAR - CHICAGO MERCANTILE EXCHANGE,10052,10152,6708,4345,19214,2014-10-07,-100,2363
2014-10-14T00:00:00.000,NEW ZEALAND DOLLAR - CHICAGO MERCANTILE EXCHANGE,9171,11555,9967,4482,21317,2014-10-14,-2384,5485
2014-10-21T00:00:00.000,NEW ZEALAND DOLLAR - CHICAGO MERCANTILE EXCHANGE,8526,10858,10519,4654,21311,2014-10-21,-2332,5865
2014-10-28T00:00:00.000,NEW ZEALAND DOLLAR - CHICAGO MERCANTILE EXCHANGE,8506,12404,10951,4390,22023,2014-10-28,-3898,6561
2014-11-04T00:00:00.000,NEW ZEALAND DOLLAR - CHICAGO MERCANTILE EXCHANGE,9737,13846,11941,3892,23716,2014-11-04,-4109,8049
2014-11-11T00:00:00.000,NEW ZEALAND DOLLAR - CHICAGO MERCANTILE EXCHANGE,9244,10233,8368,3957,19809,2014-11-11,-989,4411
2014-11-18T00:00:00.000,NEW ZEALAND DOLLAR - CHICAGO MERCANTILE EXCHANGE,9134,10381,8111,4159,19907,2014-11-18,-1247,3952
2014-11-25T00:00:00.000,NEW ZEALAND DOLLAR - CHICAGO MERCANTILE EXCHANGE,9630,11924,8276,3708,21096,2014-11-25,-2294,4568
2014-12-02T00:00:00.000,NEW ZEALAND DOLLAR - CHICAGO MERCANTILE EXCHANGE,9272,10952,8156,3848,20448,2014-12-02,-1680,4308
2014-12-09T00:00:00.000,NEW ZEALAND DOLLAR - CHICAGO MERCANTILE EXCHANGE,9786,12081,10974,5042,23550,2014-12-09,-2295,5932
2014-12-16T00:00:00.000,NEW ZEALAND DOLLAR - CHICAGO MERCANTILE EXCHANGE,9865,10504,5858,2611,18447,2014-12-16,-639,3247
2014-12-23T00:00:00.000,NEW ZEALAND DOLLAR - CHICAGO MERCANTILE EXCHANGE,9786,11194,7099,2655,19295,2014-12-23,-1408,4444
2014-12-30T00:00:00.000,NEW ZEALAND DOLLAR - CHICAGO MERCANTILE EXCHANGE,8236,10082,6733,2636,18071,2014-12-30,-1846,4097
2015-01-06T00:00:00.000,NEW ZEALAND DOLLAR - CHICAGO MERCANTILE EXCHANGE,9865,10772,6679,2816,19437,2015-01-06,-907,3863
2015-01-13T00:00:00.000,NEW ZEALAND DOLLAR - CHICAGO MERCANTILE EXCHANGE,8396,10172,9158,3839,21064,2015-01-13,-1776,5319
2015-01-20T00:00:00.000,NEW ZEALAND DOLLAR - CHICAGO MERCANTILE EXCHANGE,10941,12758,7997,4228,22818,2015-01-20,-1817,3769
2015-01-27T00:00:00.000,NEW ZEALAND DOLLAR - CHICAGO MERCANTILE EXCHANGE,11908,15567,11093,3581,25594,2015-01-27,-3659,7512
2015-02-03T00:00:00.000,NEW ZEALAND DOLLAR - CHICAGO MERCANTILE EXCHANGE,10537,15034,13108,3821,25687,2015-02-03,-4497,9287
2015-02-10T00:00:00.000,NEW ZEALAND DOLLAR - CHICAGO MERCANTILE EXCHANGE,9272,15472,15243,4125,26593,2015-02-10,-6200,11118
2015-02-17T00:00:00.000,NEW ZEALAND DOLLAR - CHICAGO MERCANTILE EXCHANGE,10021,15774,14702,4543,27700,2015-02-17,-5753,10159
2015-02-24T00:00:00.000,NEW ZEALAND DOLLAR - CHICAGO MERCANTILE EXCHANGE,11107,15437,13392,4561,27328,2015-02-24,-4330,8831
2015-03-03T00:00:00.000,NEW ZEALAND DOLLAR - CHICAGO MERCANTILE EXCHANGE,14597,15964,9773,4434,27610,2015-03-03,-1367,5339
2015-03-10T00:00:00.000,NEW ZEALAND DOLLAR - CHICAGO MERCANTILE EXCHANGE,13347,15827,11646,4560,29726,2015-03-10,-2480,7086
2015-03-17T00:00:00.000,NEW ZEALAND DOLLAR - CHICAGO MERCANTILE EXCHANGE,13117,14258,7155,2711,23317,2015-03-17,-1141,4444
2015-03-24T00:00:00.000,NEW ZEALAND DOLLAR - CHICAGO MERCANTILE EXCHANGE,12149,13015,5470,2413,20958,2015-03-24,-866,3057
2015-03-31T00:00:00.000,NEW ZEALAND DOLLAR - CHICAGO MERCANTILE EXCHANGE,16443,12412,4473,5776,24049,2015-03-31,4031,-1303
2015-04-07T00:00:00.000,NEW ZEALAND DOLLAR - CHICAGO MERCANTILE EXCHANGE,16950,11172,4489,8929,24920,2015-04-07,5778,-4440
2015-04-14T00:00:00.000,NEW ZEALAND DOLLAR - CHICAGO MERCANTILE EXCHANGE,17081,11078,4579,9134,25176,2015-04-14,6003,-4555
2015-04-21T00:00:00.000,NEW ZEALAND DOLLAR - CHICAGO MERCANTILE EXCHANGE,18473,9985,4241,11950,26617,2015-04-21,8488,-7709
2015-04-28T00:00:00.000,NEW ZEALAND DOLLAR - CHICAGO MERCANTILE EXCHANGE,18281,8101,5134,15431,28071,2015-04-28,10180,-10297
2015-05-05T00:00:00.000,NEW ZEALAND DOLLAR - CHICAGO MERCANTILE EXCHANGE,19585,10521,4813,13039,28379,2015-05-05,9064,-8226
2015-05-12T00:00:00.000,NEW ZEALAND DOLLAR - CHICAGO MERCANTILE EXCHANGE,14268,12498,7678,8233,25525,2015-05-12,1770,-555
2015-05-19T00:00:00.000,NEW ZEALAND DOLLAR - CHICAGO MERCANTILE EXCHANGE,11192,13423,11720,8044,26331,2015-05-19,-2231,3676
2015-05-26T00:00:00.000,NEW ZEALAND DOLLAR - CHICAGO MERCANTILE EXCHANGE,10426,15513,14925,7265,28514,2015-05-26,-5087,7660
2015-06-02T00:00:00.000,NEW ZEALAND DOLLAR - CHICAGO MERCANTILE EXCHANGE,9432,19971,19500,6313,33005,2015-06-02,-10539,13187
2015-06-09T00:00:00.000,NEW ZEALAND DOLLAR - CHICAGO MERCANTILE EXCHANGE,11097,22892,21258,6226,36911,2015-06-09,-11795,15032
2015-06-16T00:00:00.000,NEW ZEALAND DOLLAR - CHICAGO MERCANTILE EXCHANGE,19382,28550,14652,1954,37169,2015-06-16,-9168,12698
2015-06-23T00:00:00.000,NEW ZEALAND DOLLAR - CHICAGO MERCANTILE EXCHANGE,19661,33224,19844,2338,42911,2015-06-23,-13563,17506
2015-06-30T00:00:00.000,NEW ZEALAND DOLLAR - CHICAGO MERCANTILE EXCHANGE,16949,33015,22781,2618,43256,2015-06-30,-16066,20163
2015-07-07T00:00:00.000,NEW ZEALAND DOLLAR - CHICAGO MERCANTILE EXCHANGE,14679,33027,24535,2371,42873,2015-07-07,-18348,22164
2015-07-14T00:00:00.000,NEW ZEALAND DOLLAR - CHICAGO MERCANTILE EXCHANGE,13504,33158,25907,2370,42311,2015-07-14,-19654,23537
2015-07-21T00:00:00.000,NEW ZEALAND DOLLAR - CHICAGO MERCANTILE EXCHANGE,13200,29154,22843,2306,38544,2015-07-21,-15954,20537
2015-07-28T00:00:00.000,NEW ZEALAND DOLLAR - CHICAGO MERCANTILE EXCHANGE,13550,26315,21230,4189,37487,2015-07-28,-12765,17041
2015-08-04T00:00:00.000,NEW ZEALAND DOLLAR - CHICAGO MERCANTILE EXCHANGE,14391,26290,21363,5422,38530,2015-08-04,-11899,15941
2015-08-11T00:00:00.000,NEW ZEALAND DOLLAR - CHICAGO MERCANTILE EXCHANGE,13931,24503,20282,5906,36861,2015-08-11,-10572,14376
2015-08-18T00:00:00.000,NEW ZEALAND DOLLAR - CHICAGO MERCANTILE EXCHANGE,14012,23969,20025,6344,36523,2015-08-18,-9957,13681
2015-08-25T00:00:00.000,NEW ZEALAND DOLLAR - CHICAGO MERCANTILE EXCHANGE,15388,21451,15789,6103,33400,2015-08-25,-6063,9686
2015-09-01T00:00:00.000,NEW ZEALAND DOLLAR - CHICAGO MERCANTILE EXCHANGE,13543,21822,18292,6027,34339,2015-09-01,-8279,12265
2015-09-08T00:00:00.000,NEW ZEALAND DOLLAR - CHICAGO MERCANTILE EXCHANGE,11677,23497,22252,6572,38325,2015-09-08,-11820,15680
2015-09-15T00:00:00.000,NEW ZEALAND DOLLAR - CHICAGO MERCANTILE EXCHANGE,22462,24556,9043,3282,33352,2015-09-15,-2094,5761
2015-09-22T00:00:00.000,NEW ZEALAND DOLLAR - CHICAGO MERCANTILE EXCHANGE,22990,26519,11126,3286,35920,2015-09-22,-3529,7840
2015-09-29T00:00:00.000,NEW ZEALAND DOLLAR - CHICAGO MERCANTILE EXCHANGE,20995,24057,11339,4392,34105,2015-09-29,-3062,6947
2015-10-06T00:00:00.000,NEW ZEALAND DOLLAR - CHICAGO MERCANTILE EXCHANGE,18357,19328,11860,6426,31930,2015-10-06,-971,5434
2015-10-13T00:00:00.000,NEW ZEALAND DOLLAR - CHICAGO MERCANTILE EXCHANGE,18344,17652,8794,5958,29038,2015-10-13,692,2836
2015-10-20T00:00:00.000,NEW ZEALAND DOLLAR - CHICAGO MERCANTILE EXCHANGE,19447,15688,8216,9634,30142,2015-10-20,3759,-1418
2015-10-27T00:00:00.000,NEW ZEALAND DOLLAR - CHICAGO MERCANTILE EXCHANGE,20339,14750,9123,12152,31743,2015-10-27,5589,-3029
2015-11-03T00:00:00.000,NEW ZEALAND DOLLAR - CHICAGO MERCANTILE EXCHANGE,21266,14648,9013,13079,32539,2015-11-03,6618,-4066
2015-11-10T00:00:00.000,NEW ZEALAND DOLLAR - CHICAGO MERCANTILE EXCHANGE,21267,15703,9798,12013,33719,2015-11-10,5564,-2215
2015-11-17T00:00:00.000,NEW ZEALAND DOLLAR - CHICAGO MERCANTILE EXCHANGE,22219,16971,10212,11113,34899,2015-11-17,5248,-901
2015-11-24T00:00:00.000,NEW ZEALAND DOLLAR - CHICAGO MERCANTILE EXCHANGE,22603,18593,10292,10740,35099,2015-11-24,4010,-448
2015-12-01T00:00:00.000,NEW ZEALAND DOLLAR - CHICAGO MERCANTILE EXCHANGE,22881,18124,10658,12451,36623,2015-12-01,4757,-1793
2015-12-08T00:00:00.000,NEW ZEALAND DOLLAR - CHICAGO MERCANTILE EXCHANGE,24452,15571,10251,17357,38425,2015-12-08,8881,-7106
2015-12-15T00:00:00.000,NEW ZEALAND DOLLAR - CHICAGO MERCANTILE EXCHANGE,16346,15227,4713,4255,23626,2015-12-15,1119,458
2015-12-22T00:00:00.000,NEW ZEALAND DOLLAR - CHICAGO MERCANTILE EXCHANGE,14946,15167,6207,4514,24057,2015-12-22,-221,1693
2015-12-29T00:00:00.000,NEW ZEALAND DOLLAR - CHICAGO MERCANTILE EXCHANGE,14971,15117,6004,5148,24587,2015-12-29,-146,856
2016-01-05T00:00:00.000,NEW ZEALAND DOLLAR - CHICAGO MERCANTILE EXCHANGE,16842,15263,5142,5078,24928,2016-01-05,1579,64
2016-01-12T00:00:00.000,NEW ZEALAND DOLLAR - CHICAGO MERCANTILE EXCHANGE,17149,15608,5297,4977,25434,2016-01-12,1541,320
2016-01-19T00:00:00.000,NEW ZEALAND DOLLAR - CHICAGO MERCANTILE EXCHANGE,14938,17892,10398,4395,28114,2016-01-19,-2954,6003
2016-01-26T00:00:00.000,NEW ZEALAND DOLLAR - CHICAGO MERCANTILE EXCHANGE,15166,20566,12538,4207,30437,2016-01-26,-5400,8331
2016-02-02T00:00:00.000,NEW ZEALAND DOLLAR - CHICAGO MERCANTILE EXCHANGE,13492,21928,14585,4046,30979,2016-02-02,-8436,10539
2016-02-09T00:00:00.000,NEW ZEALAND DOLLAR - CHICAGO MERCANTILE EXCHANGE,13666,22805,16620,6621,33544,2016-02-09,-9139,9999
2016-02-16T00:00:00.000,NEW ZEALAND DOLLAR - CHICAGO MERCANTILE EXCHANGE,14465,22782,16161,6295,33596,2016-02-16,-8317,9866
2016-02-23T00:00:00.000,NEW ZEALAND DOLLAR - CHICAGO MERCANTILE EXCHANGE,15968,22583,13626,6031,32618,2016-02-23,-6615,7595
2016-03-01T00:00:00.000,NEW ZEALAND DOLLAR - CHICAGO MERCANTILE EXCHANGE,16593,20750,12386,6500,31473,2016-03-01,-4157,5886
2016-03-08T00:00:00.000,NEW ZEALAND DOLLAR - CHICAGO MERCANTILE EXCHANGE,20419,22419,9122,6897,34957,2016-03-08,-2000,2225
2016-03-15T00:00:00.000,NEW ZEALAND DOLLAR - CHICAGO MERCANTILE EXCHANGE,20524,19234,5082,4797,28451,2016-03-15,1290,285
2016-03-22T00:00:00.000,NEW ZEALAND DOLLAR - CHICAGO MERCANTILE EXCHANGE,19375,18358,4040,5493,27163,2016-03-22,1017,-1453
2016-03-29T00:00:00.000,NEW ZEALAND DOLLAR - CHICAGO MERCANTILE EXCHANGE,20255,18381,4700,6357,28248,2016-03-29,1874,-1657
2016-04-05T00:00:00.000,NEW ZEALAND DOLLAR - CHICAGO MERCANTILE EXCHANGE,20152,17249,4971,7764,28309,2016-04-05,2903,-2793
2016-04-12T00:00:00.000,NEW ZEALAND DOLLAR - CHICAGO MERCANTILE EXCHANGE,21472,17180,4666,8640,29575,2016-04-12,4292,-3974
2016-04-19T00:00:00.000,NEW ZEALAND DOLLAR - CHICAGO MERCANTILE EXCHANGE,22674,17323,4673,10632,31313,2016-04-19,5351,-5959
2016-04-26T00:00:00.000,NEW ZEALAND DOLLAR - CHICAGO MERCANTILE EXCHANGE,24459,17075,4851,14224,33789,2016-04-26,7384,-9373
2016-05-03T00:00:00.000,NEW ZEALAND DOLLAR - CHICAGO MERCANTILE EXCHANGE,25306,16106,6791,17334,36578,2016-05-03,9200,-10543
2016-05-10T00:00:00.000,NEW ZEALAND DOLLAR - CHICAGO MERCANTILE EXCHANGE,33573,24221,7951,17640,45419,2016-05-10,9352,-9689
2016-05-17T00:00:00.000,NEW ZEALAND DOLLAR - CHICAGO MERCANTILE EXCHANGE,32545,25857,7388,14213,43986,2016-05-17,6688,-6825
2016-05-24T00:00:00.000,NEW ZEALAND DOLLAR - CHICAGO MERCANTILE EXCHANGE,30414,25838,8040,12224,42189,2016-05-24,4576,-4184
2016-05-31T00:00:00.000,NEW ZEALAND DOLLAR - CHICAGO MERCANTILE EXCHANGE,31919,26415,9061,14500,44604,2016-05-31,5504,-5439
2016-06-07T00:00:00.000,NEW ZEALAND DOLLAR - CHICAGO MERCANTILE EXCHANGE,38562,30026,9710,19654,57750,2016-06-07,8536,-9944
2016-06-14T00:00:00.000,NEW ZEALAND DOLLAR - CHICAGO MERCANTILE EXCHANGE,29558,33376,7076,5538,41919,2016-06-14,-3818,1538
2016-06-21T00:00:00.000,NEW ZEALAND DOLLAR - CHICAGO MERCANTILE EXCHANGE,30013,33058,8232,7418,43562,2016-06-21,-3045,814
2016-06-28T00:00:00.000,NEW ZEALAND DOLLAR - CHICAGO MERCANTILE EXCHANGE,29798,32624,8594,8316,43462,2016-06-28,-2826,278
2016-07-05T00:00:00.000,NEW ZEALAND DOLLAR - CHICAGO MERCANTILE EXCHANGE,30606,32009,8336,8965,44234,2016-07-05,-1403,-629
2016-07-12T00:00:00.000,NEW ZEALAND DOLLAR - CHICAGO MERCANTILE EXCHANGE,31694,30683,7455,11110,44750,2016-07-12,1011,-3655
2016-07-19T00:00:00.000,NEW ZEALAND DOLLAR - CHICAGO MERCANTILE EXCHANGE,29156,26983,7029,11129,41199,2016-07-19,2173,-4100
2016-07-26T00:00:00.000,NEW ZEALAND DOLLAR - CHICAGO MERCANTILE EXCHANGE,26598,26383,8610,9833,39825,2016-07-26,215,-1223
2016-08-02T00:00:00.000,NEW ZEALAND DOLLAR - CHICAGO MERCANTILE EXCHANGE,27049,26832,7911,9898,40392,2016-08-02,217,-1987
2016-08-09T00:00:00.000,NEW ZEALAND DOLLAR - CHICAGO MERCANTILE EXCHANGE,28314,28927,7865,9045,41475,2016-08-09,-613,-1180
2016-08-16T00:00:00.000,NEW ZEALAND DOLLAR - CHICAGO MERCANTILE EXCHANGE,28980,29675,8865,9909,43268,2016-08-16,-695,-1044
2016-08-23T00:00:00.000,NEW ZEALAND DOLLAR - CHICAGO MERCANTILE EXCHANGE,29926,30804,9141,9758,44393,2016-08-23,-878,-617
2016-08-30T00:00:00.000,NEW ZEALAND DOLLAR - CHICAGO MERCANTILE EXCHANGE,31747,29854,8751,12285,46496,2016-08-30,1893,-3534
2016-09-06T00:00:00.000,NEW ZEALAND DOLLAR - CHICAGO MERCANTILE EXCHANGE,37243,31115,8475,16386,51939,2016-09-06,6128,-7911
2016-09-13T00:00:00.000,NEW ZEALAND DOLLAR - CHICAGO MERCANTILE EXCHANGE,34900,29771,10563,18029,61941,2016-09-13,5129,-7466
2016-09-20T00:00:00.000,NEW ZEALAND DOLLAR - CHICAGO MERCANTILE EXCHANGE,34778,42694,9079,3156,49526,2016-09-20,-7916,5923
2016-09-27T00:00:00.000,NEW ZEALAND DOLLAR - CHICAGO MERCANTILE EXCHANGE,34159,40952,9649,4995,49416,2016-09-27,-6793,4654
2016-10-04T00:00:00.000,NEW ZEALAND DOLLAR - CHICAGO MERCANTILE EXCHANGE,32224,40054,10859,5712,49242,2016-10-04,-7830,5147
2016-10-11T00:00:00.000,NEW ZEALAND DOLLAR - CHICAGO MERCANTILE EXCHANGE,30962,38698,10585,4586,47124,2016-10-11,-7736,5999
2016-10-18T00:00:00.000,NEW ZEALAND DOLLAR - CHICAGO MERCANTILE EXCHANGE,29513,29666,12805,13729,47413,2016-10-18,-153,-924
2016-10-25T00:00:00.000,NEW ZEALAND DOLLAR - CHICAGO MERCANTILE EXCHANGE,29504,29924,12928,13816,47257,2016-10-25,-420,-888
2016-11-01T00:00:00.000,NEW ZEALAND DOLLAR - CHICAGO MERCANTILE EXCHANGE,28557,29522,13015,13448,46788,2016-11-01,-965,-433
2016-11-08T00:00:00.000,NEW ZEALAND DOLLAR - CHICAGO MERCANTILE EXCHANGE,36124,33619,9833,14127,52113,2016-11-08,2505,-4294
2016-11-15T00:00:00.000,NEW ZEALAND DOLLAR - CHICAGO MERCANTILE EXCHANGE,33547,31504,9845,13582,48563,2016-11-15,2043,-3737
2016-11-22T00:00:00.000,NEW ZEALAND DOLLAR - CHICAGO MERCANTILE EXCHANGE,31779,32312,13359,13882,50007,2016-11-22,-533,-523
2016-11-29T00:00:00.000,NEW ZEALAND DOLLAR - CHICAGO MERCANTILE EXCHANGE,30231,32103,15554,13979,49885,2016-11-29,-1872,1575
2016-12-06T00:00:00.000,NEW ZEALAND DOLLAR - CHICAGO MERCANTILE EXCHANGE,27641,31593,16585,14267,48740,2016-12-06,-3952,2318
2016-12-13T00:00:00.000,NEW ZEALAND DOLLAR - CHICAGO MERCANTILE EXCHANGE,29402,33104,18064,15942,54226,2016-12-13,-3702,2122
2016-12-20T00:00:00.000,NEW ZEALAND DOLLAR - CHICAGO MERCANTILE EXCHANGE,28313,35266,9684,3149,41806,2016-12-20,-6953,6535
2016-12-27T00:00:00.000,NEW ZEALAND DOLLAR - CHICAGO MERCANTILE EXCHANGE,25448,36449,14716,2984,43266,2016-12-27,-11001,11732
2017-01-03T00:00:00.000,NEW ZEALAND DOLLAR - CHICAGO MERCANTILE EXCHANGE,25522,36935,15554,3414,44227,2017-01-03,-11413,12140
2017-01-10T00:00:00.000,NEW ZEALAND DOLLAR - CHICAGO MERCANTILE EXCHANGE,22989,36949,17423,3672,43936,2017-01-10,-13960,13751
2017-01-17T00:00:00.000,NEW ZEALAND DOLLAR - CHICAGO MERCANTILE EXCHANGE,25517,37805,16566,4544,45994,2017-01-17,-12288,12022
2017-01-24T00:00:00.000,NEW ZEALAND DOLLAR - CHICAGO MERCANTILE EXCHANGE,25851,35734,14606,5809,44940,2017-01-24,-9883,8797
2017-01-31T00:00:00.000,NEW ZEALAND DOLLAR - CHICAGO MERCANTILE EXCHANGE,32712,33734,13518,14149,51587,2017-01-31,-1022,-631
2017-02-07T00:00:00.000,NEW ZEALAND DOLLAR - CHICAGO MERCANTILE EXCHANGE,34860,33015,14090,17751,54073,2017-02-07,1845,-3661
2017-02-14T00:00:00.000,NEW ZEALAND DOLLAR - CHICAGO MERCANTILE EXCHANGE,36565,33689,14467,19525,56314,2017-02-14,2876,-5058
2017-02-21T00:00:00.000,NEW ZEALAND DOLLAR - CHICAGO MERCANTILE EXCHANGE,35252,32094,14632,19503,55082,2017-02-21,3158,-4871
2017-02-28T00:00:00.000,NEW ZEALAND DOLLAR - CHICAGO MERCANTILE EXCHANGE,37198,34261,14536,19877,57102,2017-02-28,2937,-5341
2017-03-07T00:00:00.000,NEW ZEALAND DOLLAR - CHICAGO MERCANTILE EXCHANGE,27207,31632,17135,14883,51405,2017-03-07,-4425,2252
2017-03-14T00:00:00.000,NEW ZEALAND DOLLAR - CHICAGO MERCANTILE EXCHANGE,19509,25114,11330,5927,34986,2017-03-14,-5605,5403
2017-03-21T00:00:00.000,NEW ZEALAND DOLLAR - CHICAGO MERCANTILE EXCHANGE,16599,29209,17942,4442,37898,2017-03-21,-12610,13500
2017-03-28T00:00:00.000,NEW ZEALAND DOLLAR - CHICAGO MERCANTILE EXCHANGE,16216,28845,18032,4663,37949,2017-03-28,-12629,13369
2017-04-04T00:00:00.000,NEW ZEALAND DOLLAR - CHICAGO MERCANTILE EXCHANGE,17009,31733,19914,4502,40904,2017-04-04,-14724,15412
2017-04-11T00:00:00.000,NEW ZEALAND DOLLAR - CHICAGO MERCANTILE EXCHANGE,19008,34161,20290,4320,43375,2017-04-11,-15153,15970
2017-04-18T00:00:00.000,NEW ZEALAND DOLLAR - CHICAGO MERCANTILE EXCHANGE,18320,33326,20734,4977,43061,2017-04-18,-15006,15757
2017-04-25T00:00:00.000,NEW ZEALAND DOLLAR - CHICAGO MERCANTILE EXCHANGE,18693,34097,21564,5009,43947,2017-04-25,-15404,16555
2017-05-02T00:00:00.000,NEW ZEALAND DOLLAR - CHICAGO MERCANTILE EXCHANGE,19190,31160,20814,6587,43368,2017-05-02,-11970,14227
2017-05-09T00:00:00.000,NEW ZEALAND DOLLAR - CHICAGO MERCANTILE EXCHANGE,12070,22856,28766,15658,44057,2017-05-09,-10786,13108
2017-05-16T00:00:00.000,NEW ZEALAND DOLLAR - CHICAGO MERCANTILE EXCHANGE,11918,23872,29921,15501,45187,2017-05-16,-11954,14420
2017-05-23T00:00:00.000,NEW ZEALAND DOLLAR - CHICAGO MERCANTILE EXCHANGE,14018,23235,26465,15418,44165,2017-05-23,-9217,11047
2017-05-30T00:00:00.000,NEW ZEALAND DOLLAR - CHICAGO MERCANTILE EXCHANGE,16886,22425,23102,16391,44203,2017-05-30,-5539,6711
2017-06-06T00:00:00.000,NEW ZEALAND DOLLAR - CHICAGO MERCANTILE EXCHANGE,19348,21133,19481,17500,43814,2017-06-06,-1785,1981
2017-06-13T00:00:00.000,NEW ZEALAND DOLLAR - CHICAGO MERCANTILE EXCHANGE,27261,25666,19392,21735,53576,2017-06-13,1595,-2343
2017-06-20T00:00:00.000,NEW ZEALAND DOLLAR - CHICAGO MERCANTILE EXCHANGE,38388,16933,5794,28533,50095,2017-06-20,21455,-22739
2017-06-27T00:00:00.000,NEW ZEALAND DOLLAR - CHICAGO MERCANTILE EXCHANGE,45001,19768,6381,32706,57424,2017-06-27,25233,-26325
2017-07-03T00:00:00.000,NEW ZEALAND DOLLAR - CHICAGO MERCANTILE EXCHANGE,44484,15351,6245,37544,57560,2017-07-03,29133,-31299
2017-07-11T00:00:00.000,NEW ZEALAND DOLLAR - CHICAGO MERCANTILE EXCHANGE,45435,13530,6414,39769,58499,2017-07-11,31905,-33355
2017-07-18T00:00:00.000,NEW ZEALAND DOLLAR - CHICAGO MERCANTILE EXCHANGE,44257,8276,6678,44798,57496,2017-07-18,35981,-38120
2017-07-25T00:00:00.000,NEW ZEALAND DOLLAR - CHICAGO MERCANTILE EXCHANGE,41221,6416,6720,43900,54603,2017-07-25,34805,-37180
2017-08-01T00:00:00.000,NEW ZEALAND DOLLAR - CHICAGO MERCANTILE EXCHANGE,41531,6593,6595,44162,54968,2017-08-01,34938,-37567
2017-08-08T00:00:00.000,NEW ZEALAND DOLLAR - CHICAGO MERCANTILE EXCHANGE,40241,6756,5948,41840,53151,2017-08-08,33485,-35892
2017-08-15T00:00:00.000,NEW ZEALAND DOLLAR - CHICAGO MERCANTILE EXCHANGE,33509,8670,7975,35560,48413,2017-08-15,24839,-27585
2017-08-22T00:00:00.000,NEW ZEALAND DOLLAR - CHICAGO MERCANTILE EXCHANGE,29590,7708,7153,31773,44090,2017-08-22,21882,-24620
2017-08-29T00:00:00.000,NEW ZEALAND DOLLAR - CHICAGO MERCANTILE EXCHANGE,29002,10198,8363,29667,43732,2017-08-29,18804,-21304
2017-09-05T00:00:00.000,NEW ZEALAND DOLLAR - CHICAGO MERCANTILE EXCHANGE,26773,12050,12532,29056,46094,2017-09-05,14723,-16524
2017-09-12T00:00:00.000,NEW ZEALAND DOLLAR - CHICAGO MERCANTILE EXCHANGE,25150,12800,17154,31698,49256,2017-09-12,12350,-14544
2017-09-19T00:00:00.000,NEW ZEALAND DOLLAR - CHICAGO MERCANTILE EXCHANGE,23248,16578,8494,17167,37073,2017-09-19,6670,-8673
2017-09-26T00:00:00.000,NEW ZEALAND DOLLAR - CHICAGO MERCANTILE EXCHANGE,22369,14316,7499,17287,35914,2017-09-26,8053,-9788
2017-10-03T00:00:00.000,NEW ZEALAND DOLLAR - CHICAGO MERCANTILE EXCHANGE,20928,12810,7575,17246,34175,2017-10-03,8118,-9671
2017-10-10T00:00:00.000,NEW ZEALAND DOLLAR - CHICAGO MERCANTILE EXCHANGE,21529,15800,9752,16302,36460,2017-10-10,5729,-6550
2017-10-17T00:00:00.000,NEW ZEALAND DOLLAR - CHICAGO MERCANTILE EXCHANGE,20423,13446,8147,15703,33757,2017-10-17,6977,-7556
2017-10-24T00:00:00.000,NEW ZEALAND DOLLAR - CHICAGO MERCANTILE EXCHANGE,20549,19938,15287,15808,41185,2017-10-24,611,-521
2017-10-31T00:00:00.000,NEW ZEALAND DOLLAR - CHICAGO MERCANTILE EXCHANGE,21763,27470,23224,15764,49610,2017-10-31,-5707,7460
2017-11-07T00:00:00.000,NEW ZEALAND DOLLAR - CHICAGO MERCANTILE EXCHANGE,18943,30130,28662,15939,52072,2017-11-07,-11187,12723
2017-11-14T00:00:00.000,NEW ZEALAND DOLLAR - CHICAGO MERCANTILE EXCHANGE,18146,30037,31070,16667,53690,2017-11-14,-11891,14403
2017-11-21T00:00:00.000,NEW ZEALAND DOLLAR - CHICAGO MERCANTILE EXCHANGE,22489,35883,33075,16825,59737,2017-11-21,-13394,16250
2017-11-28T00:00:00.000,NEW ZEALAND DOLLAR - CHICAGO MERCANTILE EXCHANGE,23960,37982,32751,16550,61260,2017-11-28,-14022,16201
2017-12-05T00:00:00.000,NEW ZEALAND DOLLAR - CHICAGO MERCANTILE EXCHANGE,24228,37121,32042,17057,61386,2017-12-05,-12893,14985
2017-12-12T00:00:00.000,NEW ZEALAND DOLLAR - CHICAGO MERCANTILE EXCHANGE,23811,37239,41601,25169,74192,2017-12-12,-13428,16432
2017-12-19T00:00:00.000,NEW ZEALAND DOLLAR - CHICAGO MERCANTILE EXCHANGE,19456,36075,25914,7175,48385,2017-12-19,-16619,18739
2017-12-26T00:00:00.000,NEW ZEALAND DOLLAR - CHICAGO MERCANTILE EXCHANGE,18140,35726,26015,6394,47219,2017-12-26,-17586,19621
2018-01-02T00:00:00.000,NEW ZEALAND DOLLAR - CHICAGO MERCANTILE EXCHANGE,15509,32494,25888,7241,45141,2018-01-02,-16985,18647
2018-01-09T00:00:00.000,NEW ZEALAND DOLLAR - CHICAGO MERCANTILE EXCHANGE,17304,28321,24560,12630,45519,2018-01-09,-11017,11930
2018-01-16T00:00:00.000,NEW ZEALAND DOLLAR - CHICAGO MERCANTILE EXCHANGE,17795,25786,23916,16189,46780,2018-01-16,-7991,7727
2018-01-23T00:00:00.000,NEW ZEALAND DOLLAR - CHICAGO MERCANTILE EXCHANGE,24620,26086,22850,21606,53374,2018-01-23,-1466,1244
2018-01-30T00:00:00.000,NEW ZEALAND DOLLAR - CHICAGO MERCANTILE EXCHANGE,29667,26197,21254,26259,55783,2018-01-30,3470,-5005
2018-02-06T00:00:00.000,NEW ZEALAND DOLLAR - CHICAGO MERCANTILE EXCHANGE,29316,25984,20980,25238,55563,2018-02-06,3332,-4258
2018-02-13T00:00:00.000,NEW ZEALAND DOLLAR - CHICAGO MERCANTILE EXCHANGE,28648,26428,20176,22882,53739,2018-02-13,2220,-2706
2018-02-20T00:00:00.000,NEW ZEALAND DOLLAR - CHICAGO MERCANTILE EXCHANGE,29422,28478,19901,21246,54483,2018-02-20,944,-1345
2018-02-27T00:00:00.000,NEW ZEALAND DOLLAR - CHICAGO MERCANTILE EXCHANGE,32179,33170,20539,20242,58443,2018-02-27,-991,297
2018-03-06T00:00:00.000,NEW ZEALAND DOLLAR - CHICAGO MERCANTILE EXCHANGE,33091,33061,20365,21539,59354,2018-03-06,30,-1174
2018-03-13T00:00:00.000,NEW ZEALAND DOLLAR - CHICAGO MERCANTILE EXCHANGE,34689,37505,26030,24804,66872,2018-03-13,-2816,1226
2018-03-20T00:00:00.000,NEW ZEALAND DOLLAR - CHICAGO MERCANTILE EXCHANGE,31078,11452,7641,28418,44482,2018-03-20,19626,-20777
2018-03-27T00:00:00.000,NEW ZEALAND DOLLAR - CHICAGO MERCANTILE EXCHANGE,32749,14510,8671,27208,46728,2018-03-27,18239,-18537
2018-04-03T00:00:00.000,NEW ZEALAND DOLLAR - CHICAGO MERCANTILE EXCHANGE,32948,14571,8792,27497,47079,2018-04-03,18377,-18705
2018-04-10T00:00:00.000,NEW ZEALAND DOLLAR - CHICAGO MERCANTILE EXCHANGE,41652,18825,8942,32435,55938,2018-04-10,22827,-23493
2018-04-17T00:00:00.000,NEW ZEALAND DOLLAR - CHICAGO MERCANTILE EXCHANGE,47255,19652,8824,37695,61437,2018-04-17,27603,-28871
2018-04-24T00:00:00.000,NEW ZEALAND DOLLAR - CHICAGO MERCANTILE EXCHANGE,39933,15499,10134,35435,55385,2018-04-24,24434,-25301
2018-05-01T00:00:00.000,NEW ZEALAND DOLLAR - CHICAGO MERCANTILE EXCHANGE,29899,13326,12885,28871,47605,2018-05-01,16573,-15986
2018-05-08T00:00:00.000,NEW ZEALAND DOLLAR - CHICAGO MERCANTILE EXCHANGE,29004,16458,17097,27381,49725,2018-05-08,12546,-10284
2018-05-15T00:00:00.000,NEW ZEALAND DOLLAR - CHICAGO MERCANTILE EXCHANGE,28754,26801,27040,26376,59874,2018-05-15,1953,664
2018-05-22T00:00:00.000,NEW ZEALAND DOLLAR - CHICAGO MERCANTILE EXCHANGE,27077,28440,30170,25753,60456,2018-05-22,-1363,4417
2018-05-29T00:00:00.000,NEW ZEALAND DOLLAR - CHICAGO MERCANTILE EXCHANGE,30945,29544,28432,25946,62523,2018-05-29,1401,2486
2018-06-05T00:00:00.000,NEW ZEALAND DOLLAR - CHICAGO MERCANTILE EXCHANGE,33307,28924,25033,25708,62065,2018-06-05,4383,-675
2018-06-12T00:00:00.000,NEW ZEALAND DOLLAR - CHICAGO MERCANTILE EXCHANGE,34836,27830,26548,30169,64699,2018-06-12,7006,-3621
2018-06-19T00:00:00.000,NEW ZEALAND DOLLAR - CHICAGO MERCANTILE EXCHANGE,14656,30596,26057,5726,43308,2018-06-19,-15940,20331
2018-06-26T00:00:00.000,NEW ZEALAND DOLLAR - CHICAGO MERCANTILE EXCHANGE,14898,32460,27617,5563,45026,2018-06-26,-17562,22054
2018-07-03T00:00:00.000,NEW ZEALAND DOLLAR - CHICAGO MERCANTILE EXCHANGE,14522,40926,35812,5470,53676,2018-07-03,-26404,30342
2018-07-10T00:00:00.000,NEW ZEALAND DOLLAR - CHICAGO MERCANTILE EXCHANGE,13170,39744,36806,5564,52787,2018-07-10,-26574,31242
2018-07-17T00:00:00.000,NEW ZEALAND DOLLAR - CHICAGO MERCANTILE EXCHANGE,15392,40459,34818,5596,53254,2018-07-17,-25067,29222
2018-07-24T00:00:00.000,NEW ZEALAND DOLLAR - CHICAGO MERCANTILE EXCHANGE,14977,39347,33704,5488,51898,2018-07-24,-24370,28216
2018-07-31T00:00:00.000,NEW ZEALAND DOLLAR - CHICAGO MERCANTILE EXCHANGE,14454,38134,33887,5622,51816,2018-07-31,-23680,28265
2018-08-07T00:00:00.000,NEW ZEALAND DOLLAR - CHICAGO MERCANTILE EXCHANGE,14051,38578,34151,5503,51319,2018-08-07,-24527,28648
2018-08-14T00:00:00.000,NEW ZEALAND DOLLAR - CHICAGO MERCANTILE EXCHANGE,15723,42416,36454,5868,56128,2018-08-14,-26693,30586
2018-08-21T00:00:00.000,NEW ZEALAND DOLLAR - CHICAGO MERCANTILE EXCHANGE,15665,40808,36280,6304,55473,2018-08-21,-25143,29976
2018-08-28T00:00:00.000,NEW ZEALAND DOLLAR - CHICAGO MERCANTILE EXCHANGE,16445,40372,35083,6922,54564,2018-08-28,-23927,28161
2018-09-04T00:00:00.000,NEW ZEALAND DOLLAR - CHICAGO MERCANTILE EXCHANGE,16291,41185,36071,7252,55781,2018-09-04,-24894,28819
2018-09-11T00:00:00.000,NEW ZEALAND DOLLAR - CHICAGO MERCANTILE EXCHANGE,19408,42055,35959,9011,59669,2018-09-11,-22647,26948
2018-09-18T00:00:00.000,NEW ZEALAND DOLLAR - CHICAGO MERCANTILE EXCHANGE,11021,43010,43348,7423,57429,2018-09-18,-31989,35925
2018-09-25T00:00:00.000,NEW ZEALAND DOLLAR - CHICAGO MERCANTILE EXCHANGE,10906,42741,43141,7615,56994,2018-09-25,-31835,35526
2018-10-02T00:00:00.000,NEW ZEALAND DOLLAR - CHICAGO MERCANTILE EXCHANGE,10678,41274,42586,7291,56448,2018-10-02,-30596,35295
2018-10-09T00:00:00.000,NEW ZEALAND DOLLAR - CHICAGO MERCANTILE EXCHANGE,15418,49238,46161,8119,64710,2018-10-09,-33820,38042
2018-10-16T00:00:00.000,NEW ZEALAND DOLLAR - CHICAGO MERCANTILE EXCHANGE,11136,46548,48266,8065,62490,2018-10-16,-35412,40201
2018-10-23T00:00:00.000,NEW ZEALAND DOLLAR - CHICAGO MERCANTILE EXCHANGE,9634,42682,45637,8365,58683,2018-10-23,-33048,37272
2018-10-30T00:00:00.000,NEW ZEALAND DOLLAR - CHICAGO MERCANTILE EXCHANGE,8956,43987,47500,8402,59718,2018-10-30,-35031,39098
2018-11-06T00:00:00.000,NEW ZEALAND DOLLAR - CHICAGO MERCANTILE EXCHANGE,10434,36160,37808,8556,51288,2018-11-06,-25726,29252
2018-11-13T00:00:00.000,NEW ZEALAND DOLLAR - CHICAGO MERCANTILE EXCHANGE,11138,32006,35471,11478,50015,2018-11-13,-20868,23993
2018-11-20T00:00:00.000,NEW ZEALAND DOLLAR - CHICAGO MERCANTILE EXCHANGE,15489,34836,34249,11707,53661,2018-11-20,-19347,22542
2018-11-27T00:00:00.000,NEW ZEALAND DOLLAR - CHICAGO MERCANTILE EXCHANGE,16373,36913,34347,11075,54184,2018-11-27,-20540,23272
2018-12-04T00:00:00.000,NEW ZEALAND DOLLAR - CHICAGO MERCANTILE EXCHANGE,17694,38991,33685,10800,56348,2018-12-04,-21297,22885
2018-12-11T00:00:00.000,NEW ZEALAND DOLLAR - CHICAGO MERCANTILE EXCHANGE,19127,34368,37805,20703,62587,2018-12-11,-15241,17102
2018-12-18T00:00:00.000,NEW ZEALAND DOLLAR - CHICAGO MERCANTILE EXCHANGE,18820,15409,6616,8051,29675,2018-12-18,3411,-1435
2018-12-24T00:00:00.000,NEW ZEALAND DOLLAR - CHICAGO MERCANTILE EXCHANGE,17717,15777,6961,6514,28524,2018-12-24,1940,447
2018-12-31T00:00:00.000,NEW ZEALAND DOLLAR - CHICAGO MERCANTILE EXCHANGE,18272,16310,7784,6520,29640,2018-12-31,1962,1264
2019-01-08T00:00:00.000,NEW ZEALAND DOLLAR - CHICAGO MERCANTILE EXCHANGE,14895,16433,11156,6703,29804,2019-01-08,-1538,4453
2019-01-15T00:00:00.000,NEW ZEALAND DOLLAR - CHICAGO MERCANTILE EXCHANGE,14129,17069,11914,7199,30350,2019-01-15,-2940,4715
2019-01-22T00:00:00.000,NEW ZEALAND DOLLAR - CHICAGO MERCANTILE EXCHANGE,15437,20026,14231,7340,33089,2019-01-22,-4589,6891
2019-01-29T00:00:00.000,NEW ZEALAND DOLLAR - CHICAGO MERCANTILE EXCHANGE,14891,17707,12784,8478,31684,2019-01-29,-2816,4306
2019-02-05T00:00:00.000,NEW ZEALAND DOLLAR - CHICAGO MERCANTILE EXCHANGE,19257,18710,11192,10343,34054,2019-02-05,547,849
2019-02-12T00:00:00.000,NEW ZEALAND DOLLAR - CHICAGO MERCANTILE EXCHANGE,17944,19067,14085,10997,35744,2019-02-12,-1123,3088
2019-02-19T00:00:00.000,NEW ZEALAND DOLLAR - CHICAGO MERCANTILE EXCHANGE,18718,19458,14011,11153,36758,2019-02-19,-740,2858
2019-02-26T00:00:00.000,NEW ZEALAND DOLLAR - CHICAGO MERCANTILE EXCHANGE,18295,17381,12926,11955,35407,2019-02-26,914,971
2019-03-05T00:00:00.000,NEW ZEALAND DOLLAR - CHICAGO MERCANTILE EXCHANGE,20687,19266,13868,13100,39314,2019-03-05,1421,768
2019-03-12T00:00:00.000,NEW ZEALAND DOLLAR - CHICAGO MERCANTILE EXCHANGE,20974,16377,15196,17238,42326,2019-03-12,4597,-2042
2019-03-19T00:00:00.000,NEW ZEALAND DOLLAR - CHICAGO MERCANTILE EXCHANGE,17301,18425,14514,12116,36146,2019-03-19,-1124,2398
2019-03-26T00:00:00.000,NEW ZEALAND DOLLAR - CHICAGO MERCANTILE EXCHANGE,22570,22772,15041,14976,42640,2019-03-26,-202,65
2019-04-02T00:00:00.000,NEW ZEALAND DOLLAR - CHICAGO MERCANTILE EXCHANGE,20854,21259,14752,12678,39164,2019-04-02,-405,2074
2019-04-09T00:00:00.000,NEW ZEALAND DOLLAR - CHICAGO MERCANTILE EXCHANGE,18911,20394,15012,11562,37599,2019-04-09,-1483,3450
2019-04-16T00:00:00.000,NEW ZEALAND DOLLAR - CHICAGO MERCANTILE EXCHANGE,17030,20251,17092,11461,37770,2019-04-16,-3221,5631
2019-04-23T00:00:00.000,NEW ZEALAND DOLLAR - CHICAGO MERCANTILE EXCHANGE,21367,26817,20979,12021,45134,2019-04-23,-5450,8958
2019-04-30T00:00:00.000,NEW ZEALAND DOLLAR - CHICAGO MERCANTILE EXCHANGE,19038,30498,27420,12207,49266,2019-04-30,-11460,15213
2019-05-07T00:00:00.000,NEW ZEALAND DOLLAR - CHICAGO MERCANTILE EXCHANGE,16308,29050,28610,12502,48392,2019-05-07,-12742,16108
2019-05-14T00:00:00.000,NEW ZEALAND DOLLAR - CHICAGO MERCANTILE EXCHANGE,19075,30513,27807,13145,50262,2019-05-14,-11438,14662
2019-05-21T00:00:00.000,NEW ZEALAND DOLLAR - CHICAGO MERCANTILE EXCHANGE,26446,37310,28572,13986,58548,2019-05-21,-10864,14586
2019-05-28T00:00:00.000,NEW ZEALAND DOLLAR - CHICAGO MERCANTILE EXCHANGE,24986,41134,33608,13872,61961,2019-05-28,-16148,19736
2019-06-04T00:00:00.000,NEW ZEALAND DOLLAR - CHICAGO MERCANTILE EXCHANGE,23476,43872,37637,14213,68760,2019-06-04,-20396,23424
2019-06-11T00:00:00.000,NEW ZEALAND DOLLAR - CHICAGO MERCANTILE EXCHANGE,23072,39194,35389,16256,62497,2019-06-11,-16122,19133
2019-06-18T00:00:00.000,NEW ZEALAND DOLLAR - CHICAGO MERCANTILE EXCHANGE,19552,44020,41640,13377,64240,2019-06-18,-24468,28263
2019-06-25T00:00:00.000,NEW ZEALAND DOLLAR - CHICAGO MERCANTILE EXCHANGE,17611,41664,41306,12726,61828,2019-06-25,-24053,28580
2019-07-02T00:00:00.000,NEW ZEALAND DOLLAR - CHICAGO MERCANTILE EXCHANGE,11272,35304,40036,13196,55017,2019-07-02,-24032,26840
2019-07-09T00:00:00.000,NEW ZEALAND DOLLAR - CHICAGO MERCANTILE EXCHANGE,10484,32689,40073,14256,54222,2019-07-09,-22205,25817
2019-07-16T00:00:00.000,NEW ZEALAND DOLLAR - CHICAGO MERCANTILE EXCHANGE,10839,28158,35160,15268,50025,2019-07-16,-17319,19892
2019-07-23T00:00:00.000,NEW ZEALAND DOLLAR - CHICAGO MERCANTILE EXCHANGE,16029,28254,34365,18734,54066,2019-07-23,-12225,15631
2019-07-30T00:00:00.000,NEW ZEALAND DOLLAR - CHICAGO MERCANTILE EXCHANGE,15117,27436,34379,19149,53172,2019-07-30,-12319,15230
2019-08-06T00:00:00.000,NEW ZEALAND DOLLAR - CHICAGO MERCANTILE EXCHANGE,17898,29462,34603,20103,57131,2019-08-06,-11564,14500
2019-08-13T00:00:00.000,NEW ZEALAND DOLLAR - CHICAGO MERCANTILE EXCHANGE,20500,33947,35752,18487,59895,2019-08-13,-13447,17265
2019-08-20T00:00:00.000,NEW ZEALAND DOLLAR - CHICAGO MERCANTILE EXCHANGE,21073,39333,37908,15883,62760,2019-08-20,-18260,22025
2019-08-27T00:00:00.000,NEW ZEALAND DOLLAR - CHICAGO MERCANTILE EXCHANGE,21135,47182,37631,9904,64672,2019-08-27,-26047,27727
2019-09-03T00:00:00.000,NEW ZEALAND DOLLAR - CHICAGO MERCANTILE EXCHANGE,21066,51742,42021,10093,67827,2019-09-03,-30676,31928
2019-09-10T00:00:00.000,NEW ZEALAND DOLLAR - CHICAGO MERCANTILE EXCHANGE,22490,52280,42611,9571,73148,2019-09-10,-29790,33040
2019-09-17T00:00:00.000,NEW ZEALAND DOLLAR - CHICAGO MERCANTILE EXCHANGE,15824,51867,49162,9756,68408,2019-09-17,-36043,39406
2019-09-24T00:00:00.000,NEW ZEALAND DOLLAR - CHICAGO MERCANTILE EXCHANGE,19515,59113,51687,9452,75074,2019-09-24,-39598,42235
2019-10-01T00:00:00.000,NEW ZEALAND DOLLAR - CHICAGO MERCANTILE EXCHANGE,16114,58588,55098,9940,75163,2019-10-01,-42474,45158
2019-10-08T00:00:00.000,NEW ZEALAND DOLLAR - CHICAGO MERCANTILE EXCHANGE,14377,52594,55216,13794,73793,2019-10-08,-38217,41422
2019-10-15T00:00:00.000,NEW ZEALAND DOLLAR - CHICAGO MERCANTILE EXCHANGE,14383,54399,56518,13705,74796,2019-10-15,-40016,42813
2019-10-22T00:00:00.000,NEW ZEALAND DOLLAR - CHICAGO MERCANTILE EXCHANGE,12149,52291,57311,13921,73499,2019-10-22,-40142,43390
2019-10-29T00:00:00.000,NEW ZEALAND DOLLAR - CHICAGO MERCANTILE EXCHANGE,11612,52015,56959,13915,72478,2019-10-29,-40403,43044
2019-11-05T00:00:00.000,NEW ZEALAND DOLLAR - CHICAGO MERCANTILE EXCHANGE,14376,53341,57083,15638,75326,2019-11-05,-38965,41445
2019-11-12T00:00:00.000,NEW ZEALAND DOLLAR - CHICAGO MERCANTILE EXCHANGE,16750,52985,59119,20227,79394,2019-11-12,-36235,38892
2019-11-19T00:00:00.000,NEW ZEALAND DOLLAR - CHICAGO MERCANTILE EXCHANGE,12349,47448,57196,19276,73073,2019-11-19,-35099,37920
2019-11-26T00:00:00.000,NEW ZEALAND DOLLAR - CHICAGO MERCANTILE EXCHANGE,10626,46452,56770,18354,70840,2019-11-26,-35826,38416
2019-12-03T00:00:00.000,NEW ZEALAND DOLLAR - CHICAGO MERCANTILE EXCHANGE,16467,43459,50696,21633,71895,2019-12-03,-26992,29063
2019-12-10T00:00:00.000,NEW ZEALAND DOLLAR - CHICAGO MERCANTILE EXCHANGE,14433,39773,54033,26624,75194,2019-12-10,-25340,27409
2019-12-17T00:00:00.000,NEW ZEALAND DOLLAR - CHICAGO MERCANTILE EXCHANGE,16160,24377,24157,13594,44340,2019-12-17,-8217,10563
2019-12-24T00:00:00.000,NEW ZEALAND DOLLAR - CHICAGO MERCANTILE EXCHANGE,18651,26447,24538,14326,46630,2019-12-24,-7796,10212
2019-12-31T00:00:00.000,NEW ZEALAND DOLLAR - CHICAGO MERCANTILE EXCHANGE,23893,28951,18852,13929,48744,2019-12-31,-5058,4923
2020-01-07T00:00:00.000,NEW ZEALAND DOLLAR - CHICAGO MERCANTILE EXCHANGE,27369,28857,18862,16373,50802,2020-01-07,-1488,2489
2020-01-14T00:00:00.000,NEW ZEALAND DOLLAR - CHICAGO MERCANTILE EXCHANGE,24085,24446,19489,18455,48651,2020-01-14,-361,1034
2020-01-21T00:00:00.000,NEW ZEALAND DOLLAR - CHICAGO MERCANTILE EXCHANGE,24112,22279,19043,20207,48300,2020-01-21,1833,-1164
2020-01-28T00:00:00.000,NEW ZEALAND DOLLAR - CHICAGO MERCANTILE EXCHANGE,22882,20822,18675,19547,46500,2020-01-28,2060,-872
2020-02-04T00:00:00.000,NEW ZEALAND DOLLAR - CHICAGO MERCANTILE EXCHANGE,18599,20791,19491,16010,43692,2020-02-04,-2192,3481
2020-02-11T00:00:00.000,NEW ZEALAND DOLLAR - CHICAGO MERCANTILE EXCHANGE,19893,23969,22603,16606,48946,2020-02-11,-4076,5997
2020-02-18T00:00:00.000,NEW ZEALAND DOLLAR - CHICAGO MERCANTILE EXCHANGE,17485,29672,30151,15207,52585,2020-02-18,-12187,14944
2020-02-25T00:00:00.000,NEW ZEALAND DOLLAR - CHICAGO MERCANTILE EXCHANGE,18994,34305,34787,16744,58240,2020-02-25,-15311,18043
2020-03-03T00:00:00.000,NEW ZEALAND DOLLAR - CHICAGO MERCANTILE EXCHANGE,20530,37487,38168,18138,62847,2020-03-03,-16957,20030
2020-03-10T00:00:00.000,NEW ZEALAND DOLLAR - CHICAGO MERCANTILE EXCHANGE,20681,36057,44803,25983,71034,2020-03-10,-15376,18820
2020-03-17T00:00:00.000,NEW ZEALAND DOLLAR - CHICAGO MERCANTILE EXCHANGE,9976,30251,32133,12529,44688,2020-03-17,-20275,19604
2020-03-24T00:00:00.000,NEW ZEALAND DOLLAR - CHICAGO MERCANTILE EXCHANGE,6993,23009,28547,8390,37622,2020-03-24,-16016,20157
2020-03-31T00:00:00.000,NEW ZEALAND DOLLAR - CHICAGO MERCANTILE EXCHANGE,8040,24146,28677,8574,39144,2020-03-31,-16106,20103
2020-04-07T00:00:00.000,NEW ZEALAND DOLLAR - CHICAGO MERCANTILE EXCHANGE,9968,24621,27426,8977,40306,2020-04-07,-14653,18449
2020-04-14T00:00:00.000,NEW ZEALAND DOLLAR - CHICAGO MERCANTILE EXCHANGE,8958,23536,28054,9815,39812,2020-04-14,-14578,18239
2020-04-21T00:00:00.000,NEW ZEALAND DOLLAR - CHICAGO MERCANTILE EXCHANGE,8282,22541,28014,9652,39153,2020-04-21,-14259,18362
2020-04-28T00:00:00.000,NEW ZEALAND DOLLAR - CHICAGO MERCANTILE EXCHANGE,9856,23635,28495,10974,41267,2020-04-28,-13779,17521
2020-05-05T00:00:00.000,NEW ZEALAND DOLLAR - CHICAGO MERCANTILE EXCHANGE,12042,26995,29786,10341,44372,2020-05-05,-14953,19445
2020-05-12T00:00:00.000,NEW ZEALAND DOLLAR - CHICAGO MERCANTILE EXCHANGE,11953,27831,30233,10425,45368,2020-05-12,-15878,19808
2020-05-19T00:00:00.000,NEW ZEALAND DOLLAR - CHICAGO MERCANTILE EXCHANGE,10742,26609,29961,10234,44143,2020-05-19,-15867,19727
2020-05-26T00:00:00.000,NEW ZEALAND DOLLAR - CHICAGO MERCANTILE EXCHANGE,12218,27261,29684,11710,45668,2020-05-26,-15043,17974
2020-06-02T00:00:00.000,NEW ZEALAND DOLLAR - CHICAGO MERCANTILE EXCHANGE,14318,27241,28204,13122,46537,2020-06-02,-12923,15082
2020-06-09T00:00:00.000,NEW ZEALAND DOLLAR - CHICAGO MERCANTILE EXCHANGE,15165,26406,27179,15561,46711,2020-06-09,-11241,11618
2020-06-16T00:00:00.000,NEW ZEALAND DOLLAR - CHICAGO MERCANTILE EXCHANGE,14452,16384,9512,6731,27321,2020-06-16,-1932,2781
2020-06-23T00:00:00.000,NEW ZEALAND DOLLAR - CHICAGO MERCANTILE EXCHANGE,16174,16189,9494,8936,29351,2020-06-23,-15,558
2020-06-30T00:00:00.000,NEW ZEALAND DOLLAR - CHICAGO MERCANTILE EXCHANGE,16314,15958,10362,10756,30845,2020-06-30,356,-394
2020-07-07T00:00:00.000,NEW ZEALAND DOLLAR - CHICAGO MERCANTILE EXCHANGE,15806,16123,10895,9996,31229,2020-07-07,-317,899
2020-07-14T00:00:00.000,NEW ZEALAND DOLLAR - CHICAGO MERCANTILE EXCHANGE,16973,15856,10843,12332,33202,2020-07-14,1117,-1489
2020-07-21T00:00:00.000,NEW ZEALAND DOLLAR - CHICAGO MERCANTILE EXCHANGE,19597,17122,11515,14693,36105,2020-07-21,2475,-3178
2020-07-28T00:00:00.000,NEW ZEALAND DOLLAR - CHICAGO MERCANTILE EXCHANGE,17383,18228,13898,14094,36142,2020-07-28,-845,-196
2020-08-04T00:00:00.000,NEW ZEALAND DOLLAR - CHICAGO MERCANTILE EXCHANGE,18584,20032,14738,14661,38499,2020-08-04,-1448,77
2020-08-11T00:00:00.000,NEW ZEALAND DOLLAR - CHICAGO MERCANTILE EXCHANGE,17878,18057,14360,15217,37528,2020-08-11,-179,-857
2020-08-18T00:00:00.000,NEW ZEALAND DOLLAR - CHICAGO MERCANTILE EXCHANGE,20513,16751,12706,17789,38561,2020-08-18,3762,-5083
2020-08-25T00:00:00.000,NEW ZEALAND DOLLAR - CHICAGO MERCANTILE EXCHANGE,19756,15568,11590,16866,36678,2020-08-25,4188,-5276
2020-09-01T00:00:00.000,NEW ZEALAND DOLLAR - CHICAGO MERCANTILE EXCHANGE,21434,14468,12856,21887,40244,2020-09-01,6966,-9031
2020-09-08T00:00:00.000,NEW ZEALAND DOLLAR - CHICAGO MERCANTILE EXCHANGE,20109,15209,16486,22988,44047,2020-09-08,4900,-6502
2020-09-15T00:00:00.000,NEW ZEALAND DOLLAR - CHICAGO MERCANTILE EXCHANGE,18002,14760,12201,17549,35834,2020-09-15,3242,-5348
2020-09-22T00:00:00.000,NEW ZEALAND DOLLAR - CHICAGO MERCANTILE EXCHANGE,16700,11840,12271,19900,35216,2020-09-22,4860,-7629
2020-09-29T00:00:00.000,NEW ZEALAND DOLLAR - CHICAGO MERCANTILE EXCHANGE,17100,13771,13188,18410,35923,2020-09-29,3329,-5222
2020-10-06T00:00:00.000,NEW ZEALAND DOLLAR - CHICAGO MERCANTILE EXCHANGE,16755,11665,12465,19349,34612,2020-10-06,5090,-6884
2020-10-13T00:00:00.000,NEW ZEALAND DOLLAR - CHICAGO MERCANTILE EXCHANGE,20227,13737,12963,20833,38209,2020-10-13,6490,-7870
2020-10-20T00:00:00.000,NEW ZEALAND DOLLAR - CHICAGO MERCANTILE EXCHANGE,19897,13295,12339,20682,37295,2020-10-20,6602,-8343
2020-10-27T00:00:00.000,NEW ZEALAND DOLLAR - CHICAGO MERCANTILE EXCHANGE,22023,15028,13035,21996,40388,2020-10-27,6995,-8961
2020-11-03T00:00:00.000,NEW ZEALAND DOLLAR - CHICAGO MERCANTILE EXCHANGE,21903,14852,13124,21916,40400,2020-11-03,7051,-8792
2020-11-10T00:00:00.000,NEW ZEALAND DOLLAR - CHICAGO MERCANTILE EXCHANGE,25695,17978,14109,24378,46065,2020-11-10,7717,-10269
2020-11-17T00:00:00.000,NEW ZEALAND DOLLAR - CHICAGO MERCANTILE EXCHANGE,29325,20457,14910,26290,50687,2020-11-17,8868,-11380
2020-11-24T00:00:00.000,NEW ZEALAND DOLLAR - CHICAGO MERCANTILE EXCHANGE,32235,23923,15744,26966,54640,2020-11-24,8312,-11222
2020-12-01T00:00:00.000,NEW ZEALAND DOLLAR - CHICAGO MERCANTILE EXCHANGE,32806,23748,15323,27515,55345,2020-12-01,9058,-12192
2020-12-08T00:00:00.000,NEW ZEALAND DOLLAR - CHICAGO MERCANTILE EXCHANGE,34730,24180,16309,29748,61261,2020-12-08,10550,-13439
2020-12-15T00:00:00.000,NEW ZEALAND DOLLAR - CHICAGO MERCANTILE EXCHANGE,28739,14546,12113,29904,47402,2020-12-15,14193,-17791
2020-12-21T00:00:00.000,NEW ZEALAND DOLLAR - CHICAGO MERCANTILE EXCHANGE,28710,15056,12722,29532,48309,2020-12-21,13654,-16810
2020-12-29T00:00:00.000,NEW ZEALAND DOLLAR - CHICAGO MERCANTILE EXCHANGE,27839,15305,13417,29372,47915,2020-12-29,12534,-15955
2021-01-05T00:00:00.000,NEW ZEALAND DOLLAR - CHICAGO MERCANTILE EXCHANGE,26552,14556,13051,29253,47194,2021-01-05,11996,-16202
2021-01-12T00:00:00.000,NEW ZEALAND DOLLAR - CHICAGO MERCANTILE EXCHANGE,26131,11424,11801,30019,44757,2021-01-12,14707,-18218
2021-01-19T00:00:00.000,NEW ZEALAND DOLLAR - CHICAGO MERCANTILE EXCHANGE,27997,12014,10475,30199,46244,2021-01-19,15983,-19724
2021-01-26T00:00:00.000,NEW ZEALAND DOLLAR - CHICAGO MERCANTILE EXCHANGE,28177,13419,11733,29863,46804,2021-01-26,14758,-18130
2021-02-02T00:00:00.000,NEW ZEALAND DOLLAR - CHICAGO MERCANTILE EXCHANGE,30501,18854,12766,26713,50685,2021-02-02,11647,-13947
2021-02-09T00:00:00.000,NEW ZEALAND DOLLAR - CHICAGO MERCANTILE EXCHANGE,29133,17589,11662,27334,48655,2021-02-09,11544,-15672
2021-02-16T00:00:00.000,NEW ZEALAND DOLLAR - CHICAGO MERCANTILE EXCHANGE,30243,16532,10690,28141,48103,2021-02-16,13711,-17451
2021-02-23T00:00:00.000,NEW ZEALAND DOLLAR - CHICAGO MERCANTILE EXCHANGE,30422,15773,10393,28760,48209,2021-02-23,14649,-18367
2021-03-02T00:00:00.000,NEW ZEALAND DOLLAR - CHICAGO MERCANTILE EXCHANGE,31825,15417,9069,28048,48587,2021-03-02,16408,-18979
2021-03-09T00:00:00.000,NEW ZEALAND DOLLAR - CHICAGO MERCANTILE EXCHANGE,32664,15538,8520,28127,51380,2021-03-09,17126,-19607
2021-03-16T00:00:00.000,NEW ZEALAND DOLLAR - CHICAGO MERCANTILE EXCHANGE,20002,13973,8145,16306,34565,2021-03-16,6029,-8161
2021-03-23T00:00:00.000,NEW ZEALAND DOLLAR - CHICAGO MERCANTILE EXCHANGE,20354,15630,10051,17342,38253,2021-03-23,4724,-7291
2021-03-30T00:00:00.000,NEW ZEALAND DOLLAR - CHICAGO MERCANTILE EXCHANGE,18945,14899,10971,16988,36805,2021-03-30,4046,-6017
2021-04-06T00:00:00.000,NEW ZEALAND DOLLAR - CHICAGO MERCANTILE EXCHANGE,19199,16061,11732,16658,37377,2021-04-06,3138,-4926
2021-04-13T00:00:00.000,NEW ZEALAND DOLLAR - CHICAGO MERCANTILE EXCHANGE,19727,17207,12262,16935,38435,2021-04-13,2520,-4673
2021-04-20T00:00:00.000,NEW ZEALAND DOLLAR - CHICAGO MERCANTILE EXCHANGE,21695,17373,12816,19044,40632,2021-04-20,4322,-6228
2021-04-27T00:00:00.000,NEW ZEALAND DOLLAR - CHICAGO MERCANTILE EXCHANGE,25852,18873,12348,21177,44102,2021-04-27,6979,-8829
2021-05-04T00:00:00.000,NEW ZEALAND DOLLAR - CHICAGO MERCANTILE EXCHANGE,26371,17783,12363,22928,44453,2021-05-04,8588,-10565
2021-05-11T00:00:00.000,NEW ZEALAND DOLLAR - CHICAGO MERCANTILE EXCHANGE,26377,17033,12328,24523,45414,2021-05-11,9344,-12195
2021-05-18T00:00:00.000,NEW ZEALAND DOLLAR - CHICAGO MERCANTILE EXCHANGE,23624,15174,13176,24679,43155,2021-05-18,8450,-11503
2021-05-25T00:00:00.000,NEW ZEALAND DOLLAR - CHICAGO MERCANTILE EXCHANGE,24446,15861,12973,24680,44245,2021-05-25,8585,-11707
2021-06-01T00:00:00.000,NEW ZEALAND DOLLAR - CHICAGO MERCANTILE EXCHANGE,24684,18757,13844,23127,46253,2021-06-01,5927,-9283
2021-06-08T00:00:00.000,NEW ZEALAND DOLLAR - CHICAGO MERCANTILE EXCHANGE,21962,16456,14424,23484,45803,2021-06-08,5506,-9060
2021-06-15T00:00:00.000,NEW ZEALAND DOLLAR - CHICAGO MERCANTILE EXCHANGE,18466,15201,12962,18619,37913,2021-06-15,3265,-5657
2021-06-22T00:00:00.000,NEW ZEALAND DOLLAR - CHICAGO MERCANTILE EXCHANGE,19171,15885,14655,18785,39285,2021-06-22,3286,-4130
2021-06-29T00:00:00.000,NEW ZEALAND DOLLAR - CHICAGO MERCANTILE EXCHANGE,19914,16790,15696,19617,41352,2021-06-29,3124,-3921
2021-07-06T00:00:00.000,NEW ZEALAND DOLLAR - CHICAGO MERCANTILE EXCHANGE,19412,17651,16518,19581,41756,2021-07-06,1761,-3063
2021-07-13T00:00:00.000,NEW ZEALAND DOLLAR - CHICAGO MERCANTILE EXCHANGE,20627,17397,17004,19798,42463,2021-07-13,3230,-2794
2021-07-20T00:00:00.000,NEW ZEALAND DOLLAR - CHICAGO MERCANTILE EXCHANGE,20671,17625,18166,20614,43583,2021-07-20,3046,-2448
2021-07-27T00:00:00.000,NEW ZEALAND DOLLAR - CHICAGO MERCANTILE EXCHANGE,19505,18084,20182,21373,43953,2021-07-27,1421,-1191
2021-08-03T00:00:00.000,NEW ZEALAND DOLLAR - CHICAGO MERCANTILE EXCHANGE,16959,17284,20816,20494,42743,2021-08-03,-325,322
2021-08-10T00:00:00.000,NEW ZEALAND DOLLAR - CHICAGO MERCANTILE EXCHANGE,17295,18327,21486,19942,46690,2021-08-10,-1032,1544
2021-08-17T00:00:00.000,NEW ZEALAND DOLLAR - CHICAGO MERCANTILE EXCHANGE,16674,16909,20707,20363,44222,2021-08-17,-235,344
2021-08-24T00:00:00.000,NEW ZEALAND DOLLAR - CHICAGO MERCANTILE EXCHANGE,17219,17581,23251,21420,46444,2021-08-24,-362,1831
2021-08-31T00:00:00.000,NEW ZEALAND DOLLAR - CHICAGO MERCANTILE EXCHANGE,17692,19833,23425,21053,48296,2021-08-31,-2141,2372
2021-09-07T00:00:00.000,NEW ZEALAND DOLLAR - CHICAGO MERCANTILE EXCHANGE,20074,16211,28184,33173,58075,2021-09-07,3863,-4989
2021-09-14T00:00:00.000,NEW ZEALAND DOLLAR - CHICAGO MERCANTILE EXCHANGE,17554,11348,11196,19951,35667,2021-09-14,6206,-8755
2021-09-21T00:00:00.000,NEW ZEALAND DOLLAR - CHICAGO MERCANTILE EXCHANGE,19703,11601,11012,20233,36691,2021-09-21,8102,-9221
2021-09-28T00:00:00.000,NEW ZEALAND DOLLAR - CHICAGO MERCANTILE EXCHANGE,18324,8078,10472,21070,33673,2021-09-28,10246,-10598
2021-10-05T00:00:00.000,NEW ZEALAND DOLLAR - CHICAGO MERCANTILE EXCHANGE,17887,9831,13588,21474,35861,2021-10-05,8056,-7886
2021-10-12T00:00:00.000,NEW ZEALAND DOLLAR - CHICAGO MERCANTILE EXCHANGE,20467,11719,12586,20737,37340,2021-10-12,8748,-8151
2021-10-19T00:00:00.000,NEW ZEALAND DOLLAR - CHICAGO MERCANTILE EXCHANGE,21004,14564,11194,18792,37730,2021-10-19,6440,-7598
2021-10-26T00:00:00.000,NEW ZEALAND DOLLAR - CHICAGO MERCANTILE EXCHANGE,24490,15584,11307,22781,43061,2021-10-26,8906,-11474
2021-11-02T00:00:00.000,NEW ZEALAND DOLLAR - CHICAGO MERCANTILE EXCHANGE,27504,13643,10659,27284,45436,2021-11-02,13861,-16625
2021-11-09T00:00:00.000,NEW ZEALAND DOLLAR - CHICAGO MERCANTILE EXCHANGE,25312,12430,11467,26606,43461,2021-11-09,12882,-15139
2021-11-16T00:00:00.000,NEW ZEALAND DOLLAR - CHICAGO MERCANTILE EXCHANGE,26388,12423,10349,25870,42945,2021-11-16,13965,-15521
2021-11-23T00:00:00.000,NEW ZEALAND DOLLAR - CHICAGO MERCANTILE EXCHANGE,27835,13896,10943,25803,44524,2021-11-23,13939,-14860
2021-11-30T00:00:00.000,NEW ZEALAND DOLLAR - CHICAGO MERCANTILE EXCHANGE,30465,19835,14387,23690,49483,2021-11-30,10630,-9303
2021-12-07T00:00:00.000,NEW ZEALAND DOLLAR - CHICAGO MERCANTILE EXCHANGE,31881,21173,15123,23998,55975,2021-12-07,10708,-8875
2021-12-14T00:00:00.000,NEW ZEALAND DOLLAR - CHICAGO MERCANTILE EXCHANGE,13539,19400,23994,15820,41223,2021-12-14,-5861,8174
2021-12-21T00:00:00.000,NEW ZEALAND DOLLAR - CHICAGO MERCANTILE EXCHANGE,11050,17186,26819,17953,41354,2021-12-21,-6136,8866
2021-12-28T00:00:00.000,NEW ZEALAND DOLLAR - CHICAGO MERCANTILE EXCHANGE,11231,19652,27097,16997,41862,2021-12-28,-8421,10100
2022-01-04T00:00:00.000,NEW ZEALAND DOLLAR - CHICAGO MERCANTILE EXCHANGE,9417,18262,27208,16873,40302,2022-01-04,-8845,10335
2022-01-11T00:00:00.000,NEW ZEALAND DOLLAR - CHICAGO MERCANTILE EXCHANGE,10960,19564,27650,17346,42066,2022-01-11,-8604,10304
2022-01-18T00:00:00.000,NEW ZEALAND DOLLAR - CHICAGO MERCANTILE EXCHANGE,11612,19943,29876,19254,44727,2022-01-18,-8331,10622
2022-01-25T00:00:00.000,NEW ZEALAND DOLLAR - CHICAGO MERCANTILE EXCHANGE,15948,26721,33712,20431,53316,2022-01-25,-10773,13281
2022-02-01T00:00:00.000,NEW ZEALAND DOLLAR - CHICAGO MERCANTILE EXCHANGE,19205,30903,35644,21625,58467,2022-02-01,-11698,14019
2022-02-08T00:00:00.000,NZ DOLLAR - CHICAGO MERCANTILE EXCHANGE,17168,27534,33591,20858,54877,2022-02-08,-10366,12733
2022-02-15T00:00:00.000,NZ DOLLAR - CHICAGO MERCANTILE EXCHANGE,24923,34256,35432,23412,64105,2022-02-15,-9333,12020
2022-02-22T00:00:00.000,NZ DOLLAR - CHICAGO MERCANTILE EXCHANGE,17343,28894,35481,21573,56636,2022-02-22,-11551,13908
2022-03-01T00:00:00.000,NZ DOLLAR - CHICAGO MERCANTILE EXCHANGE,10485,24657,36326,20236,50389,2022-03-01,-14172,16090
2022-03-08T00:00:00.000,NZ DOLLAR - CHICAGO MERCANTILE EXCHANGE,15775,28154,33005,19413,53250,2022-03-08,-12379,13592
2022-03-15T00:00:00.000,NZ DOLLAR - CHICAGO MERCANTILE EXCHANGE,21493,17840,14671,16486,39200,2022-03-15,3653,-1815
2022-03-22T00:00:00.000,NZ DOLLAR - CHICAGO MERCANTILE EXCHANGE,17156,14636,14227,16296,35256,2022-03-22,2520,-2069
2022-03-29T00:00:00.000,NZ DOLLAR - CHICAGO MERCANTILE EXCHANGE,15504,16371,15507,15510,34881,2022-03-29,-867,-3
2022-04-05T00:00:00.000,NZ DOLLAR - CHICAGO MERCANTILE EXCHANGE,15428,16997,15863,15692,35788,2022-04-05,-1569,171
2022-04-12T00:00:00.000,NZ DOLLAR - CHICAGO MERCANTILE EXCHANGE,16295,16584,17233,17662,37585,2022-04-12,-289,-429
2022-04-19T00:00:00.000,NZ DOLLAR - CHICAGO MERCANTILE EXCHANGE,19081,18716,18853,18350,41098,2022-04-19,365,503
2022-04-26T00:00:00.000,NZ DOLLAR - CHICAGO MERCANTILE EXCHANGE,22085,22019,21346,18877,46510,2022-04-26,66,2469
2022-05-03T00:00:00.000,NZ DOLLAR - CHICAGO MERCANTILE EXCHANGE,17427,24037,30789,20910,50844,2022-05-03,-6610,9879
2022-05-10T00:00:00.000,NZ DOLLAR - CHICAGO MERCANTILE EXCHANGE,15203,28199,38541,21667,56235,2022-05-10,-12996,16874
2022-05-17T00:00:00.000,NZ DOLLAR - CHICAGO MERCANTILE EXCHANGE,14998,32765,43219,21829,60804,2022-05-17,-17767,21390
2022-05-24T00:00:00.000,NZ DOLLAR - CHICAGO MERCANTILE EXCHANGE,10749,30070,45458,22755,59279,2022-05-24,-19321,22703
2022-05-31T00:00:00.000,NZ DOLLAR - CHICAGO MERCANTILE EXCHANGE,9179,27903,42010,20636,55134,2022-05-31,-18724,21374
2022-06-07T00:00:00.000,NZ DOLLAR - CHICAGO MERCANTILE EXCHANGE,12310,32081,43890,21209,63540,2022-06-07,-19771,22681
2022-06-14T00:00:00.000,NZ DOLLAR - CHICAGO MERCANTILE EXCHANGE,14894,21732,28062,18289,45410,2022-06-14,-6838,9773
2022-06-21T00:00:00.000,NZ DOLLAR - CHICAGO MERCANTILE EXCHANGE,14652,20075,26056,17300,42889,2022-06-21,-5423,8756
2022-06-28T00:00:00.000,NZ DOLLAR - CHICAGO MERCANTILE EXCHANGE,11720,17031,26167,17616,40337,2022-06-28,-5311,8551
2022-07-05T00:00:00.000,NZ DOLLAR - CHICAGO MERCANTILE EXCHANGE,13634,20690,29029,18508,45403,2022-07-05,-7056,10521
2022-07-12T00:00:00.000,NZ DOLLAR - CHICAGO MERCANTILE EXCHANGE,14926,20209,28261,19282,45837,2022-07-12,-5283,8979
2022-07-19T00:00:00.000,NZ DOLLAR - CHICAGO MERCANTILE EXCHANGE,15791,19462,26905,19678,45467,2022-07-19,-3671,7227
2022-07-26T00:00:00.000,NZ DOLLAR - CHICAGO MERCANTILE EXCHANGE,17311,21497,26498,18890,46471,2022-07-26,-4186,7608
2022-08-02T00:00:00.000,NZ DOLLAR - CHICAGO MERCANTILE EXCHANGE,16521,18094,25420,20562,45274,2022-08-02,-1573,4858
2022-08-09T00:00:00.000,NZ DOLLAR - CHICAGO MERCANTILE EXCHANGE,18224,18500,24700,20656,45350,2022-08-09,-276,4044
2022-08-16T00:00:00.000,NZ DOLLAR - CHICAGO MERCANTILE EXCHANGE,18412,16643,20688,20493,41729,2022-08-16,1769,195
2022-08-23T00:00:00.000,NZ DOLLAR - CHICAGO MERCANTILE EXCHANGE,16789,18263,22994,17995,42311,2022-08-23,-1474,4999
2022-08-30T00:00:00.000,NZ DOLLAR - CHICAGO MERCANTILE EXCHANGE,16407,19531,24861,18328,44376,2022-08-30,-3124,6533
2022-09-06T00:00:00.000,NZ DOLLAR - CHICAGO MERCANTILE EXCHANGE,17165,19911,25900,19400,46796,2022-09-06,-2746,6500
2022-09-13T00:00:00.000,NZ DOLLAR - CHICAGO MERCANTILE EXCHANGE,17949,23250,27458,18050,51079,2022-09-13,-5301,9408
2022-09-20T00:00:00.000,NZ DOLLAR - CHICAGO MERCANTILE EXCHANGE,11646,24235,33408,16617,47884,2022-09-20,-12589,16791
2022-09-27T00:00:00.000,NZ DOLLAR - CHICAGO MERCANTILE EXCHANGE,12287,23758,30343,15271,45240,2022-09-27,-11471,15072
2022-10-04T00:00:00.000,NZ DOLLAR - CHICAGO MERCANTILE EXCHANGE,14966,28944,30957,13698,48487,2022-10-04,-13978,17259
2022-10-11T00:00:00.000,NZ DOLLAR - CHICAGO MERCANTILE EXCHANGE,11894,30936,35834,13317,50557,2022-10-11,-19042,22517
2022-10-18T00:00:00.000,NZ DOLLAR - CHICAGO MERCANTILE EXCHANGE,10328,28773,37048,14689,50448,2022-10-18,-18445,22359
2022-10-25T00:00:00.000,NZ DOLLAR - CHICAGO MERCANTILE EXCHANGE,15639,28523,31568,15279,50620,2022-10-25,-12884,16289
2022-11-01T00:00:00.000,NZ DOLLAR - CHICAGO MERCANTILE EXCHANGE,21115,24962,23103,16222,47219,2022-11-01,-3847,6881
2022-11-08T00:00:00.000,NZ DOLLAR - CHICAGO MERCANTILE EXCHANGE,18085,24452,24923,16131,45808,2022-11-08,-6367,8792
2022-11-15T00:00:00.000,NZ DOLLAR - CHICAGO MERCANTILE EXCHANGE,15285,21913,24311,15930,42589,2022-11-15,-6628,8381
2022-11-22T00:00:00.000,NZ DOLLAR - CHICAGO MERCANTILE EXCHANGE,15536,19820,23526,18462,42589,2022-11-22,-4284,5064
2022-11-29T00:00:00.000,NZ DOLLAR - CHICAGO MERCANTILE EXCHANGE,18855,23909,23162,18521,46180,2022-11-29,-5054,4641
2022-12-06T00:00:00.000,NZ DOLLAR - CHICAGO MERCANTILE EXCHANGE,16302,22800,22950,16649,42954,2022-12-06,-6498,6301
2022-12-13T00:00:00.000,NZ DOLLAR - CHICAGO MERCANTILE EXCHANGE,19700,27206,28793,22697,55294,2022-12-13,-7506,6096
2022-12-20T00:00:00.000,NZ DOLLAR - CHICAGO MERCANTILE EXCHANGE,13386,7052,11210,18965,29044,2022-12-20,6334,-7755
2022-12-27T00:00:00.000,NZ DOLLAR - CHICAGO MERCANTILE EXCHANGE,15576,8669,13483,21755,33552,2022-12-27,6907,-8272
2023-01-03T00:00:00.000,NZ DOLLAR - CHICAGO MERCANTILE EXCHANGE,13366,5886,12378,20548,29773,2023-01-03,7480,-8170
2023-01-10T00:00:00.000,NZ DOLLAR - CHICAGO MERCANTILE EXCHANGE,12607,5257,10520,19019,27566,2023-01-10,7350,-8499
2023-01-17T00:00:00.000,NZ DOLLAR - CHICAGO MERCANTILE EXCHANGE,11308,5250,15888,22574,31579,2023-01-17,6058,-6686
2023-01-24T00:00:00.000,NZ DOLLAR - CHICAGO MERCANTILE EXCHANGE,10170,7996,16662,20903,32710,2023-01-24,2174,-4241
2023-01-31T00:00:00.000,NZ DOLLAR - CHICAGO MERCANTILE EXCHANGE,15376,6990,13762,22575,34587,2023-01-31,8386,-8813
2023-02-07T00:00:00.000,NZ DOLLAR - CHICAGO MERCANTILE EXCHANGE,16181,5337,9195,19650,31410,2023-02-07,10844,-10455
2023-02-14T00:00:00.000,NZ DOLLAR - CHICAGO MERCANTILE EXCHANGE,14185,5182,8820,19086,29900,2023-02-14,9003,-10266
2023-02-21T00:00:00.000,NZ DOLLAR - CHICAGO MERCANTILE EXCHANGE,15561,6773,8965,17989,29888,2023-02-21,8788,-9024
2023-02-28T00:00:00.000,NZ DOLLAR - CHICAGO MERCANTILE EXCHANGE,21318,14208,14409,20584,40006,2023-02-28,7110,-6175
2023-03-07T00:00:00.000,NZ DOLLAR - CHICAGO MERCANTILE EXCHANGE,22415,16788,19119,22908,48777,2023-03-07,5627,-3789
2023-03-14T00:00:00.000,NZ DOLLAR - CHICAGO MERCANTILE EXCHANGE,12185,16926,19909,14537,35374,2023-03-14,-4741,5372
2023-03-21T00:00:00.000,NZ DOLLAR - CHICAGO MERCANTILE EXCHANGE,6765,15548,21576,12680,32179,2023-03-21,-8783,8896
2023-03-28T00:00:00.000,NZ DOLLAR - CHICAGO MERCANTILE EXCHANGE,9720,16330,18639,12086,31981,2023-03-28,-6610,6553
2023-04-04T00:00:00.000,NZ DOLLAR - CHICAGO MERCANTILE EXCHANGE,14280,18311,17050,14353,36080,2023-04-04,-4031,2697
2023-04-11T00:00:00.000,NZ DOLLAR - CHICAGO MERCANTILE EXCHANGE,13097,17578,17758,15187,35806,2023-04-11,-4481,2571
2023-04-18T00:00:00.000,NZ DOLLAR - CHICAGO MERCANTILE EXCHANGE,10876,14780,18474,14757,33377,2023-04-18,-3904,3717
2023-04-25T00:00:00.000,NZ DOLLAR - CHICAGO MERCANTILE EXCHANGE,13070,16322,19334,15406,36603,2023-04-25,-3252,3928
2023-05-02T00:00:00.000,NZ DOLLAR - CHICAGO MERCANTILE EXCHANGE,16027,17944,19705,16473,38910,2023-05-02,-1917,3232
2023-05-09T00:00:00.000,NZ DOLLAR - CHICAGO MERCANTILE EXCHANGE,17461,22042,20224,15941,41583,2023-05-09,-4581,4283
2023-05-16T00:00:00.000,NZ DOLLAR - CHICAGO MERCANTILE EXCHANGE,14610,16685,17789,15846,36187,2023-05-16,-2075,1943
2023-05-23T00:00:00.000,NZ DOLLAR - CHICAGO MERCANTILE EXCHANGE,16648,17011,17854,18410,39011,2023-05-23,-363,-556
2023-05-30T00:00:00.000,NZ DOLLAR - CHICAGO MERCANTILE EXCHANGE,16081,16211,18608,17413,39507,2023-05-30,-130,1195
2023-06-06T00:00:00.000,NZ DOLLAR - CHICAGO MERCANTILE EXCHANGE,16109,16812,18954,16098,41665,2023-06-06,-703,2856
2023-06-13T00:00:00.000,NZ DOLLAR - CHICAGO MERCANTILE EXCHANGE,15943,16774,24559,19705,46496,2023-06-13,-831,4854
2023-06-20T00:00:00.000,NZ DOLLAR - CHICAGO MERCANTILE EXCHANGE,10867,13526,18573,14132,32401,2023-06-20,-2659,4441
2023-06-27T00:00:00.000,NZ DOLLAR - CHICAGO MERCANTILE EXCHANGE,13207,14038,17713,16496,34362,2023-06-27,-831,1217
2023-07-03T00:00:00.000,NZ DOLLAR - CHICAGO MERCANTILE EXCHANGE,13170,12340,18176,16665,34057,2023-07-03,830,1511
2023-07-11T00:00:00.000,NZ DOLLAR - CHICAGO MERCANTILE EXCHANGE,13297,14548,18666,16047,34947,2023-07-11,-1251,2619
2023-07-18T00:00:00.000,NZ DOLLAR - CHICAGO MERCANTILE EXCHANGE,13193,16819,20654,19716,39402,2023-07-18,-3626,938
2023-07-25T00:00:00.000,NZ DOLLAR - CHICAGO MERCANTILE EXCHANGE,12933,13882,19664,19632,36820,2023-07-25,-949,32
2023-08-01T00:00:00.000,NZ DOLLAR - CHICAGO MERCANTILE EXCHANGE,15551,13965,16569,18502,36091,2023-08-01,1586,-1933
2023-08-08T00:00:00.000,NZ DOLLAR - CHICAGO MERCANTILE EXCHANGE,18758,19126,18874,17420,40986,2023-08-08,-368,1454
2023-08-15T00:00:00.000,NZ DOLLAR - CHICAGO MERCANTILE EXCHANGE,21910,24346,21795,16826,46781,2023-08-15,-2436,4969
2023-08-22T00:00:00.000,NZ DOLLAR - CHICAGO MERCANTILE EXCHANGE,21478,27991,26132,16917,51035,2023-08-22,-6513,9215
2023-08-29T00:00:00.000,NZ DOLLAR - CHICAGO MERCANTILE EXCHANGE,20554,30930,30933,17636,56617,2023-08-29,-10376,13297
2023-09-05T00:00:00.000,NZ DOLLAR - CHICAGO MERCANTILE EXCHANGE,16847,30847,34068,16777,56462,2023-09-05,-14000,17291
2023-09-12T00:00:00.000,NZ DOLLAR - CHICAGO MERCANTILE EXCHANGE,14797,29417,42395,25138,67487,2023-09-12,-14620,17257
2023-09-19T00:00:00.000,NZ DOLLAR - CHICAGO MERCANTILE EXCHANGE,7618,28890,41596,17295,52588,2023-09-19,-21272,24301
2023-09-26T00:00:00.000,NZ DOLLAR - CHICAGO MERCANTILE EXCHANGE,10632,25813,36867,18446,50757,2023-09-26,-15181,18421
2023-10-03T00:00:00.000,NZ DOLLAR - CHICAGO MERCANTILE EXCHANGE,15895,23545,33651,22934,52291,2023-10-03,-7650,10717
2023-10-10T00:00:00.000,NZ DOLLAR - CHICAGO MERCANTILE EXCHANGE,18672,22761,32069,25723,54694,2023-10-10,-4089,6346
2023-10-17T00:00:00.000,NZ DOLLAR - CHICAGO MERCANTILE EXCHANGE,16008,21907,33899,26237,54135,2023-10-17,-5899,7662
2023-10-24T00:00:00.000,NZ DOLLAR - CHICAGO MERCANTILE EXCHANGE,13448,26299,39718,23667,57243,2023-10-24,-12851,16051
2023-10-31T00:00:00.000,NZ DOLLAR - CHICAGO MERCANTILE EXCHANGE,14332,27149,39509,23273,57676,2023-10-31,-12817,16236
2023-11-07T00:00:00.000,NZ DOLLAR - CHICAGO MERCANTILE EXCHANGE,9399,24339,37432,20059,51001,2023-11-07,-14940,17373
2023-11-14T00:00:00.000,NZ DOLLAR - CHICAGO MERCANTILE EXCHANGE,8818,25852,36817,17647,49906,2023-11-14,-17034,19170
2023-11-21T00:00:00.000,NZ DOLLAR - CHICAGO MERCANTILE EXCHANGE,7958,24812,36279,18099,48137,2023-11-21,-16854,18180
2023-11-28T00:00:00.000,NZ DOLLAR - CHICAGO MERCANTILE EXCHANGE,10104,29713,36898,16690,51460,2023-11-28,-19609,20208
2023-12-05T00:00:00.000,NZ DOLLAR - CHICAGO MERCANTILE EXCHANGE,11796,28246,36358,21143,54732,2023-12-05,-16450,15215
2023-12-12T00:00:00.000,NZ DOLLAR - CHICAGO MERCANTILE EXCHANGE,13273,26761,34588,21479,58308,2023-12-12,-13488,13109
2023-12-19T00:00:00.000,NZ DOLLAR - CHICAGO MERCANTILE EXCHANGE,14562,17954,12976,11556,33652,2023-12-19,-3392,1420
2023-12-26T00:00:00.000,NZ DOLLAR - CHICAGO MERCANTILE EXCHANGE,14582,18249,13556,12414,34911,2023-12-26,-3667,1142
2024-01-02T00:00:00.000,NZ DOLLAR - CHICAGO MERCANTILE EXCHANGE,18043,18589,14360,16799,39215,2024-01-02,-546,-2439
2024-01-09T00:00:00.000,NZ DOLLAR - CHICAGO MERCANTILE EXCHANGE,16221,17988,15791,15993,38539,2024-01-09,-1767,-202
2024-01-16T00:00:00.000,NZ DOLLAR - CHICAGO MERCANTILE EXCHANGE,14592,17474,16203,16204,38466,2024-01-16,-2882,-1
2024-01-23T00:00:00.000,NZ DOLLAR - CHICAGO MERCANTILE EXCHANGE,13783,15526,16533,16207,36633,2024-01-23,-1743,326
2024-01-30T00:00:00.000,NZ DOLLAR - CHICAGO MERCANTILE EXCHANGE,14114,15154,16682,16971,36979,2024-01-30,-1040,-289
2024-02-06T00:00:00.000,NZ DOLLAR - CHICAGO MERCANTILE EXCHANGE,16128,15298,17115,18085,39305,2024-02-06,830,-970
2024-02-13T00:00:00.000,NZ DOLLAR - CHICAGO MERCANTILE EXCHANGE,19632,16225,15668,20173,41827,2024-02-13,3407,-4505
2024-02-20T00:00:00.000,NZ DOLLAR - CHICAGO MERCANTILE EXCHANGE,19758,13132,14341,22140,40950,2024-02-20,6626,-7799
2024-02-27T00:00:00.000,NZ DOLLAR - CHICAGO MERCANTILE EXCHANGE,23942,13885,17474,29899,48463,2024-02-27,10057,-12425
2024-03-05T00:00:00.000,NZ DOLLAR - CHICAGO MERCANTILE EXCHANGE,21899,14671,21419,29205,50123,2024-03-05,7228,-7786
2024-03-12T00:00:00.000,NZ DOLLAR - CHICAGO MERCANTILE EXCHANGE,16391,13926,26408,30745,52711,2024-03-12,2465,-4337
2024-03-19T00:00:00.000,NZ DOLLAR - CHICAGO MERCANTILE EXCHANGE,19064,19253,26118,26125,50301,2024-03-19,-189,-7
2024-03-26T00:00:00.000,NZ DOLLAR - CHICAGO MERCANTILE EXCHANGE,14680,20704,34584,26853,53416,2024-03-26,-6024,7731
2024-04-02T00:00:00.000,NZ DOLLAR - CHICAGO MERCANTILE EXCHANGE,19725,27253,38421,27726,61732,2024-04-02,-7528,10695
2024-04-09T00:00:00.000,NZ DOLLAR - CHICAGO MERCANTILE EXCHANGE,13726,27273,39515,23276,56260,2024-04-09,-13547,16239
2024-04-16T00:00:00.000,NZ DOLLAR - CHICAGO MERCANTILE EXCHANGE,18019,29745,41195,26625,62857,2024-04-16,-11726,14570
2024-04-23T00:00:00.000,NZ DOLLAR - CHICAGO MERCANTILE EXCHANGE,18254,30301,36823,22421,58570,2024-04-23,-12047,14402
2024-04-30T00:00:00.000,NZ DOLLAR - CHICAGO MERCANTILE EXCHANGE,21514,30065,33942,23335,58811,2024-04-30,-8551,10607
2024-05-07T00:00:00.000,NZ DOLLAR - CHICAGO MERCANTILE EXCHANGE,19060,30251,33531,19739,55822,2024-05-07,-11191,13792
2024-05-14T00:00:00.000,NZ DOLLAR - CHICAGO MERCANTILE EXCHANGE,19284,30484,32451,20289,55640,2024-05-14,-11200,12162
2024-05-21T00:00:00.000,NZ DOLLAR - CHICAGO MERCANTILE EXCHANGE,22599,23969,23061,20317,49105,2024-05-21,-1370,2744
2024-05-28T00:00:00.000,NZ DOLLAR - CHICAGO MERCANTILE EXCHANGE,26916,24870,25013,26792,57525,2024-05-28,2046,-1779
2024-06-04T00:00:00.000,NZ DOLLAR - CHICAGO MERCANTILE EXCHANGE,29791,22586,19065,26728,54758,2024-06-04,7205,-7663
2024-06-11T00:00:00.000,NZ DOLLAR - CHICAGO MERCANTILE EXCHANGE,33376,22398,24988,36692,65785,2024-06-11,10978,-11704
2024-06-18T00:00:00.000,NZ DOLLAR - CHICAGO MERCANTILE EXCHANGE,39430,19101,12566,35076,58436,2024-06-18,20329,-22510
2024-06-25T00:00:00.000,NZ DOLLAR - CHICAGO MERCANTILE EXCHANGE,43711,17069,10779,38346,60495,2024-06-25,26642,-27567
2024-07-02T00:00:00.000,NZ DOLLAR - CHICAGO MERCANTILE EXCHANGE,45185,14442,11035,41426,62491,2024-07-02,30743,-30391
2024-07-09T00:00:00.000,NZ DOLLAR - CHICAGO MERCANTILE EXCHANGE,41683,15771,11129,37957,59513,2024-07-09,25912,-26828
2024-07-16T00:00:00.000,NZ DOLLAR - CHICAGO MERCANTILE EXCHANGE,34473,21912,19484,31586,60953,2024-07-16,12561,-12102
2024-07-23T00:00:00.000,NZ DOLLAR - CHICAGO MERCANTILE EXCHANGE,30207,25693,28516,31802,63589,2024-07-23,4514,-3286
2024-07-30T00:00:00.000,NZ DOLLAR - CHICAGO MERCANTILE EXCHANGE,27299,38707,44955,30991,76323,2024-07-30,-11408,13964
2024-08-06T00:00:00.000,NZ DOLLAR - CHICAGO MERCANTILE EXCHANGE,19843,36594,50442,31302,74141,2024-08-06,-16751,19140
2024-08-13T00:00:00.000,NZ DOLLAR - CHICAGO MERCANTILE EXCHANGE,17050,32674,44973,28162,66596,2024-08-13,-15624,16811
2024-08-20T00:00:00.000,NZ DOLLAR - CHICAGO MERCANTILE EXCHANGE,18887,32656,42907,28907,66846,2024-08-20,-13769,14000
2024-08-27T00:00:00.000,NZ DOLLAR - CHICAGO MERCANTILE EXCHANGE,20648,28964,37932,30273,65108,2024-08-27,-8316,7659
2024-09-03T00:00:00.000,NZ DOLLAR - CHICAGO MERCANTILE EXCHANGE,25235,25473,30379,32535,63566,2024-09-03,-238,-2156
2024-09-10T00:00:00.000,NZ DOLLAR - CHICAGO MERCANTILE EXCHANGE,21394,24709,31511,31858,63720,2024-09-10,-3315,-347
2024-09-17T00:00:00.000,NZ DOLLAR - CHICAGO MERCANTILE EXCHANGE,20758,22648,22813,23075,49301,2024-09-17,-1890,-262
2024-09-24T00:00:00.000,NZ DOLLAR - CHICAGO MERCANTILE EXCHANGE,26475,27933,22853,23781,55135,2024-09-24,-1458,-928
2024-10-01T00:00:00.000,NZ DOLLAR - CHICAGO MERCANTILE EXCHANGE,29168,27198,25264,30677,61226,2024-10-01,1970,-5413
2024-10-08T00:00:00.000,NZ DOLLAR - CHICAGO MERCANTILE EXCHANGE,26287,25006,25088,28591,57037,2024-10-08,1281,-3503
2024-10-15T00:00:00.000,NZ DOLLAR - CHICAGO MERCANTILE EXCHANGE,25079,25371,24748,25870,54894,2024-10-15,-292,-1122
2024-10-22T00:00:00.000,NZ DOLLAR - CHICAGO MERCANTILE EXCHANGE,25821,26144,25148,25688,55605,2024-10-22,-323,-540
2024-10-29T00:00:00.000,NZ DOLLAR - CHICAGO MERCANTILE EXCHANGE,26077,28244,27850,24243,58020,2024-10-29,-2167,3607
2024-11-05T00:00:00.000,NZ DOLLAR - CHICAGO MERCANTILE EXCHANGE,21855,30054,34368,24748,59800,2024-11-05,-8199,9620
2024-11-12T00:00:00.000,NZ DOLLAR - CHICAGO MERCANTILE EXCHANGE,22871,34531,37696,24684,64216,2024-11-12,-11660,13012
2024-11-19T00:00:00.000,NZ DOLLAR - CHICAGO MERCANTILE EXCHANGE,21762,40200,47092,25769,72846,2024-11-19,-18438,21323
2024-11-26T00:00:00.000,NZ DOLLAR - CHICAGO MERCANTILE EXCHANGE,21408,45789,53098,25211,79001,2024-11-26,-24381,27887
2024-12-03T00:00:00.000,NZ DOLLAR - CHICAGO MERCANTILE EXCHANGE,21213,44521,53338,27608,80220,2024-12-03,-23308,25730
2024-12-10T00:00:00.000,NZ DOLLAR - CHICAGO MERCANTILE EXCHANGE,19605,47812,69879,38032,98096,2024-12-10,-28207,31847
2024-12-17T00:00:00.000,NZ DOLLAR - CHICAGO MERCANTILE EXCHANGE,9370,51877,68108,21785,80998,2024-12-17,-42507,46323
2024-12-24T00:00:00.000,NZ DOLLAR - CHICAGO MERCANTILE EXCHANGE,10244,56261,71001,21754,84775,2024-12-24,-46017,49247
2024-12-31T00:00:00.000,NZ DOLLAR - CHICAGO MERCANTILE EXCHANGE,12766,61081,71830,20318,88125,2024-12-31,-48315,51512
2025-01-07T00:00:00.000,NZ DOLLAR - CHICAGO MERCANTILE EXCHANGE,10439,65063,77759,20666,92127,2025-01-07,-54624,57093
2025-01-14T00:00:00.000,NZ DOLLAR - CHICAGO MERCANTILE EXCHANGE,10921,63010,77144,22500,92053,2025-01-14,-52089,54644
2025-01-21T00:00:00.000,NZ DOLLAR - CHICAGO MERCANTILE EXCHANGE,8938,60161,77776,23935,90600,2025-01-21,-51223,53841
2025-01-28T00:00:00.000,NZ DOLLAR - CHICAGO MERCANTILE EXCHANGE,7898,54929,72468,22817,83969,2025-01-28,-47031,49651
2025-02-04T00:00:00.000,NZ DOLLAR - CHICAGO MERCANTILE EXCHANGE,8327,57417,71989,20314,83998,2025-02-04,-49090,51675
2025-02-11T00:00:00.000,NZ DOLLAR - CHICAGO MERCANTILE EXCHANGE,11218,60554,71567,20169,87118,2025-02-11,-49336,51398
2025-02-18T00:00:00.000,NZ DOLLAR - CHICAGO MERCANTILE EXCHANGE,13048,65211,71887,18055,89366,2025-02-18,-52163,53832
2025-02-25T00:00:00.000,NZ DOLLAR - CHICAGO MERCANTILE EXCHANGE,13628,67337,72094,17050,90322,2025-02-25,-53709,55044
2025-03-04T00:00:00.000,NZ DOLLAR - CHICAGO MERCANTILE EXCHANGE,17843,73608,77550,18940,99433,2025-03-04,-55765,58610
2025-03-11T00:00:00.000,NZ DOLLAR - CHICAGO MERCANTILE EXCHANGE,16282,69213,94892,39566,117627,2025-03-11,-52931,55326
2025-03-18T00:00:00.000,NZ DOLLAR - CHICAGO MERCANTILE EXCHANGE,15954,56398,64529,22638,84543,2025-03-18,-40444,41891
2025-03-25T00:00:00.000,NZ DOLLAR - CHICAGO MERCANTILE EXCHANGE,13435,55002,64617,21752,82270,2025-03-25,-41567,42865
2025-04-01T00:00:00.000,NZ DOLLAR - CHICAGO MERCANTILE EXCHANGE,11164,56212,66892,19999,81797,2025-04-01,-45048,46893
2025-04-08T00:00:00.000,NZ DOLLAR - CHICAGO MERCANTILE EXCHANGE,7935,47087,61022,19730,72109,2025-04-08,-39152,41292
2025-04-15T00:00:00.000,NZ DOLLAR - CHICAGO MERCANTILE EXCHANGE,8761,41839,54047,19524,66702,2025-04-15,-33078,34523
2025-04-22T00:00:00.000,NZ DOLLAR - CHICAGO MERCANTILE EXCHANGE,9897,36792,48333,20884,62689,2025-04-22,-26895,27449
2025-04-29T00:00:00.000,NZ DOLLAR - CHICAGO MERCANTILE EXCHANGE,12170,33693,46070,24768,63075,2025-04-29,-21523,21302
2025-05-06T00:00:00.000,NZ DOLLAR - CHICAGO MERCANTILE EXCHANGE,10188,33323,45115,22285,60509,2025-05-06,-23135,22830
2025-05-13T00:00:00.000,NZ DOLLAR - CHICAGO MERCANTILE EXCHANGE,10207,32819,45320,23204,60757,2025-05-13,-22612,22116
2025-05-20T00:00:00.000,NZ DOLLAR - CHICAGO MERCANTILE EXCHANGE,9981,33633,46591,22331,61056,2025-05-20,-23652,24260
2025-05-27T00:00:00.000,NZ DOLLAR - CHICAGO MERCANTILE EXCHANGE,9093,33479,45071,20703,59262,2025-05-27,-24386,24368
2025-06-03T00:00:00.000,NZ DOLLAR - CHICAGO MERCANTILE EXCHANGE,9531,33205,51514,27913,67925,2025-06-03,-23674,23601
2025-06-10T00:00:00.000,NZ DOLLAR - CHICAGO MERCANTILE EXCHANGE,9312,30547,58294,37511,78867,2025-06-10,-21235,20783
2025-06-17T00:00:00.000,NZ DOLLAR - CHICAGO MERCANTILE EXCHANGE,14571,15844,24250,24110,47833,2025-06-17,-1273,140
2025-06-24T00:00:00.000,NZ DOLLAR - CHICAGO MERCANTILE EXCHANGE,18619,15849,17004,20881,44217,2025-06-24,2770,-3877
2025-07-01T00:00:00.000,NZ DOLLAR - CHICAGO MERCANTILE EXCHANGE,18315,14165,14526,20290,42303,2025-07-01,4150,-5764
2025-07-08T00:00:00.000,NZ DOLLAR - CHICAGO MERCANTILE EXCHANGE,18984,14063,14023,20962,43037,2025-07-08,4921,-6939
2025-07-15T00:00:00.000,NZ DOLLAR - CHICAGO MERCANTILE EXCHANGE,16623,12988,16041,20044,41959,2025-07-15,3635,-4003
2025-07-22T00:00:00.000,NZ DOLLAR - CHICAGO MERCANTILE EXCHANGE,11955,15117,22656,19365,44100,2025-07-22,-3162,3291
2025-07-29T00:00:00.000,NZ DOLLAR - CHICAGO MERCANTILE EXCHANGE,13080,15171,23295,22132,46587,2025-07-29,-2091,1163
2025-08-05T00:00:00.000,NZ DOLLAR - CHICAGO MERCANTILE EXCHANGE,11085,15918,27755,21596,48090,2025-08-05,-4833,6159
2025-08-12T00:00:00.000,NZ DOLLAR - CHICAGO MERCANTILE EXCHANGE,11160,15847,27937,22138,48240,2025-08-12,-4687,5799
2025-08-19T00:00:00.000,NZ DOLLAR - CHICAGO MERCANTILE EXCHANGE,12986,17056,25428,20359,47495,2025-08-19,-4070,5069
2025-08-26T00:00:00.000,NZ DOLLAR - CHICAGO MERCANTILE EXCHANGE,17143,23248,28377,20466,53094,2025-08-26,-6105,7911
2025-09-02T00:00:00.000,NZ DOLLAR - CHICAGO MERCANTILE EXCHANGE,17462,23936,29585,21489,55035,2025-09-02,-6474,8096
2025-09-09T00:00:00.000,NZ DOLLAR - CHICAGO MERCANTILE EXCHANGE,15479,24222,38065,27224,71602,2025-09-09,-8743,10841
2025-09-16T00:00:00.000,NZ DOLLAR - CHICAGO MERCANTILE EXCHANGE,9251,27255,34634,15218,49146,2025-09-16,-18004,19416
2025-09-23T00:00:00.000,NZ DOLLAR - CHICAGO MERCANTILE EXCHANGE,12295,33415,37503,14932,56346,2025-09-23,-21120,22571
2025-09-30T00:00:00.000,NZ DOLLAR - CHICAGO MERCANTILE EXCHANGE,23582,44207,39737,17298,68651,2025-09-30,-20625,22439
2025-10-07T00:00:00.000,NZ DOLLAR - CHICAGO MERCANTILE EXCHANGE,22866,47289,44976,19076,72345,2025-10-07,-24423,25900
2025-10-14T00:00:00.000,NZ DOLLAR - CHICAGO MERCANTILE EXCHANGE,25599,55340,52172,20117,82509,2025-10-14,-29741,32055
2025-10-21T00:00:00.000,NZ DOLLAR - CHICAGO MERCANTILE EXCHANGE,25478,61753,59445,21500,89666,2025-10-21,-36275,37945
2025-10-28T00:00:00.000,NZ DOLLAR - CHICAGO MERCANTILE EXCHANGE,24330,59296,59007,22011,88049,2025-10-28,-34966,36996
2025-11-04T00:00:00.000,NZ DOLLAR - CHICAGO MERCANTILE EXCHANGE,25314,62726,59715,20748,91568,2025-11-04,-37412,38967
2025-11-10T00:00:00.000,NZ DOLLAR - CHICAGO MERCANTILE EXCHANGE,28677,72746,67898,21813,102883,2025-11-10,-44069,46085
2025-11-18T00:00:00.000,NZ DOLLAR - CHICAGO MERCANTILE EXCHANGE,24211,73468,72569,21081,103502,2025-11-18,-49257,51488
2025-11-25T00:00:00.000,NZ DOLLAR - CHICAGO MERCANTILE EXCHANGE,23477,75548,76573,22468,107180,2025-11-25,-52071,54105
2025-12-02T00:00:00.000,NZ DOLLAR - CHICAGO MERCANTILE EXCHANGE,18394,71510,79164,23237,104251,2025-12-02,-53116,55927
2025-12-09T00:00:00.000,NZ DOLLAR - CHICAGO MERCANTILE EXCHANGE,14333,71114,82051,23540,114432,2025-12-09,-56781,58511
2025-12-16T00:00:00.000,NZ DOLLAR - CHICAGO MERCANTILE EXCHANGE,8129,56172,66845,17587,103974,2025-12-16,-48043,49258
2025-12-23T00:00:00.000,NZ DOLLAR - CHICAGO MERCANTILE EXCHANGE,9596,53630,65300,20375,82159,2025-12-23,-44034,44925
2025-12-30T00:00:00.000,NZ DOLLAR - CHICAGO MERCANTILE EXCHANGE,8706,51960,63607,19808,79352,2025-12-30,-43254,43799
2026-01-06T00:00:00.000,NZ DOLLAR - CHICAGO MERCANTILE EXCHANGE,12971,56334,64978,20758,84556,2026-01-06,-43363,44220
2026-01-13T00:00:00.000,NZ DOLLAR - CHICAGO MERCANTILE EXCHANGE,9613,58464,69662,20300,85211,2026-01-13,-48851,49362
2026-01-20T00:00:00.000,NZ DOLLAR - CHICAGO MERCANTILE EXCHANGE,13670,63280,73619,22808,92661,2026-01-20,-49610,50811
2026-01-27T00:00:00.000,NZ DOLLAR - CHICAGO MERCANTILE EXCHANGE,12074,59819,69085,20217,85552,2026-01-27,-47745,48868
2026-02-03T00:00:00.000,NZ DOLLAR - CHICAGO MERCANTILE EXCHANGE,11883,46177,54596,20220,71304,2026-02-03,-34294,34376
2026-02-10T00:00:00.000,NZ DOLLAR - CHICAGO MERCANTILE EXCHANGE,11801,46720,54116,20433,71848,2026-02-10,-34919,33683
2026-02-17T00:00:00.000,NZ DOLLAR - CHICAGO MERCANTILE EXCHANGE,11183,46196,55719,22010,73004,2026-02-17,-35013,33709
2026-02-24T00:00:00.000,NZ DOLLAR - CHICAGO MERCANTILE EXCHANGE,13839,43406,50226,22569,71503,2026-02-24,-29567,27657
2026-03-03T00:00:00.000,NZ DOLLAR - CHICAGO MERCANTILE EXCHANGE,13176,47510,55324,21635,79462,2026-03-03,-34334,33689
2026-03-10T00:00:00.000,NZ DOLLAR - CHICAGO MERCANTILE EXCHANGE,10944,48055,64110,27103,84215,2026-03-10,-37111,37007
2026-03-17T00:00:00.000,NZ DOLLAR - CHICAGO MERCANTILE EXCHANGE,10998,34055,49317,25457,64084,2026-03-17,-23057,23860
2026-03-24T00:00:00.000,NZ DOLLAR - CHICAGO MERCANTILE EXCHANGE,10847,37853,50393,22699,65011,2026-03-24,-27006,27694
2026-03-31T00:00:00.000,NZ DOLLAR - CHICAGO MERCANTILE EXCHANGE,10663,39251,55919,26473,70805,2026-03-31,-28588,29446
2026-04-07T00:00:00.000,NZ DOLLAR - CHICAGO MERCANTILE EXCHANGE,12636,48711,59568,22497,76952,2026-04-07,-36075,37071
2026-04-14T00:00:00.000,NZ DOLLAR - CHICAGO MERCANTILE EXCHANGE,10112,52388,66965,23253,80727,2026-04-14,-42276,43712
2026-04-21T00:00:00.000,NZ DOLLAR - CHICAGO MERCANTILE EXCHANGE,7917,56371,70056,21073,82508,2026-04-21,-48454,48983
