report_date_as_yyyy_mm_dd,market_and_exchange_names,noncomm_positions_long_all,noncomm_positions_short_all,comm_positions_long_all,comm_positions_short_all,open_interest_all,date,spec_net,comm_net
2010-01-05T00:00:00.000,SWISS FRANC - CHICAGO MERCANTILE EXCHANGE,12488,15268,11260,9355,35161,2010-01-05,-2780,1905
2010-01-12T00:00:00.000,SWISS FRANC - CHICAGO MERCANTILE EXCHANGE,17213,3287,6378,24458,38204,2010-01-12,13926,-18080
2010-01-19T00:00:00.000,SWISS FRANC - CHICAGO MERCANTILE EXCHANGE,17281,3310,5700,25353,37744,2010-01-19,13971,-19653
2010-01-26T00:00:00.000,SWISS FRANC - CHICAGO MERCANTILE EXCHANGE,12421,6716,10407,14719,34075,2010-01-26,5705,-4312
2010-02-02T00:00:00.000,SWISS FRANC - CHICAGO MERCANTILE EXCHANGE,10344,12119,15425,10390,36263,2010-02-02,-1775,5035
2010-02-09T00:00:00.000,SWISS FRANC - CHICAGO MERCANTILE EXCHANGE,9219,16115,21986,9772,42359,2010-02-09,-6896,12214
2010-02-16T00:00:00.000,SWISS FRANC - CHICAGO MERCANTILE EXCHANGE,10763,15430,19380,12154,40881,2010-02-16,-4667,7226
2010-02-23T00:00:00.000,SWISS FRANC - CHICAGO MERCANTILE EXCHANGE,12119,20938,23673,10095,45407,2010-02-23,-8819,13578
2010-03-02T00:00:00.000,SWISS FRANC - CHICAGO MERCANTILE EXCHANGE,11508,17818,20150,10198,42147,2010-03-02,-6310,9952
2010-03-09T00:00:00.000,SWISS FRANC - CHICAGO MERCANTILE EXCHANGE,10727,15872,27335,19784,47810,2010-03-09,-5145,7551
2010-03-16T00:00:00.000,SWISS FRANC - CHICAGO MERCANTILE EXCHANGE,8977,14210,10785,6701,32157,2010-03-16,-5233,4084
2010-03-23T00:00:00.000,SWISS FRANC - CHICAGO MERCANTILE EXCHANGE,9239,10327,9433,11335,30910,2010-03-23,-1088,-1902
2010-03-30T00:00:00.000,SWISS FRANC - CHICAGO MERCANTILE EXCHANGE,6735,13275,11652,4984,28290,2010-03-30,-6540,6668
2010-04-06T00:00:00.000,SWISS FRANC - CHICAGO MERCANTILE EXCHANGE,9777,13929,10322,6845,32272,2010-04-06,-4152,3477
2010-04-13T00:00:00.000,SWISS FRANC - CHICAGO MERCANTILE EXCHANGE,10417,15371,11836,6524,33886,2010-04-13,-4954,5312
2010-04-20T00:00:00.000,SWISS FRANC - CHICAGO MERCANTILE EXCHANGE,9838,15220,12238,6679,33431,2010-04-20,-5382,5559
2010-04-27T00:00:00.000,SWISS FRANC - CHICAGO MERCANTILE EXCHANGE,13031,26644,24802,6933,49308,2010-04-27,-13613,17869
2010-05-04T00:00:00.000,SWISS FRANC - CHICAGO MERCANTILE EXCHANGE,12665,29257,27351,4700,51339,2010-05-04,-16592,22651
2010-05-11T00:00:00.000,SWISS FRANC - CHICAGO MERCANTILE EXCHANGE,10020,27547,31079,3597,50562,2010-05-11,-17527,27482
2010-05-18T00:00:00.000,SWISS FRANC - CHICAGO MERCANTILE EXCHANGE,10616,25174,28168,4418,48242,2010-05-18,-14558,23750
2010-05-25T00:00:00.000,SWISS FRANC - CHICAGO MERCANTILE EXCHANGE,11489,24108,27078,5446,48163,2010-05-25,-12619,21632
2010-06-01T00:00:00.000,SWISS FRANC - CHICAGO MERCANTILE EXCHANGE,11139,25863,29143,3466,49959,2010-06-01,-14724,25677
2010-06-08T00:00:00.000,SWISS FRANC - CHICAGO MERCANTILE EXCHANGE,14111,25526,36100,15984,59622,2010-06-08,-11415,20116
2010-06-15T00:00:00.000,SWISS FRANC - CHICAGO MERCANTILE EXCHANGE,8852,25328,27792,4332,44092,2010-06-15,-16476,23460
2010-06-22T00:00:00.000,SWISS FRANC - CHICAGO MERCANTILE EXCHANGE,9620,19885,27203,9470,43561,2010-06-22,-10265,17733
2010-06-29T00:00:00.000,SWISS FRANC - CHICAGO MERCANTILE EXCHANGE,7647,20495,26887,8205,42840,2010-06-29,-12848,18682
2010-07-06T00:00:00.000,SWISS FRANC - CHICAGO MERCANTILE EXCHANGE,7627,15082,23099,17989,45002,2010-07-06,-7455,5110
2010-07-13T00:00:00.000,SWISS FRANC - CHICAGO MERCANTILE EXCHANGE,18237,3647,20586,39904,53056,2010-07-13,14590,-19318
2010-07-20T00:00:00.000,SWISS FRANC - CHICAGO MERCANTILE EXCHANGE,19977,4864,20185,41191,54918,2010-07-20,15113,-21006
2010-07-27T00:00:00.000,SWISS FRANC - CHICAGO MERCANTILE EXCHANGE,15283,9067,24595,37985,55722,2010-07-27,6216,-13390
2010-08-03T00:00:00.000,SWISS FRANC - CHICAGO MERCANTILE EXCHANGE,20302,4079,22236,45511,57976,2010-08-03,16223,-23275
2010-08-10T00:00:00.000,SWISS FRANC - CHICAGO MERCANTILE EXCHANGE,16775,5874,22171,36144,52566,2010-08-10,10901,-13973
2010-08-17T00:00:00.000,SWISS FRANC - CHICAGO MERCANTILE EXCHANGE,18041,6291,20828,38120,54560,2010-08-17,11750,-17292
2010-08-24T00:00:00.000,SWISS FRANC - CHICAGO MERCANTILE EXCHANGE,20735,6867,20376,40811,57316,2010-08-24,13868,-20435
2010-08-31T00:00:00.000,SWISS FRANC - CHICAGO MERCANTILE EXCHANGE,21185,6904,20988,43980,60655,2010-08-31,14281,-22992
2010-09-07T00:00:00.000,SWISS FRANC - CHICAGO MERCANTILE EXCHANGE,25464,8837,28989,56436,74713,2010-09-07,16627,-27447
2010-09-14T00:00:00.000,SWISS FRANC - CHICAGO MERCANTILE EXCHANGE,27800,13564,2770,27970,49352,2010-09-14,14236,-25200
2010-09-21T00:00:00.000,SWISS FRANC - CHICAGO MERCANTILE EXCHANGE,26272,11810,4810,30467,49910,2010-09-21,14462,-25657
2010-09-28T00:00:00.000,SWISS FRANC - CHICAGO MERCANTILE EXCHANGE,27655,7662,6197,36425,53452,2010-09-28,19993,-30228
2010-10-05T00:00:00.000,SWISS FRANC - CHICAGO MERCANTILE EXCHANGE,31693,9094,5279,38448,56636,2010-10-05,22599,-33169
2010-10-12T00:00:00.000,SWISS FRANC - CHICAGO MERCANTILE EXCHANGE,31504,11557,6229,36081,57722,2010-10-12,19947,-29852
2010-10-19T00:00:00.000,SWISS FRANC - CHICAGO MERCANTILE EXCHANGE,24908,13673,9487,30720,54022,2010-10-19,11235,-21233
2010-10-26T00:00:00.000,SWISS FRANC - CHICAGO MERCANTILE EXCHANGE,24600,12081,6871,28422,50068,2010-10-26,12519,-21551
2010-11-02T00:00:00.000,SWISS FRANC - CHICAGO MERCANTILE EXCHANGE,23363,10898,6266,26806,48129,2010-11-02,12465,-20540
2010-11-09T00:00:00.000,SWISS FRANC - CHICAGO MERCANTILE EXCHANGE,24911,12296,8964,28872,51000,2010-11-09,12615,-19908
2010-11-16T00:00:00.000,SWISS FRANC - CHICAGO MERCANTILE EXCHANGE,18005,10202,10138,24359,44579,2010-11-16,7803,-14221
2010-11-23T00:00:00.000,SWISS FRANC - CHICAGO MERCANTILE EXCHANGE,14709,6198,9602,23003,40065,2010-11-23,8511,-13401
2010-11-30T00:00:00.000,SWISS FRANC - CHICAGO MERCANTILE EXCHANGE,16240,8416,11647,25043,43600,2010-11-30,7824,-13396
2010-12-07T00:00:00.000,SWISS FRANC - CHICAGO MERCANTILE EXCHANGE,18014,9027,9920,24795,42914,2010-12-07,8987,-14875
2010-12-14T00:00:00.000,SWISS FRANC - CHICAGO MERCANTILE EXCHANGE,20794,10078,2806,19157,39804,2010-12-14,10716,-16351
2010-12-21T00:00:00.000,SWISS FRANC - CHICAGO MERCANTILE EXCHANGE,25365,12838,2529,22437,44704,2010-12-21,12527,-19908
2010-12-28T00:00:00.000,SWISS FRANC - CHICAGO MERCANTILE EXCHANGE,24349,10347,2446,27467,46356,2010-12-28,14002,-25021
2011-01-04T00:00:00.000,SWISS FRANC - CHICAGO MERCANTILE EXCHANGE,24487,11455,2309,28081,47484,2011-01-04,13032,-25772
2011-01-11T00:00:00.000,SWISS FRANC - CHICAGO MERCANTILE EXCHANGE,20497,9679,2443,23955,42839,2011-01-11,10818,-21512
2011-01-18T00:00:00.000,SWISS FRANC - CHICAGO MERCANTILE EXCHANGE,19711,12719,2369,20441,41839,2011-01-18,6992,-18072
2011-01-25T00:00:00.000,SWISS FRANC - CHICAGO MERCANTILE EXCHANGE,17675,11081,2981,18863,40470,2011-01-25,6594,-15882
2011-02-01T00:00:00.000,SWISS FRANC - CHICAGO MERCANTILE EXCHANGE,22079,11638,2659,24378,46750,2011-02-01,10441,-21719
2011-02-08T00:00:00.000,SWISS FRANC - CHICAGO MERCANTILE EXCHANGE,22686,14505,2041,23558,47876,2011-02-08,8181,-21517
2011-02-15T00:00:00.000,SWISS FRANC - CHICAGO MERCANTILE EXCHANGE,17467,6949,7204,24263,41934,2011-02-15,10518,-17059
2011-02-22T00:00:00.000,SWISS FRANC - CHICAGO MERCANTILE EXCHANGE,18326,6035,6826,25229,43931,2011-02-22,12291,-18403
2011-03-01T00:00:00.000,SWISS FRANC - CHICAGO MERCANTILE EXCHANGE,29218,11201,1976,34891,57360,2011-03-01,18017,-32915
2011-03-08T00:00:00.000,SWISS FRANC - CHICAGO MERCANTILE EXCHANGE,30841,7180,5161,46508,62936,2011-03-08,23661,-41347
2011-03-15T00:00:00.000,SWISS FRANC - CHICAGO MERCANTILE EXCHANGE,32295,4655,3361,45748,61506,2011-03-15,27640,-42387
2011-03-22T00:00:00.000,SWISS FRANC - CHICAGO MERCANTILE EXCHANGE,24883,3582,4050,43244,56786,2011-03-22,21301,-39194
2011-03-29T00:00:00.000,SWISS FRANC - CHICAGO MERCANTILE EXCHANGE,24184,5227,6623,42205,56730,2011-03-29,18957,-35582
2011-04-05T00:00:00.000,SWISS FRANC - CHICAGO MERCANTILE EXCHANGE,21588,10745,12558,40498,59954,2011-04-05,10843,-27940
2011-04-12T00:00:00.000,SWISS FRANC - CHICAGO MERCANTILE EXCHANGE,22272,7615,11077,44300,61505,2011-04-12,14657,-33223
2011-04-19T00:00:00.000,SWISS FRANC - CHICAGO MERCANTILE EXCHANGE,27271,9897,12312,49346,69281,2011-04-19,17374,-37034
2011-04-26T00:00:00.000,SWISS FRANC - CHICAGO MERCANTILE EXCHANGE,27549,9708,15417,51160,71635,2011-04-26,17841,-35743
2011-05-03T00:00:00.000,SWISS FRANC - CHICAGO MERCANTILE EXCHANGE,28551,10170,15091,51377,72778,2011-05-03,18381,-36286
2011-05-10T00:00:00.000,SWISS FRANC - CHICAGO MERCANTILE EXCHANGE,27905,11569,16576,49849,72312,2011-05-10,16336,-33273
2011-05-17T00:00:00.000,SWISS FRANC - CHICAGO MERCANTILE EXCHANGE,24409,8748,15232,49224,68304,2011-05-17,15661,-33992
2011-05-24T00:00:00.000,SWISS FRANC - CHICAGO MERCANTILE EXCHANGE,23088,8363,18312,46575,66776,2011-05-24,14725,-28263
2011-05-31T00:00:00.000,SWISS FRANC - CHICAGO MERCANTILE EXCHANGE,27846,6727,14502,47623,67713,2011-05-31,21119,-33121
2011-06-07T00:00:00.000,SWISS FRANC - CHICAGO MERCANTILE EXCHANGE,26290,9425,21129,50875,74339,2011-06-07,16865,-29746
2011-06-14T00:00:00.000,SWISS FRANC - CHICAGO MERCANTILE EXCHANGE,25555,12268,2772,30752,54048,2011-06-14,13287,-27980
2011-06-21T00:00:00.000,SWISS FRANC - CHICAGO MERCANTILE EXCHANGE,23700,11887,3118,28076,51304,2011-06-21,11813,-24958
2011-06-28T00:00:00.000,SWISS FRANC - CHICAGO MERCANTILE EXCHANGE,21412,11464,4526,27805,51227,2011-06-28,9948,-23279
2011-07-05T00:00:00.000,SWISS FRANC - CHICAGO MERCANTILE EXCHANGE,15983,10692,7112,25189,47566,2011-07-05,5291,-18077
2011-07-12T00:00:00.000,SWISS FRANC - CHICAGO MERCANTILE EXCHANGE,18139,10058,4355,26299,48630,2011-07-12,8081,-21944
2011-07-19T00:00:00.000,SWISS FRANC - CHICAGO MERCANTILE EXCHANGE,21159,9665,5074,29905,52133,2011-07-19,11494,-24831
2011-07-26T00:00:00.000,SWISS FRANC - CHICAGO MERCANTILE EXCHANGE,21103,13226,6473,28080,53513,2011-07-26,7877,-21607
2011-08-02T00:00:00.000,SWISS FRANC - CHICAGO MERCANTILE EXCHANGE,25593,13252,7499,26930,56911,2011-08-02,12341,-19431
2011-08-09T00:00:00.000,SWISS FRANC - CHICAGO MERCANTILE EXCHANGE,14449,9794,15742,27315,53055,2011-08-09,4655,-11573
2011-08-16T00:00:00.000,SWISS FRANC - CHICAGO MERCANTILE EXCHANGE,13330,4322,14400,31306,48498,2011-08-16,9008,-16906
2011-08-23T00:00:00.000,SWISS FRANC - CHICAGO MERCANTILE EXCHANGE,14889,5252,14301,31895,48964,2011-08-23,9637,-17594
2011-08-30T00:00:00.000,SWISS FRANC - CHICAGO MERCANTILE EXCHANGE,13347,4005,13330,30082,45566,2011-08-30,9342,-16752
2011-09-06T00:00:00.000,SWISS FRANC - CHICAGO MERCANTILE EXCHANGE,12589,5040,15148,29066,45785,2011-09-06,7549,-13918
2011-09-13T00:00:00.000,SWISS FRANC - CHICAGO MERCANTILE EXCHANGE,10409,4916,19012,28541,43828,2011-09-13,5493,-9529
2011-09-20T00:00:00.000,SWISS FRANC - CHICAGO MERCANTILE EXCHANGE,7258,3037,1780,8112,21500,2011-09-20,4221,-6332
2011-09-27T00:00:00.000,SWISS FRANC - CHICAGO MERCANTILE EXCHANGE,6618,4194,6247,6967,23123,2011-09-27,2424,-720
2011-10-04T00:00:00.000,SWISS FRANC - CHICAGO MERCANTILE EXCHANGE,5110,6219,10368,6941,24964,2011-10-04,-1109,3427
2011-10-11T00:00:00.000,SWISS FRANC - CHICAGO MERCANTILE EXCHANGE,5233,5220,9689,7286,24317,2011-10-11,13,2403
2011-10-18T00:00:00.000,SWISS FRANC - CHICAGO MERCANTILE EXCHANGE,3829,6072,13243,7283,26097,2011-10-18,-2243,5960
2011-10-25T00:00:00.000,SWISS FRANC - CHICAGO MERCANTILE EXCHANGE,5077,6280,11183,7376,27697,2011-10-25,-1203,3807
2011-11-01T00:00:00.000,SWISS FRANC - CHICAGO MERCANTILE EXCHANGE,3224,4970,8763,8296,23607,2011-11-01,-1746,467
2011-11-08T00:00:00.000,SWISS FRANC - CHICAGO MERCANTILE EXCHANGE,6928,4766,8521,9987,25539,2011-11-08,2162,-1466
2011-11-15T00:00:00.000,SWISS FRANC - CHICAGO MERCANTILE EXCHANGE,5308,7212,15308,9213,30206,2011-11-15,-1904,6095
2011-11-22T00:00:00.000,SWISS FRANC - CHICAGO MERCANTILE EXCHANGE,4049,9919,17929,7588,31022,2011-11-22,-5870,10341
2011-11-29T00:00:00.000,SWISS FRANC - CHICAGO MERCANTILE EXCHANGE,4950,14277,23968,7405,37224,2011-11-29,-9327,16563
2011-12-06T00:00:00.000,SWISS FRANC - CHICAGO MERCANTILE EXCHANGE,4358,15516,29996,9144,42548,2011-12-06,-11158,20852
2011-12-13T00:00:00.000,SWISS FRANC - CHICAGO MERCANTILE EXCHANGE,5005,15486,40110,15865,56102,2011-12-13,-10481,24245
2011-12-20T00:00:00.000,SWISS FRANC - CHICAGO MERCANTILE EXCHANGE,10417,13553,15149,2522,33020,2011-12-20,-3136,12627
2011-12-27T00:00:00.000,SWISS FRANC - CHICAGO MERCANTILE EXCHANGE,3829,14627,24740,2623,35741,2011-12-27,-10798,22117
2012-01-03T00:00:00.000,SWISS FRANC - CHICAGO MERCANTILE EXCHANGE,3787,16142,26042,3322,37999,2012-01-03,-12355,22720
2012-01-10T00:00:00.000,SWISS FRANC - CHICAGO MERCANTILE EXCHANGE,5112,17209,30706,4215,41869,2012-01-10,-12097,26491
2012-01-17T00:00:00.000,SWISS FRANC - CHICAGO MERCANTILE EXCHANGE,4649,17471,29624,4792,41577,2012-01-17,-12822,24832
2012-01-24T00:00:00.000,SWISS FRANC - CHICAGO MERCANTILE EXCHANGE,5172,17686,24745,5275,39314,2012-01-24,-12514,19470
2012-01-31T00:00:00.000,SWISS FRANC - CHICAGO MERCANTILE EXCHANGE,6477,17699,23108,8173,40836,2012-01-31,-11222,14935
2012-02-07T00:00:00.000,SWISS FRANC - CHICAGO MERCANTILE EXCHANGE,8331,18126,24204,8551,42826,2012-02-07,-9795,15653
2012-02-14T00:00:00.000,SWISS FRANC - CHICAGO MERCANTILE EXCHANGE,8663,24526,29411,8188,48092,2012-02-14,-15863,21223
2012-02-21T00:00:00.000,SWISS FRANC - CHICAGO MERCANTILE EXCHANGE,7900,27746,31243,8442,51197,2012-02-21,-19846,22801
2012-02-28T00:00:00.000,SWISS FRANC - CHICAGO MERCANTILE EXCHANGE,9775,29166,28273,9637,52360,2012-02-28,-19391,18636
2012-03-06T00:00:00.000,SWISS FRANC - CHICAGO MERCANTILE EXCHANGE,8114,27592,33875,10434,53649,2012-03-06,-19478,23441
2012-03-13T00:00:00.000,SWISS FRANC - CHICAGO MERCANTILE EXCHANGE,9351,24149,33675,10630,56305,2012-03-13,-14798,23045
2012-03-20T00:00:00.000,SWISS FRANC - CHICAGO MERCANTILE EXCHANGE,11747,22938,22199,4140,43616,2012-03-20,-11191,18059
2012-03-27T00:00:00.000,SWISS FRANC - CHICAGO MERCANTILE EXCHANGE,6293,21389,24561,7877,42852,2012-03-27,-15096,16684
2012-04-03T00:00:00.000,SWISS FRANC - CHICAGO MERCANTILE EXCHANGE,6615,21291,24035,9135,43624,2012-04-03,-14676,14900
2012-04-10T00:00:00.000,SWISS FRANC - CHICAGO MERCANTILE EXCHANGE,6548,16467,23265,6059,39995,2012-04-10,-9919,17206
2012-04-17T00:00:00.000,SWISS FRANC - CHICAGO MERCANTILE EXCHANGE,6040,19802,25816,4669,41358,2012-04-17,-13762,21147
2012-04-24T00:00:00.000,SWISS FRANC - CHICAGO MERCANTILE EXCHANGE,4312,20953,23619,4334,40155,2012-04-24,-16641,19285
2012-05-01T00:00:00.000,SWISS FRANC - CHICAGO MERCANTILE EXCHANGE,5692,20003,22574,7583,41657,2012-05-01,-14311,14991
2012-05-08T00:00:00.000,SWISS FRANC - CHICAGO MERCANTILE EXCHANGE,4980,21474,29889,3199,45717,2012-05-08,-16494,26690
2012-05-15T00:00:00.000,SWISS FRANC - CHICAGO MERCANTILE EXCHANGE,6127,32821,47283,3616,63543,2012-05-15,-26694,43667
2012-05-22T00:00:00.000,SWISS FRANC - CHICAGO MERCANTILE EXCHANGE,4901,39752,58175,3353,71832,2012-05-22,-34851,54822
2012-05-29T00:00:00.000,SWISS FRANC - CHICAGO MERCANTILE EXCHANGE,6882,37478,57697,4355,71895,2012-05-29,-30596,53342
2012-06-05T00:00:00.000,SWISS FRANC - CHICAGO MERCANTILE EXCHANGE,5747,39395,58443,4008,71967,2012-06-05,-33648,54435
2012-06-12T00:00:00.000,SWISS FRANC - CHICAGO MERCANTILE EXCHANGE,5220,38521,60611,7463,92023,2012-06-12,-33301,53148
2012-06-19T00:00:00.000,SWISS FRANC - CHICAGO MERCANTILE EXCHANGE,24108,31115,24379,2115,55756,2012-06-19,-7007,22264
2012-06-26T00:00:00.000,SWISS FRANC - CHICAGO MERCANTILE EXCHANGE,4637,28473,40448,2165,52447,2012-06-26,-23836,38283
2012-07-03T00:00:00.000,SWISS FRANC - CHICAGO MERCANTILE EXCHANGE,5263,24323,40821,8245,53322,2012-07-03,-19060,32576
2012-07-10T00:00:00.000,SWISS FRANC - CHICAGO MERCANTILE EXCHANGE,5815,23399,43752,8717,58117,2012-07-10,-17584,35035
2012-07-17T00:00:00.000,SWISS FRANC - CHICAGO MERCANTILE EXCHANGE,6209,29299,48238,8394,62836,2012-07-17,-23090,39844
2012-07-24T00:00:00.000,SWISS FRANC - CHICAGO MERCANTILE EXCHANGE,5102,31047,50483,8296,64375,2012-07-24,-25945,42187
2012-07-31T00:00:00.000,SWISS FRANC - CHICAGO MERCANTILE EXCHANGE,5409,24217,45865,11664,59536,2012-07-31,-18808,34201
2012-08-07T00:00:00.000,SWISS FRANC - CHICAGO MERCANTILE EXCHANGE,6771,24686,40462,12055,56379,2012-08-07,-17915,28407
2012-08-14T00:00:00.000,SWISS FRANC - CHICAGO MERCANTILE EXCHANGE,6140,24994,41811,12457,56773,2012-08-14,-18854,29354
2012-08-21T00:00:00.000,SWISS FRANC - CHICAGO MERCANTILE EXCHANGE,5921,21583,37181,12089,54619,2012-08-21,-15662,25092
2012-08-28T00:00:00.000,SWISS FRANC - CHICAGO MERCANTILE EXCHANGE,10684,22145,33254,17308,55426,2012-08-28,-11461,15946
2012-09-04T00:00:00.000,SWISS FRANC - CHICAGO MERCANTILE EXCHANGE,9013,22125,33506,18637,55949,2012-09-04,-13112,14869
2012-09-11T00:00:00.000,SWISS FRANC - CHICAGO MERCANTILE EXCHANGE,11648,20615,31084,22300,58031,2012-09-11,-8967,8784
2012-09-18T00:00:00.000,SWISS FRANC - CHICAGO MERCANTILE EXCHANGE,13626,18153,10522,8590,38449,2012-09-18,-4527,1932
2012-09-25T00:00:00.000,SWISS FRANC - CHICAGO MERCANTILE EXCHANGE,13567,14471,8659,13129,37328,2012-09-25,-904,-4470
2012-10-02T00:00:00.000,SWISS FRANC - CHICAGO MERCANTILE EXCHANGE,12641,13625,8815,13887,37313,2012-10-02,-984,-5072
2012-10-09T00:00:00.000,SWISS FRANC - CHICAGO MERCANTILE EXCHANGE,11676,11982,9593,11342,35264,2012-10-09,-306,-1749
2012-10-16T00:00:00.000,SWISS FRANC - CHICAGO MERCANTILE EXCHANGE,10289,11481,8978,14275,36487,2012-10-16,-1192,-5297
2012-10-23T00:00:00.000,SWISS FRANC - CHICAGO MERCANTILE EXCHANGE,10756,8395,9807,17808,36769,2012-10-23,2361,-8001
2012-10-30T00:00:00.000,SWISS FRANC - CHICAGO MERCANTILE EXCHANGE,11785,9419,10369,17224,37591,2012-10-30,2366,-6855
2012-11-06T00:00:00.000,SWISS FRANC - CHICAGO MERCANTILE EXCHANGE,13509,13812,15277,11543,40311,2012-11-06,-303,3734
2012-11-13T00:00:00.000,SWISS FRANC - CHICAGO MERCANTILE EXCHANGE,11388,20276,25039,10602,46940,2012-11-13,-8888,14437
2012-11-20T00:00:00.000,SWISS FRANC - CHICAGO MERCANTILE EXCHANGE,7220,19708,26831,11063,46210,2012-11-20,-12488,15768
2012-11-27T00:00:00.000,SWISS FRANC - CHICAGO MERCANTILE EXCHANGE,9744,13111,16490,16992,42767,2012-11-27,-3367,-502
2012-12-04T00:00:00.000,SWISS FRANC - CHICAGO MERCANTILE EXCHANGE,11722,11086,14333,24287,44798,2012-12-04,636,-9954
2012-12-11T00:00:00.000,SWISS FRANC - CHICAGO MERCANTILE EXCHANGE,11243,8034,16569,27345,48835,2012-12-11,3209,-10776
2012-12-18T00:00:00.000,SWISS FRANC - CHICAGO MERCANTILE EXCHANGE,17361,13081,2352,21379,43412,2012-12-18,4280,-19027
2012-12-24T00:00:00.000,SWISS FRANC - CHICAGO MERCANTILE EXCHANGE,21897,10462,1917,30401,48634,2012-12-24,11435,-28484
2012-12-31T00:00:00.000,SWISS FRANC - CHICAGO MERCANTILE EXCHANGE,23800,12169,2380,31302,50182,2012-12-31,11631,-28922
2013-01-08T00:00:00.000,SWISS FRANC - CHICAGO MERCANTILE EXCHANGE,19604,9343,4200,29652,46716,2013-01-08,10261,-25452
2013-01-15T00:00:00.000,SWISS FRANC - CHICAGO MERCANTILE EXCHANGE,19007,6237,6389,27782,43176,2013-01-15,12770,-21393
2013-01-22T00:00:00.000,SWISS FRANC - CHICAGO MERCANTILE EXCHANGE,15232,8848,7315,18905,39483,2013-01-22,6384,-11590
2013-01-29T00:00:00.000,SWISS FRANC - CHICAGO MERCANTILE EXCHANGE,11994,7846,11312,18843,38618,2013-01-29,4148,-7531
2013-02-05T00:00:00.000,SWISS FRANC - CHICAGO MERCANTILE EXCHANGE,13091,9215,6255,25329,43585,2013-02-05,3876,-19074
2013-02-12T00:00:00.000,SWISS FRANC - CHICAGO MERCANTILE EXCHANGE,12113,7561,6733,25786,41850,2013-02-12,4552,-19053
2013-02-19T00:00:00.000,SWISS FRANC - CHICAGO MERCANTILE EXCHANGE,11069,11744,11832,21252,42833,2013-02-19,-675,-9420
2013-02-26T00:00:00.000,SWISS FRANC - CHICAGO MERCANTILE EXCHANGE,8165,16356,23135,18692,47602,2013-02-26,-8191,4443
2013-03-05T00:00:00.000,SWISS FRANC - CHICAGO MERCANTILE EXCHANGE,7092,18542,35817,17915,55311,2013-03-05,-11450,17902
2013-03-12T00:00:00.000,SWISS FRANC - CHICAGO MERCANTILE EXCHANGE,6206,19694,47109,20934,69408,2013-03-12,-13488,26175
2013-03-19T00:00:00.000,SWISS FRANC - CHICAGO MERCANTILE EXCHANGE,11143,22139,31316,8122,50580,2013-03-19,-10996,23194
2013-03-26T00:00:00.000,SWISS FRANC - CHICAGO MERCANTILE EXCHANGE,8668,20866,32883,8276,49575,2013-03-26,-12198,24607
2013-04-02T00:00:00.000,SWISS FRANC - CHICAGO MERCANTILE EXCHANGE,9789,21804,34100,8437,51473,2013-04-02,-12015,25663
2013-04-09T00:00:00.000,SWISS FRANC - CHICAGO MERCANTILE EXCHANGE,6570,16584,26861,9664,42751,2013-04-09,-10014,17197
2013-04-16T00:00:00.000,SWISS FRANC - CHICAGO MERCANTILE EXCHANGE,14954,18207,24728,23700,53769,2013-04-16,-3253,1028
2013-04-23T00:00:00.000,SWISS FRANC - CHICAGO MERCANTILE EXCHANGE,13249,12070,24350,25637,50101,2013-04-23,1179,-1287
2013-04-30T00:00:00.000,SWISS FRANC - CHICAGO MERCANTILE EXCHANGE,8132,16396,31879,21399,50872,2013-04-30,-8264,10480
2013-05-07T00:00:00.000,SWISS FRANC - CHICAGO MERCANTILE EXCHANGE,7291,13526,32245,21308,49245,2013-05-07,-6235,10937
2013-05-14T00:00:00.000,SWISS FRANC - CHICAGO MERCANTILE EXCHANGE,9550,24960,40416,12436,58084,2013-05-14,-15410,27980
2013-05-21T00:00:00.000,SWISS FRANC - CHICAGO MERCANTILE EXCHANGE,8814,28744,48427,12266,65146,2013-05-21,-19930,36161
2013-05-28T00:00:00.000,SWISS FRANC - CHICAGO MERCANTILE EXCHANGE,7936,36908,53373,9139,70015,2013-05-28,-28972,44234
2013-06-04T00:00:00.000,SWISS FRANC - CHICAGO MERCANTILE EXCHANGE,5871,31674,48750,10894,64552,2013-06-04,-25803,37856
2013-06-11T00:00:00.000,SWISS FRANC - CHICAGO MERCANTILE EXCHANGE,6576,27314,41899,17095,65244,2013-06-11,-20738,24804
2013-06-18T00:00:00.000,SWISS FRANC - CHICAGO MERCANTILE EXCHANGE,14977,9186,7519,11648,33846,2013-06-18,5791,-4129
2013-06-25T00:00:00.000,SWISS FRANC - CHICAGO MERCANTILE EXCHANGE,9932,7468,10950,12844,31477,2013-06-25,2464,-1894
2013-07-02T00:00:00.000,SWISS FRANC - CHICAGO MERCANTILE EXCHANGE,8919,9035,13202,10629,31795,2013-07-02,-116,2573
2013-07-09T00:00:00.000,SWISS FRANC - CHICAGO MERCANTILE EXCHANGE,12307,14083,19081,9946,39437,2013-07-09,-1776,9135
2013-07-16T00:00:00.000,SWISS FRANC - CHICAGO MERCANTILE EXCHANGE,10754,15723,21853,9991,40258,2013-07-16,-4969,11862
2013-07-23T00:00:00.000,SWISS FRANC - CHICAGO MERCANTILE EXCHANGE,6339,11772,18768,9910,34906,2013-07-23,-5433,8858
2013-07-30T00:00:00.000,SWISS FRANC - CHICAGO MERCANTILE EXCHANGE,9531,10792,14578,10797,34099,2013-07-30,-1261,3781
2013-08-06T00:00:00.000,SWISS FRANC - CHICAGO MERCANTILE EXCHANGE,8756,9081,14831,14150,34942,2013-08-06,-325,681
2013-08-13T00:00:00.000,SWISS FRANC - CHICAGO MERCANTILE EXCHANGE,10626,8490,14327,16939,37584,2013-08-13,2136,-2612
2013-08-20T00:00:00.000,SWISS FRANC - CHICAGO MERCANTILE EXCHANGE,12061,11770,13799,17591,41138,2013-08-20,291,-3792
2013-08-27T00:00:00.000,SWISS FRANC - CHICAGO MERCANTILE EXCHANGE,11596,11194,14418,19447,41682,2013-08-27,402,-5029
2013-09-03T00:00:00.000,SWISS FRANC - CHICAGO MERCANTILE EXCHANGE,10809,9750,16088,19083,40091,2013-09-03,1059,-2995
2013-09-10T00:00:00.000,SWISS FRANC - CHICAGO MERCANTILE EXCHANGE,10598,10178,16201,14261,38760,2013-09-10,420,1940
2013-09-17T00:00:00.000,SWISS FRANC - CHICAGO MERCANTILE EXCHANGE,9992,9376,8705,8613,29094,2013-09-17,616,92
2013-09-24T00:00:00.000,SWISS FRANC - CHICAGO MERCANTILE EXCHANGE,15129,9384,5424,21112,39512,2013-09-24,5745,-15688
2013-10-01T00:00:00.000,SWISS FRANC - CHICAGO MERCANTILE EXCHANGE,17898,11262,5573,25005,45298,2013-10-01,6636,-19432
2013-10-08T00:00:00.000,SWISS FRANC - CHICAGO MERCANTILE EXCHANGE,20313,9898,5948,32315,51017,2013-10-08,10415,-26367
2013-10-15T00:00:00.000,SWISS FRANC - CHICAGO MERCANTILE EXCHANGE,21757,10990,7476,30740,50287,2013-10-15,10767,-23264
2013-10-22T00:00:00.000,SWISS FRANC - CHICAGO MERCANTILE EXCHANGE,22175,11244,8641,32710,52402,2013-10-22,10931,-24069
2013-10-29T00:00:00.000,SWISS FRANC - CHICAGO MERCANTILE EXCHANGE,22727,11276,8884,34836,54705,2013-10-29,11451,-25952
2013-11-05T00:00:00.000,SWISS FRANC - CHICAGO MERCANTILE EXCHANGE,20479,12384,12553,32366,52752,2013-11-05,8095,-19813
2013-11-12T00:00:00.000,SWISS FRANC - CHICAGO MERCANTILE EXCHANGE,14122,10933,15876,23288,44399,2013-11-12,3189,-7412
2013-11-19T00:00:00.000,SWISS FRANC - CHICAGO MERCANTILE EXCHANGE,13098,9429,14489,21384,41770,2013-11-19,3669,-6895
2013-11-26T00:00:00.000,SWISS FRANC - CHICAGO MERCANTILE EXCHANGE,13012,8360,14730,23318,42421,2013-11-26,4652,-8588
2013-12-03T00:00:00.000,SWISS FRANC - CHICAGO MERCANTILE EXCHANGE,14489,7942,14330,26932,45862,2013-12-03,6547,-12602
2013-12-10T00:00:00.000,SWISS FRANC - CHICAGO MERCANTILE EXCHANGE,22213,10215,18681,38844,64506,2013-12-10,11998,-20163
2013-12-17T00:00:00.000,SWISS FRANC - CHICAGO MERCANTILE EXCHANGE,25292,13337,1183,21454,47367,2013-12-17,11955,-20271
2013-12-24T00:00:00.000,SWISS FRANC - CHICAGO MERCANTILE EXCHANGE,26537,14617,4062,23100,51131,2013-12-24,11920,-19038
2013-12-31T00:00:00.000,SWISS FRANC - CHICAGO MERCANTILE EXCHANGE,26507,15618,4524,22231,51139,2013-12-31,10889,-17707
2014-01-07T00:00:00.000,SWISS FRANC - CHICAGO MERCANTILE EXCHANGE,18813,14086,6002,14831,42087,2014-01-07,4727,-8829
2014-01-14T00:00:00.000,SWISS FRANC - CHICAGO MERCANTILE EXCHANGE,12601,15542,14541,14149,42791,2014-01-14,-2941,392
2014-01-21T00:00:00.000,SWISS FRANC - CHICAGO MERCANTILE EXCHANGE,11645,13566,18090,13906,42110,2014-01-21,-1921,4184
2014-01-28T00:00:00.000,SWISS FRANC - CHICAGO MERCANTILE EXCHANGE,11389,11830,14650,15966,40869,2014-01-28,-441,-1316
2014-02-04T00:00:00.000,SWISS FRANC - CHICAGO MERCANTILE EXCHANGE,13236,11016,15877,16646,41918,2014-02-04,2220,-769
2014-02-11T00:00:00.000,SWISS FRANC - CHICAGO MERCANTILE EXCHANGE,12166,11611,15062,16992,42433,2014-02-11,555,-1930
2014-02-18T00:00:00.000,SWISS FRANC - CHICAGO MERCANTILE EXCHANGE,14188,17016,16792,21049,51003,2014-02-18,-2828,-4257
2014-02-25T00:00:00.000,SWISS FRANC - CHICAGO MERCANTILE EXCHANGE,19396,19038,16775,23057,55157,2014-02-25,358,-6282
2014-03-04T00:00:00.000,SWISS FRANC - CHICAGO MERCANTILE EXCHANGE,21818,19650,17963,28806,60532,2014-03-04,2168,-10843
2014-03-11T00:00:00.000,SWISS FRANC - CHICAGO MERCANTILE EXCHANGE,23097,14140,15139,33085,66889,2014-03-11,8957,-17946
2014-03-18T00:00:00.000,SWISS FRANC - CHICAGO MERCANTILE EXCHANGE,25311,10195,1945,27495,49391,2014-03-18,15116,-25550
2014-03-25T00:00:00.000,SWISS FRANC - CHICAGO MERCANTILE EXCHANGE,25037,10218,1720,24702,47353,2014-03-25,14819,-22982
2014-04-01T00:00:00.000,SWISS FRANC - CHICAGO MERCANTILE EXCHANGE,24800,10569,4177,24159,47228,2014-04-01,14231,-19982
2014-04-08T00:00:00.000,SWISS FRANC - CHICAGO MERCANTILE EXCHANGE,19275,7940,10053,23273,44752,2014-04-08,11335,-13220
2014-04-15T00:00:00.000,SWISS FRANC - CHICAGO MERCANTILE EXCHANGE,23905,9839,7694,27144,48976,2014-04-15,14066,-19450
2014-04-22T00:00:00.000,SWISS FRANC - CHICAGO MERCANTILE EXCHANGE,21732,7709,7641,26530,46888,2014-04-22,14023,-18889
2014-04-29T00:00:00.000,SWISS FRANC - CHICAGO MERCANTILE EXCHANGE,21960,8257,7475,26954,47424,2014-04-29,13703,-19479
2014-05-06T00:00:00.000,SWISS FRANC - CHICAGO MERCANTILE EXCHANGE,25102,11918,6656,31717,55538,2014-05-06,13184,-25061
2014-05-13T00:00:00.000,SWISS FRANC - CHICAGO MERCANTILE EXCHANGE,16951,10145,10710,22139,45282,2014-05-13,6806,-11429
2014-05-20T00:00:00.000,SWISS FRANC - CHICAGO MERCANTILE EXCHANGE,17387,12368,15370,21857,48803,2014-05-20,5019,-6487
2014-05-27T00:00:00.000,SWISS FRANC - CHICAGO MERCANTILE EXCHANGE,11559,15431,21373,16715,48284,2014-05-27,-3872,4658
2014-06-03T00:00:00.000,SWISS FRANC - CHICAGO MERCANTILE EXCHANGE,11907,13919,24598,18195,48936,2014-06-03,-2012,6403
2014-06-10T00:00:00.000,SWISS FRANC - CHICAGO MERCANTILE EXCHANGE,9615,12645,25999,18004,52445,2014-06-10,-3030,7995
2014-06-17T00:00:00.000,SWISS FRANC - CHICAGO MERCANTILE EXCHANGE,15296,11776,7094,4573,32259,2014-06-17,3520,2521
2014-06-24T00:00:00.000,SWISS FRANC - CHICAGO MERCANTILE EXCHANGE,9069,14441,13805,5200,33599,2014-06-24,-5372,8605
2014-07-01T00:00:00.000,SWISS FRANC - CHICAGO MERCANTILE EXCHANGE,9731,16991,13819,3984,35221,2014-07-01,-7260,9835
2014-07-08T00:00:00.000,SWISS FRANC - CHICAGO MERCANTILE EXCHANGE,9136,15949,13932,4105,35053,2014-07-08,-6813,9827
2014-07-15T00:00:00.000,SWISS FRANC - CHICAGO MERCANTILE EXCHANGE,8799,15061,13958,3204,35007,2014-07-15,-6262,10754
2014-07-22T00:00:00.000,SWISS FRANC - CHICAGO MERCANTILE EXCHANGE,9642,17022,18077,2627,38359,2014-07-22,-7380,15450
2014-07-29T00:00:00.000,SWISS FRANC - CHICAGO MERCANTILE EXCHANGE,8665,20429,25614,2740,44022,2014-07-29,-11764,22874
2014-08-05T00:00:00.000,SWISS FRANC - CHICAGO MERCANTILE EXCHANGE,9247,28100,39902,4700,57238,2014-08-05,-18853,35202
2014-08-12T00:00:00.000,SWISS FRANC - CHICAGO MERCANTILE EXCHANGE,5247,22606,39566,4835,51981,2014-08-12,-17359,34731
2014-08-19T00:00:00.000,SWISS FRANC - CHICAGO MERCANTILE EXCHANGE,6174,21666,36878,5125,50414,2014-08-19,-15492,31753
2014-08-26T00:00:00.000,SWISS FRANC - CHICAGO MERCANTILE EXCHANGE,7466,20505,35562,5386,53761,2014-08-26,-13039,30176
2014-09-02T00:00:00.000,SWISS FRANC - CHICAGO MERCANTILE EXCHANGE,9166,22333,38263,5990,60436,2014-09-02,-13167,32273
2014-09-09T00:00:00.000,SWISS FRANC - CHICAGO MERCANTILE EXCHANGE,9856,23681,41202,8167,77317,2014-09-09,-13825,33035
2014-09-16T00:00:00.000,SWISS FRANC - CHICAGO MERCANTILE EXCHANGE,12889,24285,35673,4316,54929,2014-09-16,-11396,31357
2014-09-23T00:00:00.000,SWISS FRANC - CHICAGO MERCANTILE EXCHANGE,8354,21729,36421,5124,52124,2014-09-23,-13375,31297
2014-09-30T00:00:00.000,SWISS FRANC - CHICAGO MERCANTILE EXCHANGE,11998,24555,38280,7116,57223,2014-09-30,-12557,31164
2014-10-07T00:00:00.000,SWISS FRANC - CHICAGO MERCANTILE EXCHANGE,15509,27928,39090,7768,60516,2014-10-07,-12419,31322
2014-10-14T00:00:00.000,SWISS FRANC - CHICAGO MERCANTILE EXCHANGE,11113,28666,44609,8093,60968,2014-10-14,-17553,36516
2014-10-21T00:00:00.000,SWISS FRANC - CHICAGO MERCANTILE EXCHANGE,7643,25505,42884,7906,55550,2014-10-21,-17862,34978
2014-10-28T00:00:00.000,SWISS FRANC - CHICAGO MERCANTILE EXCHANGE,6887,27170,44068,7765,57006,2014-10-28,-20283,36303
2014-11-04T00:00:00.000,SWISS FRANC - CHICAGO MERCANTILE EXCHANGE,7844,28065,45588,7649,59699,2014-11-04,-20221,37939
2014-11-11T00:00:00.000,SWISS FRANC - CHICAGO MERCANTILE EXCHANGE,8752,31427,45768,7619,61280,2014-11-11,-22675,38149
2014-11-18T00:00:00.000,SWISS FRANC - CHICAGO MERCANTILE EXCHANGE,9142,31258,45159,7872,60718,2014-11-18,-22116,37287
2014-11-25T00:00:00.000,SWISS FRANC - CHICAGO MERCANTILE EXCHANGE,8153,31577,45081,7970,61037,2014-11-25,-23424,37111
2014-12-02T00:00:00.000,SWISS FRANC - CHICAGO MERCANTILE EXCHANGE,8628,31550,45415,8245,63659,2014-12-02,-22922,37170
2014-12-09T00:00:00.000,SWISS FRANC - CHICAGO MERCANTILE EXCHANGE,8971,31068,45151,9222,78496,2014-12-09,-22097,35929
2014-12-16T00:00:00.000,SWISS FRANC - CHICAGO MERCANTILE EXCHANGE,18905,22560,25520,7349,51377,2014-12-16,-3655,18171
2014-12-23T00:00:00.000,SWISS FRANC - CHICAGO MERCANTILE EXCHANGE,6514,23360,40998,8855,55021,2014-12-23,-16846,32143
2014-12-30T00:00:00.000,SWISS FRANC - CHICAGO MERCANTILE EXCHANGE,8851,25396,42515,8703,57951,2014-12-30,-16545,33812
2015-01-06T00:00:00.000,SWISS FRANC - CHICAGO MERCANTILE EXCHANGE,5547,29718,51643,9336,64427,2015-01-06,-24171,42307
2015-01-13T00:00:00.000,SWISS FRANC - CHICAGO MERCANTILE EXCHANGE,4922,31366,54425,8634,66272,2015-01-13,-26444,45791
2015-01-20T00:00:00.000,SWISS FRANC - CHICAGO MERCANTILE EXCHANGE,8226,18035,30244,12644,47236,2015-01-20,-9809,17600
2015-01-27T00:00:00.000,SWISS FRANC - CHICAGO MERCANTILE EXCHANGE,8841,16214,24899,12657,42956,2015-01-27,-7373,12242
2015-02-03T00:00:00.000,SWISS FRANC - CHICAGO MERCANTILE EXCHANGE,8383,13733,20719,11059,38421,2015-02-03,-5350,9660
2015-02-10T00:00:00.000,SWISS FRANC - CHICAGO MERCANTILE EXCHANGE,5771,11257,19642,10611,34459,2015-02-10,-5486,9031
2015-02-17T00:00:00.000,SWISS FRANC - CHICAGO MERCANTILE EXCHANGE,4740,10784,20189,10174,34204,2015-02-17,-6044,10015
2015-02-24T00:00:00.000,SWISS FRANC - CHICAGO MERCANTILE EXCHANGE,5228,10313,20958,8977,34765,2015-02-24,-5085,11981
2015-03-03T00:00:00.000,SWISS FRANC - CHICAGO MERCANTILE EXCHANGE,7027,13089,25697,9979,40861,2015-03-03,-6062,15718
2015-03-10T00:00:00.000,SWISS FRANC - CHICAGO MERCANTILE EXCHANGE,7217,15597,31491,11079,52384,2015-03-10,-8380,20412
2015-03-17T00:00:00.000,SWISS FRANC - CHICAGO MERCANTILE EXCHANGE,18129,15894,14236,5267,38889,2015-03-17,2235,8969
2015-03-24T00:00:00.000,SWISS FRANC - CHICAGO MERCANTILE EXCHANGE,12604,16559,17177,4275,36296,2015-03-24,-3955,12902
2015-03-31T00:00:00.000,SWISS FRANC - CHICAGO MERCANTILE EXCHANGE,13679,12973,14653,4497,34149,2015-03-31,706,10156
2015-04-07T00:00:00.000,SWISS FRANC - CHICAGO MERCANTILE EXCHANGE,12746,12626,13347,4548,33245,2015-04-07,120,8799
2015-04-14T00:00:00.000,SWISS FRANC - CHICAGO MERCANTILE EXCHANGE,12240,12070,14628,4733,33935,2015-04-14,170,9895
2015-04-21T00:00:00.000,SWISS FRANC - CHICAGO MERCANTILE EXCHANGE,11105,10770,13105,6074,31727,2015-04-21,335,7031
2015-04-28T00:00:00.000,SWISS FRANC - CHICAGO MERCANTILE EXCHANGE,11144,9809,13114,7268,31585,2015-04-28,1335,5846
2015-05-05T00:00:00.000,SWISS FRANC - CHICAGO MERCANTILE EXCHANGE,14174,8843,12091,11680,34449,2015-05-05,5331,411
2015-05-12T00:00:00.000,SWISS FRANC - CHICAGO MERCANTILE EXCHANGE,14778,4228,8914,16319,33465,2015-05-12,10550,-7405
2015-05-19T00:00:00.000,SWISS FRANC - CHICAGO MERCANTILE EXCHANGE,12114,2709,8904,17299,31796,2015-05-19,9405,-8395
2015-05-26T00:00:00.000,SWISS FRANC - CHICAGO MERCANTILE EXCHANGE,11202,2872,9699,15980,30432,2015-05-26,8330,-6281
2015-06-02T00:00:00.000,SWISS FRANC - CHICAGO MERCANTILE EXCHANGE,12514,4155,10247,15120,32449,2015-06-02,8359,-4873
2015-06-09T00:00:00.000,SWISS FRANC - CHICAGO MERCANTILE EXCHANGE,13515,3386,11005,16890,33813,2015-06-09,10129,-5885
2015-06-16T00:00:00.000,SWISS FRANC - CHICAGO MERCANTILE EXCHANGE,8858,3500,2587,4096,19852,2015-06-16,5358,-1509
2015-06-23T00:00:00.000,SWISS FRANC - CHICAGO MERCANTILE EXCHANGE,9910,2838,2592,5940,21869,2015-06-23,7072,-3348
2015-06-30T00:00:00.000,SWISS FRANC - CHICAGO MERCANTILE EXCHANGE,9559,2704,2923,6424,21472,2015-06-30,6855,-3501
2015-07-07T00:00:00.000,SWISS FRANC - CHICAGO MERCANTILE EXCHANGE,9225,3104,5375,5206,23740,2015-07-07,6121,169
2015-07-14T00:00:00.000,SWISS FRANC - CHICAGO MERCANTILE EXCHANGE,6498,3417,6228,4923,22390,2015-07-14,3081,1305
2015-07-21T00:00:00.000,SWISS FRANC - CHICAGO MERCANTILE EXCHANGE,9881,6464,10249,4199,28424,2015-07-21,3417,6050
2015-07-28T00:00:00.000,SWISS FRANC - CHICAGO MERCANTILE EXCHANGE,9761,9637,15142,4105,32365,2015-07-28,124,11037
2015-08-04T00:00:00.000,SWISS FRANC - CHICAGO MERCANTILE EXCHANGE,11364,12830,19362,4633,37399,2015-08-04,-1466,14729
2015-08-11T00:00:00.000,SWISS FRANC - CHICAGO MERCANTILE EXCHANGE,9668,16680,26623,2835,43677,2015-08-11,-7012,23788
2015-08-18T00:00:00.000,SWISS FRANC - CHICAGO MERCANTILE EXCHANGE,8183,18051,28373,2235,43588,2015-08-18,-9868,26138
2015-08-25T00:00:00.000,SWISS FRANC - CHICAGO MERCANTILE EXCHANGE,4889,17486,24346,3551,37901,2015-08-25,-12597,20795
2015-09-01T00:00:00.000,SWISS FRANC - CHICAGO MERCANTILE EXCHANGE,5442,13945,22579,5155,36203,2015-09-01,-8503,17424
2015-09-08T00:00:00.000,SWISS FRANC - CHICAGO MERCANTILE EXCHANGE,5585,12481,24350,5950,40937,2015-09-08,-6896,18400
2015-09-15T00:00:00.000,SWISS FRANC - CHICAGO MERCANTILE EXCHANGE,19039,15257,11602,3994,37846,2015-09-15,3782,7608
2015-09-22T00:00:00.000,SWISS FRANC - CHICAGO MERCANTILE EXCHANGE,13722,15598,15873,3973,36981,2015-09-22,-1876,11900
2015-09-29T00:00:00.000,SWISS FRANC - CHICAGO MERCANTILE EXCHANGE,13266,15981,17634,3459,38229,2015-09-29,-2715,14175
2015-10-06T00:00:00.000,SWISS FRANC - CHICAGO MERCANTILE EXCHANGE,12406,16376,18469,3310,38826,2015-10-06,-3970,15159
2015-10-13T00:00:00.000,SWISS FRANC - CHICAGO MERCANTILE EXCHANGE,10863,13215,15719,3768,34934,2015-10-13,-2352,11951
2015-10-20T00:00:00.000,SWISS FRANC - CHICAGO MERCANTILE EXCHANGE,11997,11372,14529,7794,35628,2015-10-20,625,6735
2015-10-27T00:00:00.000,SWISS FRANC - CHICAGO MERCANTILE EXCHANGE,13947,12448,16771,4359,38453,2015-10-27,1499,12412
2015-11-03T00:00:00.000,SWISS FRANC - CHICAGO MERCANTILE EXCHANGE,17792,24827,27322,4874,51953,2015-11-03,-7035,22448
2015-11-10T00:00:00.000,SWISS FRANC - CHICAGO MERCANTILE EXCHANGE,18945,28255,33180,5297,60031,2015-11-10,-9310,27883
2015-11-17T00:00:00.000,SWISS FRANC - CHICAGO MERCANTILE EXCHANGE,19014,34343,40195,5183,67119,2015-11-17,-15329,35012
2015-11-24T00:00:00.000,SWISS FRANC - CHICAGO MERCANTILE EXCHANGE,18314,40523,48161,5456,72945,2015-11-24,-22209,42705
2015-12-01T00:00:00.000,SWISS FRANC - CHICAGO MERCANTILE EXCHANGE,18313,43102,53419,5672,78546,2015-12-01,-24789,47747
2015-12-08T00:00:00.000,SWISS FRANC - CHICAGO MERCANTILE EXCHANGE,11538,37078,52361,9108,77258,2015-12-08,-25540,43253
2015-12-15T00:00:00.000,SWISS FRANC - CHICAGO MERCANTILE EXCHANGE,29710,27759,16596,4812,52468,2015-12-15,1951,11784
2015-12-22T00:00:00.000,SWISS FRANC - CHICAGO MERCANTILE EXCHANGE,27646,24894,16989,5186,50265,2015-12-22,2752,11803
2015-12-29T00:00:00.000,SWISS FRANC - CHICAGO MERCANTILE EXCHANGE,26836,23272,17028,5091,49114,2015-12-29,3564,11937
2016-01-05T00:00:00.000,SWISS FRANC - CHICAGO MERCANTILE EXCHANGE,26419,22799,18611,3533,50276,2016-01-05,3620,15078
2016-01-12T00:00:00.000,SWISS FRANC - CHICAGO MERCANTILE EXCHANGE,24484,21160,15989,3106,46428,2016-01-12,3324,12883
2016-01-19T00:00:00.000,SWISS FRANC - CHICAGO MERCANTILE EXCHANGE,25191,24285,18208,3405,49290,2016-01-19,906,14803
2016-01-26T00:00:00.000,SWISS FRANC - CHICAGO MERCANTILE EXCHANGE,24932,29435,24900,2726,55694,2016-01-26,-4503,22174
2016-02-02T00:00:00.000,SWISS FRANC - CHICAGO MERCANTILE EXCHANGE,25970,30665,27215,4259,59370,2016-02-02,-4695,22956
2016-02-09T00:00:00.000,SWISS FRANC - CHICAGO MERCANTILE EXCHANGE,20356,27624,22718,4872,52701,2016-02-09,-7268,17846
2016-02-16T00:00:00.000,SWISS FRANC - CHICAGO MERCANTILE EXCHANGE,20141,24507,17429,5371,48564,2016-02-16,-4366,12058
2016-02-23T00:00:00.000,SWISS FRANC - CHICAGO MERCANTILE EXCHANGE,20213,22534,18730,4856,47838,2016-02-23,-2321,13874
2016-03-01T00:00:00.000,SWISS FRANC - CHICAGO MERCANTILE EXCHANGE,19723,21230,19833,5332,47634,2016-03-01,-1507,14501
2016-03-08T00:00:00.000,SWISS FRANC - CHICAGO MERCANTILE EXCHANGE,19735,19864,17970,4450,49744,2016-03-08,-129,13520
2016-03-15T00:00:00.000,SWISS FRANC - CHICAGO MERCANTILE EXCHANGE,22619,17357,10398,3582,40250,2016-03-15,5262,6816
2016-03-22T00:00:00.000,SWISS FRANC - CHICAGO MERCANTILE EXCHANGE,19391,15205,9389,4368,37656,2016-03-22,4186,5021
2016-03-29T00:00:00.000,SWISS FRANC - CHICAGO MERCANTILE EXCHANGE,17932,13285,8154,5003,35601,2016-03-29,4647,3151
2016-04-05T00:00:00.000,SWISS FRANC - CHICAGO MERCANTILE EXCHANGE,16564,10915,8211,10288,36411,2016-04-05,5649,-2077
2016-04-12T00:00:00.000,SWISS FRANC - CHICAGO MERCANTILE EXCHANGE,17478,9240,8806,16943,39757,2016-04-12,8238,-8137
2016-04-19T00:00:00.000,SWISS FRANC - CHICAGO MERCANTILE EXCHANGE,19859,10449,8973,19000,43212,2016-04-19,9410,-10027
2016-04-26T00:00:00.000,SWISS FRANC - CHICAGO MERCANTILE EXCHANGE,23990,14725,8314,12978,42860,2016-04-26,9265,-4664
2016-05-03T00:00:00.000,SWISS FRANC - CHICAGO MERCANTILE EXCHANGE,21297,14468,8250,13120,41656,2016-05-03,6829,-4870
2016-05-10T00:00:00.000,SWISS FRANC - CHICAGO MERCANTILE EXCHANGE,22674,15757,10744,11722,42701,2016-05-10,6917,-978
2016-05-17T00:00:00.000,SWISS FRANC - CHICAGO MERCANTILE EXCHANGE,22463,18316,13948,9508,44754,2016-05-17,4147,4440
2016-05-24T00:00:00.000,SWISS FRANC - CHICAGO MERCANTILE EXCHANGE,24884,20930,20695,9197,52142,2016-05-24,3954,11498
2016-05-31T00:00:00.000,SWISS FRANC - CHICAGO MERCANTILE EXCHANGE,24291,24162,25286,11466,57175,2016-05-31,129,13820
2016-06-07T00:00:00.000,SWISS FRANC - CHICAGO MERCANTILE EXCHANGE,21644,31289,30780,8635,62626,2016-06-07,-9645,22145
2016-06-14T00:00:00.000,SWISS FRANC - CHICAGO MERCANTILE EXCHANGE,28492,21362,6722,4691,43110,2016-06-14,7130,2031
2016-06-21T00:00:00.000,SWISS FRANC - CHICAGO MERCANTILE EXCHANGE,24016,17635,5635,4852,38535,2016-06-21,6381,783
2016-06-28T00:00:00.000,SWISS FRANC - CHICAGO MERCANTILE EXCHANGE,22905,12038,5824,7465,35507,2016-06-28,10867,-1641
2016-07-05T00:00:00.000,SWISS FRANC - CHICAGO MERCANTILE EXCHANGE,22474,13796,5794,5166,34796,2016-07-05,8678,628
2016-07-12T00:00:00.000,SWISS FRANC - CHICAGO MERCANTILE EXCHANGE,23330,16612,9149,4119,39010,2016-07-12,6718,5030
2016-07-19T00:00:00.000,SWISS FRANC - CHICAGO MERCANTILE EXCHANGE,23191,18504,11659,3928,41766,2016-07-19,4687,7731
2016-07-26T00:00:00.000,SWISS FRANC - CHICAGO MERCANTILE EXCHANGE,26807,25861,17768,3880,51507,2016-07-26,946,13888
2016-08-02T00:00:00.000,SWISS FRANC - CHICAGO MERCANTILE EXCHANGE,21216,22931,15290,4672,44853,2016-08-02,-1715,10618
2016-08-09T00:00:00.000,SWISS FRANC - CHICAGO MERCANTILE EXCHANGE,20426,20319,14971,4026,43405,2016-08-09,107,10945
2016-08-16T00:00:00.000,SWISS FRANC - CHICAGO MERCANTILE EXCHANGE,19996,21541,13157,4640,42786,2016-08-16,-1545,8517
2016-08-23T00:00:00.000,SWISS FRANC - CHICAGO MERCANTILE EXCHANGE,20921,19036,7379,6328,39554,2016-08-23,1885,1051
2016-08-30T00:00:00.000,SWISS FRANC - CHICAGO MERCANTILE EXCHANGE,24557,16349,10348,5626,42294,2016-08-30,8208,4722
2016-09-06T00:00:00.000,SWISS FRANC - CHICAGO MERCANTILE EXCHANGE,22819,21368,14392,5613,45795,2016-09-06,1451,8779
2016-09-13T00:00:00.000,SWISS FRANC - CHICAGO MERCANTILE EXCHANGE,20853,19505,14236,3872,44748,2016-09-13,1348,10364
2016-09-20T00:00:00.000,SWISS FRANC - CHICAGO MERCANTILE EXCHANGE,27281,18868,7754,3375,40838,2016-09-20,8413,4379
2016-09-27T00:00:00.000,SWISS FRANC - CHICAGO MERCANTILE EXCHANGE,12803,18759,18847,3243,38969,2016-09-27,-5956,15604
2016-10-04T00:00:00.000,SWISS FRANC - CHICAGO MERCANTILE EXCHANGE,19293,22229,20439,2045,46330,2016-10-04,-2936,18394
2016-10-11T00:00:00.000,SWISS FRANC - CHICAGO MERCANTILE EXCHANGE,20146,29554,28955,2857,55747,2016-10-11,-9408,26098
2016-10-18T00:00:00.000,SWISS FRANC - CHICAGO MERCANTILE EXCHANGE,18329,34706,37139,3449,63226,2016-10-18,-16377,33690
2016-10-25T00:00:00.000,SWISS FRANC - CHICAGO MERCANTILE EXCHANGE,18828,37528,42544,3534,67211,2016-10-25,-18700,39010
2016-11-01T00:00:00.000,SWISS FRANC - CHICAGO MERCANTILE EXCHANGE,12744,32714,41171,3614,59698,2016-11-01,-19970,37557
2016-11-08T00:00:00.000,SWISS FRANC - CHICAGO MERCANTILE EXCHANGE,6806,30097,37686,4783,53632,2016-11-08,-23291,32903
2016-11-15T00:00:00.000,SWISS FRANC - CHICAGO MERCANTILE EXCHANGE,7005,29199,39568,3047,54533,2016-11-15,-22194,36521
2016-11-22T00:00:00.000,SWISS FRANC - CHICAGO MERCANTILE EXCHANGE,9515,32415,45018,3111,60191,2016-11-22,-22900,41907
2016-11-29T00:00:00.000,SWISS FRANC - CHICAGO MERCANTILE EXCHANGE,13027,37361,47715,3384,67062,2016-11-29,-24334,44331
2016-12-06T00:00:00.000,SWISS FRANC - CHICAGO MERCANTILE EXCHANGE,9859,35256,47911,3923,65455,2016-12-06,-25397,43988
2016-12-13T00:00:00.000,SWISS FRANC - CHICAGO MERCANTILE EXCHANGE,5600,30888,47486,4306,64633,2016-12-13,-25288,43180
2016-12-20T00:00:00.000,SWISS FRANC - CHICAGO MERCANTILE EXCHANGE,33476,26366,16028,4665,55185,2016-12-20,7110,11363
2016-12-27T00:00:00.000,SWISS FRANC - CHICAGO MERCANTILE EXCHANGE,14303,24394,34388,5123,54605,2016-12-27,-10091,29265
2017-01-03T00:00:00.000,SWISS FRANC - CHICAGO MERCANTILE EXCHANGE,11813,25252,34662,5127,53455,2017-01-03,-13439,29535
2017-01-10T00:00:00.000,SWISS FRANC - CHICAGO MERCANTILE EXCHANGE,10012,24258,33835,4727,50253,2017-01-10,-14246,29108
2017-01-17T00:00:00.000,SWISS FRANC - CHICAGO MERCANTILE EXCHANGE,7166,20849,32142,5929,45713,2017-01-17,-13683,26213
2017-01-24T00:00:00.000,SWISS FRANC - CHICAGO MERCANTILE EXCHANGE,6198,19842,32558,6638,45493,2017-01-24,-13644,25920
2017-01-31T00:00:00.000,SWISS FRANC - CHICAGO MERCANTILE EXCHANGE,6812,23952,32754,9049,49558,2017-01-31,-17140,23705
2017-02-07T00:00:00.000,SWISS FRANC - CHICAGO MERCANTILE EXCHANGE,7059,21680,32722,12459,48883,2017-02-07,-14621,20263
2017-02-14T00:00:00.000,SWISS FRANC - CHICAGO MERCANTILE EXCHANGE,6608,18092,32860,13288,47482,2017-02-14,-11484,19572
2017-02-21T00:00:00.000,SWISS FRANC - CHICAGO MERCANTILE EXCHANGE,6945,15881,32972,14634,48398,2017-02-21,-8936,18338
2017-02-28T00:00:00.000,SWISS FRANC - CHICAGO MERCANTILE EXCHANGE,3569,15383,34027,13521,46601,2017-02-28,-11814,20506
2017-03-07T00:00:00.000,SWISS FRANC - CHICAGO MERCANTILE EXCHANGE,12718,22734,35362,12607,56508,2017-03-07,-10016,22755
2017-03-14T00:00:00.000,SWISS FRANC - CHICAGO MERCANTILE EXCHANGE,12950,21947,25176,3608,45623,2017-03-14,-8997,21568
2017-03-21T00:00:00.000,SWISS FRANC - CHICAGO MERCANTILE EXCHANGE,9089,21068,24622,3265,42613,2017-03-21,-11979,21357
2017-03-28T00:00:00.000,SWISS FRANC - CHICAGO MERCANTILE EXCHANGE,6886,23278,24109,4306,42124,2017-03-28,-16392,19803
2017-04-04T00:00:00.000,SWISS FRANC - CHICAGO MERCANTILE EXCHANGE,5694,19519,25348,3731,39010,2017-04-04,-13825,21617
2017-04-11T00:00:00.000,SWISS FRANC - CHICAGO MERCANTILE EXCHANGE,13107,23235,26120,3962,46768,2017-04-11,-10128,22158
2017-04-18T00:00:00.000,SWISS FRANC - CHICAGO MERCANTILE EXCHANGE,10830,24632,29205,3981,48435,2017-04-18,-13802,25224
2017-04-25T00:00:00.000,SWISS FRANC - CHICAGO MERCANTILE EXCHANGE,7654,24971,29763,3816,46882,2017-04-25,-17317,25947
2017-05-02T00:00:00.000,SWISS FRANC - CHICAGO MERCANTILE EXCHANGE,4448,22156,29286,3073,43343,2017-05-02,-17708,26213
2017-05-09T00:00:00.000,SWISS FRANC - CHICAGO MERCANTILE EXCHANGE,8480,23676,31233,4914,48410,2017-05-09,-15196,26319
2017-05-16T00:00:00.000,SWISS FRANC - CHICAGO MERCANTILE EXCHANGE,3946,25108,35259,4950,48928,2017-05-16,-21162,30309
2017-05-23T00:00:00.000,SWISS FRANC - CHICAGO MERCANTILE EXCHANGE,6118,25903,30893,11085,51178,2017-05-23,-19785,19808
2017-05-30T00:00:00.000,SWISS FRANC - CHICAGO MERCANTILE EXCHANGE,8735,27247,30702,12595,54403,2017-05-30,-18512,18107
2017-06-06T00:00:00.000,SWISS FRANC - CHICAGO MERCANTILE EXCHANGE,6752,23307,29817,14004,51728,2017-06-06,-16555,15813
2017-06-13T00:00:00.000,SWISS FRANC - CHICAGO MERCANTILE EXCHANGE,8518,22978,31071,16355,55138,2017-06-13,-14460,14716
2017-06-20T00:00:00.000,SWISS FRANC - CHICAGO MERCANTILE EXCHANGE,11275,14257,9507,7052,35051,2017-06-20,-2982,2455
2017-06-27T00:00:00.000,SWISS FRANC - CHICAGO MERCANTILE EXCHANGE,11218,15887,10347,7128,37364,2017-06-27,-4669,3219
2017-07-03T00:00:00.000,SWISS FRANC - CHICAGO MERCANTILE EXCHANGE,10928,11041,9200,11705,38491,2017-07-03,-113,-2505
2017-07-11T00:00:00.000,SWISS FRANC - CHICAGO MERCANTILE EXCHANGE,10359,10151,10886,11336,37943,2017-07-11,208,-450
2017-07-18T00:00:00.000,SWISS FRANC - CHICAGO MERCANTILE EXCHANGE,13832,17499,12254,11043,43183,2017-07-18,-3667,1211
2017-07-25T00:00:00.000,SWISS FRANC - CHICAGO MERCANTILE EXCHANGE,14893,16443,11578,13861,45005,2017-07-25,-1550,-2283
2017-08-01T00:00:00.000,SWISS FRANC - CHICAGO MERCANTILE EXCHANGE,13536,12096,11123,12667,39812,2017-08-01,1440,-1544
2017-08-08T00:00:00.000,SWISS FRANC - CHICAGO MERCANTILE EXCHANGE,15268,16670,14459,11011,43122,2017-08-08,-1402,3448
2017-08-15T00:00:00.000,SWISS FRANC - CHICAGO MERCANTILE EXCHANGE,12556,13737,13965,9593,39380,2017-08-15,-1181,4372
2017-08-22T00:00:00.000,SWISS FRANC - CHICAGO MERCANTILE EXCHANGE,12168,14155,15046,10308,40420,2017-08-22,-1987,4738
2017-08-29T00:00:00.000,SWISS FRANC - CHICAGO MERCANTILE EXCHANGE,13209,14987,14268,10565,42067,2017-08-29,-1778,3703
2017-09-05T00:00:00.000,SWISS FRANC - CHICAGO MERCANTILE EXCHANGE,11892,14063,16668,10961,42019,2017-09-05,-2171,5707
2017-09-12T00:00:00.000,SWISS FRANC - CHICAGO MERCANTILE EXCHANGE,13556,14870,16870,11662,44076,2017-09-12,-1314,5208
2017-09-19T00:00:00.000,SWISS FRANC - CHICAGO MERCANTILE EXCHANGE,13387,14956,10329,5775,35451,2017-09-19,-1569,4554
2017-09-26T00:00:00.000,SWISS FRANC - CHICAGO MERCANTILE EXCHANGE,14926,16788,13773,6109,39765,2017-09-26,-1862,7664
2017-10-03T00:00:00.000,SWISS FRANC - CHICAGO MERCANTILE EXCHANGE,17614,20907,17459,5938,44571,2017-10-03,-3293,11521
2017-10-10T00:00:00.000,SWISS FRANC - CHICAGO MERCANTILE EXCHANGE,18211,22473,21075,5744,49039,2017-10-10,-4262,15331
2017-10-17T00:00:00.000,SWISS FRANC - CHICAGO MERCANTILE EXCHANGE,22174,27105,24390,7105,55168,2017-10-17,-4931,17285
2017-10-24T00:00:00.000,SWISS FRANC - CHICAGO MERCANTILE EXCHANGE,22539,34136,32145,6888,63892,2017-10-24,-11597,25257
2017-10-31T00:00:00.000,SWISS FRANC - CHICAGO MERCANTILE EXCHANGE,21001,41672,44962,7142,74717,2017-10-31,-20671,37820
2017-11-07T00:00:00.000,SWISS FRANC - CHICAGO MERCANTILE EXCHANGE,19568,44678,51975,7403,79116,2017-11-07,-25110,44572
2017-11-14T00:00:00.000,SWISS FRANC - CHICAGO MERCANTILE EXCHANGE,19470,47453,54318,7007,81661,2017-11-14,-27983,47311
2017-11-21T00:00:00.000,SWISS FRANC - CHICAGO MERCANTILE EXCHANGE,20821,50561,55040,7173,82906,2017-11-21,-29740,47867
2017-11-28T00:00:00.000,SWISS FRANC - CHICAGO MERCANTILE EXCHANGE,17581,47765,55140,7692,79544,2017-11-28,-30184,47448
2017-12-05T00:00:00.000,SWISS FRANC - CHICAGO MERCANTILE EXCHANGE,17891,47458,55496,9737,80778,2017-12-05,-29567,45759
2017-12-12T00:00:00.000,SWISS FRANC - CHICAGO MERCANTILE EXCHANGE,19349,48114,66285,19383,95115,2017-12-12,-28765,46902
2017-12-19T00:00:00.000,SWISS FRANC - CHICAGO MERCANTILE EXCHANGE,29875,47270,42497,9187,78872,2017-12-19,-17395,33310
2017-12-26T00:00:00.000,SWISS FRANC - CHICAGO MERCANTILE EXCHANGE,31959,45861,43002,13033,81655,2017-12-26,-13902,29969
2018-01-02T00:00:00.000,SWISS FRANC - CHICAGO MERCANTILE EXCHANGE,24984,41216,42192,12065,75662,2018-01-02,-16232,30127
2018-01-09T00:00:00.000,SWISS FRANC - CHICAGO MERCANTILE EXCHANGE,18523,40445,47371,12052,77070,2018-01-09,-21922,35319
2018-01-16T00:00:00.000,SWISS FRANC - CHICAGO MERCANTILE EXCHANGE,14233,35339,47265,14771,70214,2018-01-16,-21106,32494
2018-01-23T00:00:00.000,SWISS FRANC - CHICAGO MERCANTILE EXCHANGE,14245,36360,46091,17342,71767,2018-01-23,-22115,28749
2018-01-30T00:00:00.000,SWISS FRANC - CHICAGO MERCANTILE EXCHANGE,16673,37000,42343,20056,72587,2018-01-30,-20327,22287
2018-02-06T00:00:00.000,SWISS FRANC - CHICAGO MERCANTILE EXCHANGE,16898,37139,41714,23389,73968,2018-02-06,-20241,18325
2018-02-13T00:00:00.000,SWISS FRANC - CHICAGO MERCANTILE EXCHANGE,17763,37688,41948,23165,74651,2018-02-13,-19925,18783
2018-02-20T00:00:00.000,SWISS FRANC - CHICAGO MERCANTILE EXCHANGE,17063,32851,37672,22105,69137,2018-02-20,-15788,15567
2018-02-27T00:00:00.000,SWISS FRANC - CHICAGO MERCANTILE EXCHANGE,15888,31887,38838,22705,69018,2018-02-27,-15999,16133
2018-03-06T00:00:00.000,SWISS FRANC - CHICAGO MERCANTILE EXCHANGE,17945,26422,28810,21514,62349,2018-03-06,-8477,7296
2018-03-13T00:00:00.000,SWISS FRANC - CHICAGO MERCANTILE EXCHANGE,17190,23762,29229,22008,63221,2018-03-13,-6572,7221
2018-03-20T00:00:00.000,SWISS FRANC - CHICAGO MERCANTILE EXCHANGE,17431,25677,15432,4555,44305,2018-03-20,-8246,10877
2018-03-27T00:00:00.000,SWISS FRANC - CHICAGO MERCANTILE EXCHANGE,15992,25437,16657,3961,44649,2018-03-27,-9445,12696
2018-04-03T00:00:00.000,SWISS FRANC - CHICAGO MERCANTILE EXCHANGE,17908,27819,19921,5175,48734,2018-04-03,-9911,14746
2018-04-10T00:00:00.000,SWISS FRANC - CHICAGO MERCANTILE EXCHANGE,18370,29114,23614,5430,51144,2018-04-10,-10744,18184
2018-04-17T00:00:00.000,SWISS FRANC - CHICAGO MERCANTILE EXCHANGE,24967,35488,25476,5390,59012,2018-04-17,-10521,20086
2018-04-24T00:00:00.000,SWISS FRANC - CHICAGO MERCANTILE EXCHANGE,29376,39601,35272,8090,71004,2018-04-24,-10225,27182
2018-05-01T00:00:00.000,SWISS FRANC - CHICAGO MERCANTILE EXCHANGE,28810,48266,49169,9429,84228,2018-05-01,-19456,39740
2018-05-08T00:00:00.000,SWISS FRANC - CHICAGO MERCANTILE EXCHANGE,25690,58292,65952,9980,97900,2018-05-08,-32602,55972
2018-05-15T00:00:00.000,SWISS FRANC - CHICAGO MERCANTILE EXCHANGE,25724,62117,71193,10894,103691,2018-05-15,-36393,60299
2018-05-22T00:00:00.000,SWISS FRANC - CHICAGO MERCANTILE EXCHANGE,25386,62697,72059,12051,104258,2018-05-22,-37311,60008
2018-05-29T00:00:00.000,SWISS FRANC - CHICAGO MERCANTILE EXCHANGE,19744,63175,76356,15442,107190,2018-05-29,-43431,60914
2018-06-05T00:00:00.000,SWISS FRANC - CHICAGO MERCANTILE EXCHANGE,16349,55565,77895,15444,100867,2018-06-05,-39216,62451
2018-06-12T00:00:00.000,SWISS FRANC - CHICAGO MERCANTILE EXCHANGE,13020,50265,76863,15519,101245,2018-06-12,-37245,61344
2018-06-19T00:00:00.000,SWISS FRANC - CHICAGO MERCANTILE EXCHANGE,18837,50794,68626,13498,93601,2018-06-19,-31957,55128
2018-06-26T00:00:00.000,SWISS FRANC - CHICAGO MERCANTILE EXCHANGE,13242,51273,73223,12694,92933,2018-06-26,-38031,60529
2018-07-03T00:00:00.000,SWISS FRANC - CHICAGO MERCANTILE EXCHANGE,9599,50093,74477,12586,91196,2018-07-03,-40494,61891
2018-07-10T00:00:00.000,SWISS FRANC - CHICAGO MERCANTILE EXCHANGE,8308,48429,74848,13160,89910,2018-07-10,-40121,61688
2018-07-17T00:00:00.000,SWISS FRANC - CHICAGO MERCANTILE EXCHANGE,7320,49463,78160,13077,91952,2018-07-17,-42143,65083
2018-07-24T00:00:00.000,SWISS FRANC - CHICAGO MERCANTILE EXCHANGE,4764,50572,80485,13393,91838,2018-07-24,-45808,67092
2018-07-31T00:00:00.000,SWISS FRANC - CHICAGO MERCANTILE EXCHANGE,6190,50612,78148,13275,91099,2018-07-31,-44422,64873
2018-08-07T00:00:00.000,SWISS FRANC - CHICAGO MERCANTILE EXCHANGE,5728,51836,79109,13001,90930,2018-08-07,-46108,66108
2018-08-14T00:00:00.000,SWISS FRANC - CHICAGO MERCANTILE EXCHANGE,5424,51273,78697,12922,90768,2018-08-14,-45849,65775
2018-08-21T00:00:00.000,SWISS FRANC - CHICAGO MERCANTILE EXCHANGE,6302,53520,75483,13305,90905,2018-08-21,-47218,62178
2018-08-28T00:00:00.000,SWISS FRANC - CHICAGO MERCANTILE EXCHANGE,5884,50628,71142,12923,85366,2018-08-28,-44744,58219
2018-09-04T00:00:00.000,SWISS FRANC - CHICAGO MERCANTILE EXCHANGE,7973,48367,63450,13358,80733,2018-09-04,-40394,50092
2018-09-11T00:00:00.000,SWISS FRANC - CHICAGO MERCANTILE EXCHANGE,7676,43026,58438,12803,79879,2018-09-11,-35350,45635
2018-09-18T00:00:00.000,SWISS FRANC - CHICAGO MERCANTILE EXCHANGE,9875,28313,33182,9058,54251,2018-09-18,-18438,24124
2018-09-25T00:00:00.000,SWISS FRANC - CHICAGO MERCANTILE EXCHANGE,10394,26477,31833,10310,53927,2018-09-25,-16083,21523
2018-10-02T00:00:00.000,SWISS FRANC - CHICAGO MERCANTILE EXCHANGE,11848,25250,33202,10106,54650,2018-10-02,-13402,23096
2018-10-09T00:00:00.000,SWISS FRANC - CHICAGO MERCANTILE EXCHANGE,14990,27793,37435,9720,61862,2018-10-09,-12803,27715
2018-10-16T00:00:00.000,SWISS FRANC - CHICAGO MERCANTILE EXCHANGE,13505,30029,42317,11366,64635,2018-10-16,-16524,30951
2018-10-23T00:00:00.000,SWISS FRANC - CHICAGO MERCANTILE EXCHANGE,13213,30318,47971,12363,69685,2018-10-23,-17105,35608
2018-10-30T00:00:00.000,SWISS FRANC - CHICAGO MERCANTILE EXCHANGE,18851,33373,47914,13062,75835,2018-10-30,-14522,34852
2018-11-06T00:00:00.000,SWISS FRANC - CHICAGO MERCANTILE EXCHANGE,16747,36695,53543,12849,77205,2018-11-06,-19948,40694
2018-11-13T00:00:00.000,SWISS FRANC - CHICAGO MERCANTILE EXCHANGE,15841,34443,53439,14946,77629,2018-11-13,-18602,38493
2018-11-20T00:00:00.000,SWISS FRANC - CHICAGO MERCANTILE EXCHANGE,17418,37043,53728,16206,81100,2018-11-20,-19625,37522
2018-11-27T00:00:00.000,SWISS FRANC - CHICAGO MERCANTILE EXCHANGE,16871,37939,54277,15301,78973,2018-11-27,-21068,38976
2018-12-04T00:00:00.000,SWISS FRANC - CHICAGO MERCANTILE EXCHANGE,17913,37708,53007,15838,79008,2018-12-04,-19795,37169
2018-12-11T00:00:00.000,SWISS FRANC - CHICAGO MERCANTILE EXCHANGE,16858,35125,54766,20558,81518,2018-12-11,-18267,34208
2018-12-18T00:00:00.000,SWISS FRANC - CHICAGO MERCANTILE EXCHANGE,8437,31363,53399,16287,70943,2018-12-18,-22926,37112
2018-12-24T00:00:00.000,SWISS FRANC - CHICAGO MERCANTILE EXCHANGE,6830,30159,54719,17359,70711,2018-12-24,-23329,37360
2018-12-31T00:00:00.000,SWISS FRANC - CHICAGO MERCANTILE EXCHANGE,5931,31461,53702,14972,67730,2018-12-31,-25530,38730
2019-01-08T00:00:00.000,SWISS FRANC - CHICAGO MERCANTILE EXCHANGE,5724,28910,52482,17281,67100,2019-01-08,-23186,35201
2019-01-15T00:00:00.000,SWISS FRANC - CHICAGO MERCANTILE EXCHANGE,5870,21164,48256,22321,62523,2019-01-15,-15294,25935
2019-01-22T00:00:00.000,SWISS FRANC - CHICAGO MERCANTILE EXCHANGE,6091,22493,48181,19769,63095,2019-01-22,-16402,28412
2019-01-29T00:00:00.000,SWISS FRANC - CHICAGO MERCANTILE EXCHANGE,6826,24906,48501,19155,65004,2019-01-29,-18080,29346
2019-02-05T00:00:00.000,SWISS FRANC - CHICAGO MERCANTILE EXCHANGE,9664,27778,49920,19115,68402,2019-02-05,-18114,30805
2019-02-12T00:00:00.000,SWISS FRANC - CHICAGO MERCANTILE EXCHANGE,10246,30926,52529,16706,72014,2019-02-12,-20680,35823
2019-02-19T00:00:00.000,SWISS FRANC - CHICAGO MERCANTILE EXCHANGE,9497,32847,56066,17612,74612,2019-02-19,-23350,38454
2019-02-26T00:00:00.000,SWISS FRANC - CHICAGO MERCANTILE EXCHANGE,8777,34126,57694,17484,75277,2019-02-26,-25349,40210
2019-03-05T00:00:00.000,SWISS FRANC - CHICAGO MERCANTILE EXCHANGE,11993,36097,59065,17288,79621,2019-03-05,-24104,41777
2019-03-12T00:00:00.000,SWISS FRANC - CHICAGO MERCANTILE EXCHANGE,12174,35479,61681,20112,85572,2019-03-12,-23305,41569
2019-03-19T00:00:00.000,SWISS FRANC - CHICAGO MERCANTILE EXCHANGE,7626,34815,60459,17776,75896,2019-03-19,-27189,42683
2019-03-26T00:00:00.000,SWISS FRANC - CHICAGO MERCANTILE EXCHANGE,5759,33054,57803,16541,72539,2019-03-26,-27295,41262
2019-04-02T00:00:00.000,SWISS FRANC - CHICAGO MERCANTILE EXCHANGE,7280,33546,57995,15198,73617,2019-04-02,-26266,42797
2019-04-09T00:00:00.000,SWISS FRANC - CHICAGO MERCANTILE EXCHANGE,7285,35431,59236,14138,74157,2019-04-09,-28146,45098
2019-04-16T00:00:00.000,SWISS FRANC - CHICAGO MERCANTILE EXCHANGE,6571,39155,67715,15537,81940,2019-04-16,-32584,52178
2019-04-23T00:00:00.000,SWISS FRANC - CHICAGO MERCANTILE EXCHANGE,9639,47175,77136,18088,94115,2019-04-23,-37536,59048
2019-04-30T00:00:00.000,SWISS FRANC - CHICAGO MERCANTILE EXCHANGE,14239,53985,79909,18581,102722,2019-04-30,-39746,61328
2019-05-07T00:00:00.000,SWISS FRANC - CHICAGO MERCANTILE EXCHANGE,12383,51962,80550,21237,101595,2019-05-07,-39579,59313
2019-05-14T00:00:00.000,SWISS FRANC - CHICAGO MERCANTILE EXCHANGE,7646,47656,77574,20243,93782,2019-05-14,-40010,57331
2019-05-21T00:00:00.000,SWISS FRANC - CHICAGO MERCANTILE EXCHANGE,5270,42765,74340,19136,88283,2019-05-21,-37495,55204
2019-05-28T00:00:00.000,SWISS FRANC - CHICAGO MERCANTILE EXCHANGE,4644,39319,72170,18550,85660,2019-05-28,-34675,53620
2019-06-04T00:00:00.000,SWISS FRANC - CHICAGO MERCANTILE EXCHANGE,4541,40606,67217,17067,82843,2019-06-04,-36065,50150
2019-06-11T00:00:00.000,SWISS FRANC - CHICAGO MERCANTILE EXCHANGE,4466,29254,58479,20124,72177,2019-06-11,-24788,38355
2019-06-18T00:00:00.000,SWISS FRANC - CHICAGO MERCANTILE EXCHANGE,6317,21801,44573,15735,58961,2019-06-18,-15484,28838
2019-06-25T00:00:00.000,SWISS FRANC - CHICAGO MERCANTILE EXCHANGE,7030,23511,38214,12807,55740,2019-06-25,-16481,25407
2019-07-02T00:00:00.000,SWISS FRANC - CHICAGO MERCANTILE EXCHANGE,5672,16414,34647,14002,50766,2019-07-02,-10742,20645
2019-07-09T00:00:00.000,SWISS FRANC - CHICAGO MERCANTILE EXCHANGE,7149,17577,34248,14075,51844,2019-07-09,-10428,20173
2019-07-16T00:00:00.000,SWISS FRANC - CHICAGO MERCANTILE EXCHANGE,5962,17694,36387,13998,52203,2019-07-16,-11732,22389
2019-07-23T00:00:00.000,SWISS FRANC - CHICAGO MERCANTILE EXCHANGE,6886,20079,35663,13207,53369,2019-07-23,-13193,22456
2019-07-30T00:00:00.000,SWISS FRANC - CHICAGO MERCANTILE EXCHANGE,10821,25309,38203,13562,57805,2019-07-30,-14488,24641
2019-08-06T00:00:00.000,SWISS FRANC - CHICAGO MERCANTILE EXCHANGE,8395,24826,36767,11303,56716,2019-08-06,-16431,25464
2019-08-13T00:00:00.000,SWISS FRANC - CHICAGO MERCANTILE EXCHANGE,7760,20712,35215,14304,54267,2019-08-13,-12952,20911
2019-08-20T00:00:00.000,SWISS FRANC - CHICAGO MERCANTILE EXCHANGE,7925,19042,36556,16671,54941,2019-08-20,-11117,19885
2019-08-27T00:00:00.000,SWISS FRANC - CHICAGO MERCANTILE EXCHANGE,14235,18035,30589,16129,55251,2019-08-27,-3800,14460
2019-09-03T00:00:00.000,SWISS FRANC - CHICAGO MERCANTILE EXCHANGE,16362,22201,32632,15273,60867,2019-09-03,-5839,17359
2019-09-10T00:00:00.000,SWISS FRANC - CHICAGO MERCANTILE EXCHANGE,16087,18979,37162,21766,64165,2019-09-10,-2892,15396
2019-09-17T00:00:00.000,SWISS FRANC - CHICAGO MERCANTILE EXCHANGE,15125,19681,27630,11845,52487,2019-09-17,-4556,15785
2019-09-24T00:00:00.000,SWISS FRANC - CHICAGO MERCANTILE EXCHANGE,14279,24831,33692,12220,56934,2019-09-24,-10552,21472
2019-10-01T00:00:00.000,SWISS FRANC - CHICAGO MERCANTILE EXCHANGE,18245,29780,39214,12415,65484,2019-10-01,-11535,26799
2019-10-08T00:00:00.000,SWISS FRANC - CHICAGO MERCANTILE EXCHANGE,15252,26299,39953,14721,64837,2019-10-08,-11047,25232
2019-10-15T00:00:00.000,SWISS FRANC - CHICAGO MERCANTILE EXCHANGE,13534,26300,42234,14902,64763,2019-10-15,-12766,27332
2019-10-22T00:00:00.000,SWISS FRANC - CHICAGO MERCANTILE EXCHANGE,13051,24386,38340,15686,61619,2019-10-22,-11335,22654
2019-10-29T00:00:00.000,SWISS FRANC - CHICAGO MERCANTILE EXCHANGE,14334,26818,41733,15489,65712,2019-10-29,-12484,26244
2019-11-05T00:00:00.000,SWISS FRANC - CHICAGO MERCANTILE EXCHANGE,14048,28201,44496,16466,67855,2019-11-05,-14153,28030
2019-11-12T00:00:00.000,SWISS FRANC - CHICAGO MERCANTILE EXCHANGE,12824,27944,46010,16166,68066,2019-11-12,-15120,29844
2019-11-19T00:00:00.000,SWISS FRANC - CHICAGO MERCANTILE EXCHANGE,11573,27765,47555,17419,68223,2019-11-19,-16192,30136
2019-11-26T00:00:00.000,SWISS FRANC - CHICAGO MERCANTILE EXCHANGE,14767,35742,52354,18126,77318,2019-11-26,-20975,34228
2019-12-03T00:00:00.000,SWISS FRANC - CHICAGO MERCANTILE EXCHANGE,15119,37406,52799,17354,79183,2019-12-03,-22287,35445
2019-12-10T00:00:00.000,SWISS FRANC - CHICAGO MERCANTILE EXCHANGE,10182,31047,49590,18718,75650,2019-12-10,-20865,30872
2019-12-17T00:00:00.000,SWISS FRANC - CHICAGO MERCANTILE EXCHANGE,13762,24836,36839,15995,61630,2019-12-17,-11074,20844
2019-12-24T00:00:00.000,SWISS FRANC - CHICAGO MERCANTILE EXCHANGE,14516,24195,35919,16060,60450,2019-12-24,-9679,19859
2019-12-31T00:00:00.000,SWISS FRANC - CHICAGO MERCANTILE EXCHANGE,14549,20274,29867,15369,55514,2019-12-31,-5725,14498
2020-01-07T00:00:00.000,SWISS FRANC - CHICAGO MERCANTILE EXCHANGE,11298,15767,25815,14588,49365,2020-01-07,-4469,11227
2020-01-14T00:00:00.000,SWISS FRANC - CHICAGO MERCANTILE EXCHANGE,12417,12609,24084,18213,49118,2020-01-14,-192,5871
2020-01-21T00:00:00.000,SWISS FRANC - CHICAGO MERCANTILE EXCHANGE,12375,10839,22764,21619,50368,2020-01-21,1536,1145
2020-01-28T00:00:00.000,SWISS FRANC - CHICAGO MERCANTILE EXCHANGE,12969,9472,24449,21140,51440,2020-01-28,3497,3309
2020-02-04T00:00:00.000,SWISS FRANC - CHICAGO MERCANTILE EXCHANGE,14261,9342,22497,22512,49855,2020-02-04,4919,-15
2020-02-11T00:00:00.000,SWISS FRANC - CHICAGO MERCANTILE EXCHANGE,15937,12170,22929,19846,51465,2020-02-11,3767,3083
2020-02-18T00:00:00.000,SWISS FRANC - CHICAGO MERCANTILE EXCHANGE,17057,15516,24499,15311,52520,2020-02-18,1541,9188
2020-02-25T00:00:00.000,SWISS FRANC - CHICAGO MERCANTILE EXCHANGE,19914,19298,26102,15665,57192,2020-02-25,616,10437
2020-03-03T00:00:00.000,SWISS FRANC - CHICAGO MERCANTILE EXCHANGE,14727,17969,23956,18887,54436,2020-03-03,-3242,5069
2020-03-10T00:00:00.000,SWISS FRANC - CHICAGO MERCANTILE EXCHANGE,13460,12865,19463,23511,50474,2020-03-10,595,-4048
2020-03-17T00:00:00.000,SWISS FRANC - CHICAGO MERCANTILE EXCHANGE,13963,6589,9994,16886,35254,2020-03-17,7374,-6892
2020-03-24T00:00:00.000,SWISS FRANC - CHICAGO MERCANTILE EXCHANGE,10294,5403,10661,14308,30767,2020-03-24,4891,-3647
2020-03-31T00:00:00.000,SWISS FRANC - CHICAGO MERCANTILE EXCHANGE,10389,5442,9119,13872,29657,2020-03-31,4947,-4753
2020-04-07T00:00:00.000,SWISS FRANC - CHICAGO MERCANTILE EXCHANGE,11186,5582,9434,13872,30391,2020-04-07,5604,-4438
2020-04-14T00:00:00.000,SWISS FRANC - CHICAGO MERCANTILE EXCHANGE,11608,6951,11205,14612,32718,2020-04-14,4657,-3407
2020-04-21T00:00:00.000,SWISS FRANC - CHICAGO MERCANTILE EXCHANGE,12731,7807,10428,16178,35026,2020-04-21,4924,-5750
2020-04-28T00:00:00.000,SWISS FRANC - CHICAGO MERCANTILE EXCHANGE,12474,6898,11781,17228,36326,2020-04-28,5576,-5447
2020-05-05T00:00:00.000,SWISS FRANC - CHICAGO MERCANTILE EXCHANGE,12967,5176,12783,18162,36257,2020-05-05,7791,-5379
2020-05-12T00:00:00.000,SWISS FRANC - CHICAGO MERCANTILE EXCHANGE,12624,5976,16793,22438,40469,2020-05-12,6648,-5645
2020-05-19T00:00:00.000,SWISS FRANC - CHICAGO MERCANTILE EXCHANGE,13678,4950,14422,20534,38746,2020-05-19,8728,-6112
2020-05-26T00:00:00.000,SWISS FRANC - CHICAGO MERCANTILE EXCHANGE,13246,4507,14593,21439,39072,2020-05-26,8739,-6846
2020-06-02T00:00:00.000,SWISS FRANC - CHICAGO MERCANTILE EXCHANGE,13364,4375,14432,22186,40352,2020-06-02,8989,-7754
2020-06-09T00:00:00.000,SWISS FRANC - CHICAGO MERCANTILE EXCHANGE,10463,8697,16366,20646,41580,2020-06-09,1766,-4280
2020-06-16T00:00:00.000,SWISS FRANC - CHICAGO MERCANTILE EXCHANGE,9150,7544,12869,18526,35733,2020-06-16,1606,-5657
2020-06-23T00:00:00.000,SWISS FRANC - CHICAGO MERCANTILE EXCHANGE,11739,10291,15131,21803,42299,2020-06-23,1448,-6672
2020-06-30T00:00:00.000,SWISS FRANC - CHICAGO MERCANTILE EXCHANGE,12796,8458,13995,22905,41400,2020-06-30,4338,-8910
2020-07-07T00:00:00.000,SWISS FRANC - CHICAGO MERCANTILE EXCHANGE,12832,9054,15528,25310,45115,2020-07-07,3778,-9782
2020-07-14T00:00:00.000,SWISS FRANC - CHICAGO MERCANTILE EXCHANGE,16526,9469,14482,28589,48430,2020-07-14,7057,-14107
2020-07-21T00:00:00.000,SWISS FRANC - CHICAGO MERCANTILE EXCHANGE,17761,10382,14952,29961,51006,2020-07-21,7379,-15009
2020-07-28T00:00:00.000,SWISS FRANC - CHICAGO MERCANTILE EXCHANGE,17654,9212,14018,32141,51799,2020-07-28,8442,-18123
2020-08-04T00:00:00.000,SWISS FRANC - CHICAGO MERCANTILE EXCHANGE,21760,10100,14628,36477,56772,2020-08-04,11660,-21849
2020-08-11T00:00:00.000,SWISS FRANC - CHICAGO MERCANTILE EXCHANGE,23084,5919,12731,39999,56592,2020-08-11,17165,-27268
2020-08-18T00:00:00.000,SWISS FRANC - CHICAGO MERCANTILE EXCHANGE,20774,6267,12719,39696,56114,2020-08-18,14507,-26977
2020-08-25T00:00:00.000,SWISS FRANC - CHICAGO MERCANTILE EXCHANGE,18344,6478,13021,36967,53085,2020-08-25,11866,-23946
2020-09-01T00:00:00.000,SWISS FRANC - CHICAGO MERCANTILE EXCHANGE,19263,7666,11890,36030,54037,2020-09-01,11597,-24140
2020-09-08T00:00:00.000,SWISS FRANC - CHICAGO MERCANTILE EXCHANGE,18440,6913,12185,33788,52562,2020-09-08,11527,-21603
2020-09-15T00:00:00.000,SWISS FRANC - CHICAGO MERCANTILE EXCHANGE,18649,6583,12894,34901,52411,2020-09-15,12066,-22007
2020-09-22T00:00:00.000,SWISS FRANC - CHICAGO MERCANTILE EXCHANGE,21684,5768,11112,33004,51875,2020-09-22,15916,-21892
2020-09-29T00:00:00.000,SWISS FRANC - CHICAGO MERCANTILE EXCHANGE,19166,6425,10530,29138,47666,2020-09-29,12741,-18608
2020-10-06T00:00:00.000,SWISS FRANC - CHICAGO MERCANTILE EXCHANGE,16941,3845,10175,28928,45038,2020-10-06,13096,-18753
2020-10-13T00:00:00.000,SWISS FRANC - CHICAGO MERCANTILE EXCHANGE,16896,4724,11426,29455,47725,2020-10-13,12172,-18029
2020-10-20T00:00:00.000,SWISS FRANC - CHICAGO MERCANTILE EXCHANGE,21682,7283,11732,32388,52755,2020-10-20,14399,-20656
2020-10-27T00:00:00.000,SWISS FRANC - CHICAGO MERCANTILE EXCHANGE,22189,6686,11217,33025,52735,2020-10-27,15503,-21808
2020-11-03T00:00:00.000,SWISS FRANC - CHICAGO MERCANTILE EXCHANGE,20775,5880,12379,31983,51092,2020-11-03,14895,-19604
2020-11-10T00:00:00.000,SWISS FRANC - CHICAGO MERCANTILE EXCHANGE,21403,5539,12372,33172,52528,2020-11-10,15864,-20800
2020-11-17T00:00:00.000,SWISS FRANC - CHICAGO MERCANTILE EXCHANGE,19929,5005,13483,32723,50775,2020-11-17,14924,-19240
2020-11-24T00:00:00.000,SWISS FRANC - CHICAGO MERCANTILE EXCHANGE,20117,5131,13589,33068,50388,2020-11-24,14986,-19479
2020-12-01T00:00:00.000,SWISS FRANC - CHICAGO MERCANTILE EXCHANGE,19860,5209,12638,32933,51683,2020-12-01,14651,-20295
2020-12-08T00:00:00.000,SWISS FRANC - CHICAGO MERCANTILE EXCHANGE,16693,6270,13535,34745,54922,2020-12-08,10423,-21210
2020-12-15T00:00:00.000,SWISS FRANC - CHICAGO MERCANTILE EXCHANGE,17177,7886,9775,28618,48913,2020-12-15,9291,-18843
2020-12-21T00:00:00.000,SWISS FRANC - CHICAGO MERCANTILE EXCHANGE,23286,12042,9209,29881,53305,2020-12-21,11244,-20672
2020-12-29T00:00:00.000,SWISS FRANC - CHICAGO MERCANTILE EXCHANGE,21496,9709,8874,30644,52404,2020-12-29,11787,-21770
2021-01-05T00:00:00.000,SWISS FRANC - CHICAGO MERCANTILE EXCHANGE,17386,8014,9246,29386,49028,2021-01-05,9372,-20140
2021-01-12T00:00:00.000,SWISS FRANC - CHICAGO MERCANTILE EXCHANGE,20421,8446,8802,29632,50164,2021-01-12,11975,-20830
2021-01-19T00:00:00.000,SWISS FRANC - CHICAGO MERCANTILE EXCHANGE,17706,8286,9002,28395,48530,2021-01-19,9420,-19393
2021-01-26T00:00:00.000,SWISS FRANC - CHICAGO MERCANTILE EXCHANGE,17638,7546,8313,28819,48337,2021-01-26,10092,-20506
2021-02-02T00:00:00.000,SWISS FRANC - CHICAGO MERCANTILE EXCHANGE,22159,7518,8973,28406,50832,2021-02-02,14641,-19433
2021-02-09T00:00:00.000,SWISS FRANC - CHICAGO MERCANTILE EXCHANGE,18778,7370,13017,27754,48656,2021-02-09,11408,-14737
2021-02-16T00:00:00.000,SWISS FRANC - CHICAGO MERCANTILE EXCHANGE,15745,7374,13748,27839,48093,2021-02-16,8371,-14091
2021-02-23T00:00:00.000,SWISS FRANC - CHICAGO MERCANTILE EXCHANGE,21561,10038,14875,27410,53002,2021-02-23,11523,-12535
2021-03-02T00:00:00.000,SWISS FRANC - CHICAGO MERCANTILE EXCHANGE,21863,9602,18459,25535,52707,2021-03-02,12261,-7076
2021-03-09T00:00:00.000,SWISS FRANC - CHICAGO MERCANTILE EXCHANGE,23614,9221,21844,26982,57348,2021-03-09,14393,-5138
2021-03-16T00:00:00.000,SWISS FRANC - CHICAGO MERCANTILE EXCHANGE,13297,8626,15984,6971,37985,2021-03-16,4671,9013
2021-03-23T00:00:00.000,SWISS FRANC - CHICAGO MERCANTILE EXCHANGE,12458,9586,16211,7162,38302,2021-03-23,2872,9049
2021-03-30T00:00:00.000,SWISS FRANC - CHICAGO MERCANTILE EXCHANGE,16086,11817,17012,7055,42770,2021-03-30,4269,9957
2021-04-06T00:00:00.000,SWISS FRANC - CHICAGO MERCANTILE EXCHANGE,15690,12445,18970,8184,43677,2021-04-06,3245,10786
2021-04-13T00:00:00.000,SWISS FRANC - CHICAGO MERCANTILE EXCHANGE,12965,12141,19426,8795,42423,2021-04-13,824,10631
2021-04-20T00:00:00.000,SWISS FRANC - CHICAGO MERCANTILE EXCHANGE,11264,12906,20329,8053,41266,2021-04-20,-1642,12276
2021-04-27T00:00:00.000,SWISS FRANC - CHICAGO MERCANTILE EXCHANGE,11116,11802,19301,9250,40783,2021-04-27,-686,10051
2021-05-04T00:00:00.000,SWISS FRANC - CHICAGO MERCANTILE EXCHANGE,10276,10220,18260,10553,39526,2021-05-04,56,7707
2021-05-11T00:00:00.000,SWISS FRANC - CHICAGO MERCANTILE EXCHANGE,10381,13232,17103,12025,41585,2021-05-11,-2851,5078
2021-05-18T00:00:00.000,SWISS FRANC - CHICAGO MERCANTILE EXCHANGE,11115,15380,17781,12779,44162,2021-05-18,-4265,5002
2021-05-25T00:00:00.000,SWISS FRANC - CHICAGO MERCANTILE EXCHANGE,12223,13426,17997,14318,43521,2021-05-25,-1203,3679
2021-06-01T00:00:00.000,SWISS FRANC - CHICAGO MERCANTILE EXCHANGE,13940,13616,17008,16869,46004,2021-06-01,324,139
2021-06-08T00:00:00.000,SWISS FRANC - CHICAGO MERCANTILE EXCHANGE,12649,11573,19564,21735,49202,2021-06-08,1076,-2171
2021-06-15T00:00:00.000,SWISS FRANC - CHICAGO MERCANTILE EXCHANGE,14875,5488,7231,15627,37057,2021-06-15,9387,-8396
2021-06-22T00:00:00.000,SWISS FRANC - CHICAGO MERCANTILE EXCHANGE,20980,7428,10103,16188,41889,2021-06-22,13552,-6085
2021-06-29T00:00:00.000,SWISS FRANC - CHICAGO MERCANTILE EXCHANGE,18941,7876,12669,15910,42684,2021-06-29,11065,-3241
2021-07-06T00:00:00.000,SWISS FRANC - CHICAGO MERCANTILE EXCHANGE,19230,9068,15763,16209,44739,2021-07-06,10162,-446
2021-07-13T00:00:00.000,SWISS FRANC - CHICAGO MERCANTILE EXCHANGE,18074,10937,18707,16482,45704,2021-07-13,7137,2225
2021-07-20T00:00:00.000,SWISS FRANC - CHICAGO MERCANTILE EXCHANGE,18061,10019,18646,14850,44735,2021-07-20,8042,3796
2021-07-27T00:00:00.000,SWISS FRANC - CHICAGO MERCANTILE EXCHANGE,18262,9773,17602,15945,44784,2021-07-27,8489,1657
2021-08-03T00:00:00.000,SWISS FRANC - CHICAGO MERCANTILE EXCHANGE,16522,8979,13804,14788,42456,2021-08-03,7543,-984
2021-08-10T00:00:00.000,SWISS FRANC - CHICAGO MERCANTILE EXCHANGE,18537,8859,17089,15163,45159,2021-08-10,9678,1926
2021-08-17T00:00:00.000,SWISS FRANC - CHICAGO MERCANTILE EXCHANGE,14354,8807,19211,15934,44005,2021-08-17,5547,3277
2021-08-24T00:00:00.000,SWISS FRANC - CHICAGO MERCANTILE EXCHANGE,14608,10514,18206,14914,43703,2021-08-24,4094,3292
2021-08-31T00:00:00.000,SWISS FRANC - CHICAGO MERCANTILE EXCHANGE,14259,10284,18116,15375,43060,2021-08-31,3975,2741
2021-09-07T00:00:00.000,SWISS FRANC - CHICAGO MERCANTILE EXCHANGE,11671,11451,21419,12630,44573,2021-09-07,220,8789
2021-09-14T00:00:00.000,SWISS FRANC - CHICAGO MERCANTILE EXCHANGE,6170,12048,30053,12479,45513,2021-09-14,-5878,17574
2021-09-21T00:00:00.000,SWISS FRANC - CHICAGO MERCANTILE EXCHANGE,7447,16664,40201,15704,56838,2021-09-21,-9217,24497
2021-09-28T00:00:00.000,SWISS FRANC - CHICAGO MERCANTILE EXCHANGE,6734,18321,42675,14617,58506,2021-09-28,-11587,28058
2021-10-05T00:00:00.000,SWISS FRANC - CHICAGO MERCANTILE EXCHANGE,2274,17953,44633,15047,55970,2021-10-05,-15679,29586
2021-10-12T00:00:00.000,SWISS FRANC - CHICAGO MERCANTILE EXCHANGE,3560,16532,45327,15364,57341,2021-10-12,-12972,29963
2021-10-19T00:00:00.000,SWISS FRANC - CHICAGO MERCANTILE EXCHANGE,2365,19949,44662,11309,55600,2021-10-19,-17584,33353
2021-10-26T00:00:00.000,SWISS FRANC - CHICAGO MERCANTILE EXCHANGE,1246,20625,43355,10993,54305,2021-10-26,-19379,32362
2021-11-02T00:00:00.000,SWISS FRANC - CHICAGO MERCANTILE EXCHANGE,1439,22087,36456,10959,51613,2021-11-02,-20648,25497
2021-11-09T00:00:00.000,SWISS FRANC - CHICAGO MERCANTILE EXCHANGE,4690,21733,32499,11965,51546,2021-11-09,-17043,20534
2021-11-16T00:00:00.000,SWISS FRANC - CHICAGO MERCANTILE EXCHANGE,5502,14391,31663,12896,49320,2021-11-16,-8889,18767
2021-11-23T00:00:00.000,SWISS FRANC - CHICAGO MERCANTILE EXCHANGE,6241,17617,34403,12881,52412,2021-11-23,-11376,21522
2021-11-30T00:00:00.000,SWISS FRANC - CHICAGO MERCANTILE EXCHANGE,3927,18109,33377,12202,50543,2021-11-30,-14182,21175
2021-12-07T00:00:00.000,SWISS FRANC - CHICAGO MERCANTILE EXCHANGE,2838,14891,33542,13196,51229,2021-12-07,-12053,20346
2021-12-14T00:00:00.000,SWISS FRANC - CHICAGO MERCANTILE EXCHANGE,1344,9680,25786,10978,38467,2021-12-14,-8336,14808
2021-12-21T00:00:00.000,SWISS FRANC - CHICAGO MERCANTILE EXCHANGE,2460,11687,27344,11399,40920,2021-12-21,-9227,15945
2021-12-28T00:00:00.000,SWISS FRANC - CHICAGO MERCANTILE EXCHANGE,1043,11761,26286,11060,40122,2021-12-28,-10718,15226
2022-01-04T00:00:00.000,SWISS FRANC - CHICAGO MERCANTILE EXCHANGE,4510,14039,26204,11576,42251,2022-01-04,-9529,14628
2022-01-11T00:00:00.000,SWISS FRANC - CHICAGO MERCANTILE EXCHANGE,4571,12231,27897,12298,42713,2022-01-11,-7660,15599
2022-01-18T00:00:00.000,SWISS FRANC - CHICAGO MERCANTILE EXCHANGE,925,11735,26828,13029,39871,2022-01-18,-10810,13799
2022-01-25T00:00:00.000,SWISS FRANC - CHICAGO MERCANTILE EXCHANGE,1999,10795,27591,14112,39742,2022-01-25,-8796,13479
2022-02-01T00:00:00.000,SWISS FRANC - CHICAGO MERCANTILE EXCHANGE,698,8937,30161,13620,41054,2022-02-01,-8239,16541
2022-02-08T00:00:00.000,SWISS FRANC - CHICAGO MERCANTILE EXCHANGE,1234,10633,30215,13297,41481,2022-02-08,-9399,16918
2022-02-15T00:00:00.000,SWISS FRANC - CHICAGO MERCANTILE EXCHANGE,3652,13367,33069,14181,45522,2022-02-15,-9715,18888
2022-02-22T00:00:00.000,SWISS FRANC - CHICAGO MERCANTILE EXCHANGE,3785,14772,33718,14608,47339,2022-02-22,-10987,19110
2022-03-01T00:00:00.000,SWISS FRANC - CHICAGO MERCANTILE EXCHANGE,1651,16899,35045,14183,47273,2022-03-01,-15248,20862
2022-03-08T00:00:00.000,SWISS FRANC - CHICAGO MERCANTILE EXCHANGE,4856,14566,36635,14693,51820,2022-03-08,-9710,21942
2022-03-15T00:00:00.000,SWISS FRANC - CHICAGO MERCANTILE EXCHANGE,5808,11037,28761,11301,43356,2022-03-15,-5229,17460
2022-03-22T00:00:00.000,SWISS FRANC - CHICAGO MERCANTILE EXCHANGE,6012,14436,30663,10164,44911,2022-03-22,-8424,20499
2022-03-29T00:00:00.000,SWISS FRANC - CHICAGO MERCANTILE EXCHANGE,3292,14871,32430,9202,44327,2022-03-29,-11579,23228
2022-04-05T00:00:00.000,SWISS FRANC - CHICAGO MERCANTILE EXCHANGE,1860,14253,29392,8649,40005,2022-04-05,-12393,20743
2022-04-12T00:00:00.000,SWISS FRANC - CHICAGO MERCANTILE EXCHANGE,1642,15584,30798,8499,41231,2022-04-12,-13942,22299
2022-04-19T00:00:00.000,SWISS FRANC - CHICAGO MERCANTILE EXCHANGE,2900,14350,31735,8684,44269,2022-04-19,-11450,23051
2022-04-26T00:00:00.000,SWISS FRANC - CHICAGO MERCANTILE EXCHANGE,4455,17324,33085,7372,47297,2022-04-26,-12869,25713
2022-05-03T00:00:00.000,SWISS FRANC - CHICAGO MERCANTILE EXCHANGE,4357,18264,37429,6887,49385,2022-05-03,-13907,30542
2022-05-10T00:00:00.000,SWISS FRANC - CHICAGO MERCANTILE EXCHANGE,4727,20490,38258,8439,51282,2022-05-10,-15763,29819
2022-05-17T00:00:00.000,SWISS FRANC - CHICAGO MERCANTILE EXCHANGE,5240,21832,39722,8541,53291,2022-05-17,-16592,31181
2022-05-24T00:00:00.000,SWISS FRANC - CHICAGO MERCANTILE EXCHANGE,1355,21028,39913,8219,49918,2022-05-24,-19673,31694
2022-05-31T00:00:00.000,SWISS FRANC - CHICAGO MERCANTILE EXCHANGE,2641,23099,37473,7622,49579,2022-05-31,-20458,29851
2022-06-07T00:00:00.000,SWISS FRANC - CHICAGO MERCANTILE EXCHANGE,2609,18741,34494,7278,49794,2022-06-07,-16132,27216
2022-06-14T00:00:00.000,SWISS FRANC - CHICAGO MERCANTILE EXCHANGE,4291,11099,26045,7898,39362,2022-06-14,-6808,18147
2022-06-21T00:00:00.000,SWISS FRANC - CHICAGO MERCANTILE EXCHANGE,3068,10225,24927,9969,37669,2022-06-21,-7157,14958
2022-06-28T00:00:00.000,SWISS FRANC - CHICAGO MERCANTILE EXCHANGE,4523,13114,25994,8132,40123,2022-06-28,-8591,17862
2022-07-05T00:00:00.000,SWISS FRANC - CHICAGO MERCANTILE EXCHANGE,3218,13353,26664,6589,38504,2022-07-05,-10135,20075
2022-07-12T00:00:00.000,SWISS FRANC - CHICAGO MERCANTILE EXCHANGE,7017,15741,26217,6335,41255,2022-07-12,-8724,19882
2022-07-19T00:00:00.000,SWISS FRANC - CHICAGO MERCANTILE EXCHANGE,6948,17860,25008,5803,41855,2022-07-19,-10912,19205
2022-07-26T00:00:00.000,SWISS FRANC - CHICAGO MERCANTILE EXCHANGE,8138,19437,27195,6585,44081,2022-07-26,-11299,20610
2022-08-02T00:00:00.000,SWISS FRANC - CHICAGO MERCANTILE EXCHANGE,8170,21478,29075,5796,45874,2022-08-02,-13308,23279
2022-08-09T00:00:00.000,SWISS FRANC - CHICAGO MERCANTILE EXCHANGE,8635,18417,25084,5620,43202,2022-08-09,-9782,19464
2022-08-16T00:00:00.000,SWISS FRANC - CHICAGO MERCANTILE EXCHANGE,7773,12869,21767,8151,39407,2022-08-16,-5096,13616
2022-08-23T00:00:00.000,SWISS FRANC - CHICAGO MERCANTILE EXCHANGE,9541,11946,23858,9079,42471,2022-08-23,-2405,14779
2022-08-30T00:00:00.000,SWISS FRANC - CHICAGO MERCANTILE EXCHANGE,11915,14177,27113,11642,47168,2022-08-30,-2262,15471
2022-09-06T00:00:00.000,SWISS FRANC - CHICAGO MERCANTILE EXCHANGE,10882,14919,26584,9717,48226,2022-09-06,-4037,16867
2022-09-13T00:00:00.000,SWISS FRANC - CHICAGO MERCANTILE EXCHANGE,7704,15009,26988,10476,44853,2022-09-13,-7305,16512
2022-09-20T00:00:00.000,SWISS FRANC - CHICAGO MERCANTILE EXCHANGE,8167,14907,22309,9323,40937,2022-09-20,-6740,12986
2022-09-27T00:00:00.000,SWISS FRANC - CHICAGO MERCANTILE EXCHANGE,7681,13411,28196,11298,44492,2022-09-27,-5730,16898
2022-10-04T00:00:00.000,SWISS FRANC - CHICAGO MERCANTILE EXCHANGE,7816,14668,26140,10118,43121,2022-10-04,-6852,16022
2022-10-11T00:00:00.000,SWISS FRANC - CHICAGO MERCANTILE EXCHANGE,5501,11391,29436,11453,43748,2022-10-11,-5890,17983
2022-10-18T00:00:00.000,SWISS FRANC - CHICAGO MERCANTILE EXCHANGE,7052,14138,28702,9604,44911,2022-10-18,-7086,19098
2022-10-25T00:00:00.000,SWISS FRANC - CHICAGO MERCANTILE EXCHANGE,5538,16838,31843,8682,46594,2022-10-25,-11300,23161
2022-11-01T00:00:00.000,SWISS FRANC - CHICAGO MERCANTILE EXCHANGE,6612,21396,35822,8091,50107,2022-11-01,-14784,27731
2022-11-08T00:00:00.000,SWISS FRANC - CHICAGO MERCANTILE EXCHANGE,4865,22019,35603,7327,49907,2022-11-08,-17154,28276
2022-11-15T00:00:00.000,SWISS FRANC - CHICAGO MERCANTILE EXCHANGE,2271,19098,29249,7612,41966,2022-11-15,-16827,21637
2022-11-22T00:00:00.000,SWISS FRANC - CHICAGO MERCANTILE EXCHANGE,1910,16386,28470,9267,41440,2022-11-22,-14476,19203
2022-11-29T00:00:00.000,SWISS FRANC - CHICAGO MERCANTILE EXCHANGE,1488,15735,28814,8844,41360,2022-11-29,-14247,19970
2022-12-06T00:00:00.000,SWISS FRANC - CHICAGO MERCANTILE EXCHANGE,1343,13573,28500,10641,40171,2022-12-06,-12230,17859
2022-12-13T00:00:00.000,SWISS FRANC - CHICAGO MERCANTILE EXCHANGE,2081,13892,34016,18044,49340,2022-12-13,-11811,15972
2022-12-20T00:00:00.000,SWISS FRANC - CHICAGO MERCANTILE EXCHANGE,5001,9065,13639,8467,30040,2022-12-20,-4064,5172
2022-12-27T00:00:00.000,SWISS FRANC - CHICAGO MERCANTILE EXCHANGE,3929,8060,13618,9451,29851,2022-12-27,-4131,4167
2023-01-03T00:00:00.000,SWISS FRANC - CHICAGO MERCANTILE EXCHANGE,6632,9486,16274,9843,33250,2023-01-03,-2854,6431
2023-01-10T00:00:00.000,SWISS FRANC - CHICAGO MERCANTILE EXCHANGE,3668,11038,17034,8828,33266,2023-01-10,-7370,8206
2023-01-17T00:00:00.000,SWISS FRANC - CHICAGO MERCANTILE EXCHANGE,3919,11860,18933,7576,34300,2023-01-17,-7941,11357
2023-01-24T00:00:00.000,SWISS FRANC - CHICAGO MERCANTILE EXCHANGE,3624,13132,20185,8620,35368,2023-01-24,-9508,11565
2023-01-31T00:00:00.000,SWISS FRANC - CHICAGO MERCANTILE EXCHANGE,5664,13978,21109,9293,38345,2023-01-31,-8314,11816
2023-02-07T00:00:00.000,SWISS FRANC - CHICAGO MERCANTILE EXCHANGE,7052,13420,21184,10380,38842,2023-02-07,-6368,10804
2023-02-14T00:00:00.000,SWISS FRANC - CHICAGO MERCANTILE EXCHANGE,4701,12169,22447,10365,37591,2023-02-14,-7468,12082
2023-02-21T00:00:00.000,SWISS FRANC - CHICAGO MERCANTILE EXCHANGE,7243,13763,22668,10610,39087,2023-02-21,-6520,12058
2023-02-28T00:00:00.000,SWISS FRANC - CHICAGO MERCANTILE EXCHANGE,8876,13793,24005,8566,41991,2023-02-28,-4917,15439
2023-03-07T00:00:00.000,SWISS FRANC - CHICAGO MERCANTILE EXCHANGE,10394,14344,27451,12621,46745,2023-03-07,-3950,14830
2023-03-14T00:00:00.000,SWISS FRANC - CHICAGO MERCANTILE EXCHANGE,3594,13559,21386,8068,39006,2023-03-14,-9965,13318
2023-03-21T00:00:00.000,SWISS FRANC - CHICAGO MERCANTILE EXCHANGE,4853,12150,19555,6944,35837,2023-03-21,-7297,12611
2023-03-28T00:00:00.000,SWISS FRANC - CHICAGO MERCANTILE EXCHANGE,3978,10052,19865,9132,34856,2023-03-28,-6074,10733
2023-04-04T00:00:00.000,SWISS FRANC - CHICAGO MERCANTILE EXCHANGE,2958,10961,20038,9216,37177,2023-04-04,-8003,10822
2023-04-11T00:00:00.000,SWISS FRANC - CHICAGO MERCANTILE EXCHANGE,4155,10889,19920,10184,38272,2023-04-11,-6734,9736
2023-04-18T00:00:00.000,SWISS FRANC - CHICAGO MERCANTILE EXCHANGE,5347,10067,18138,14752,40870,2023-04-18,-4720,3386
2023-04-25T00:00:00.000,SWISS FRANC - CHICAGO MERCANTILE EXCHANGE,6556,10212,18374,15673,41736,2023-04-25,-3656,2701
2023-05-02T00:00:00.000,SWISS FRANC - CHICAGO MERCANTILE EXCHANGE,8230,11229,18816,16249,43251,2023-05-02,-2999,2567
2023-05-09T00:00:00.000,SWISS FRANC - CHICAGO MERCANTILE EXCHANGE,7056,11523,19431,14672,43389,2023-05-09,-4467,4759
2023-05-16T00:00:00.000,SWISS FRANC - CHICAGO MERCANTILE EXCHANGE,8561,10420,18524,15686,43681,2023-05-16,-1859,2838
2023-05-23T00:00:00.000,SWISS FRANC - CHICAGO MERCANTILE EXCHANGE,10267,11170,18328,16637,44808,2023-05-23,-903,1691
2023-05-30T00:00:00.000,SWISS FRANC - CHICAGO MERCANTILE EXCHANGE,8482,8917,18560,17027,41354,2023-05-30,-435,1533
2023-06-06T00:00:00.000,SWISS FRANC - CHICAGO MERCANTILE EXCHANGE,11579,12893,20726,13678,44087,2023-06-06,-1314,7048
2023-06-13T00:00:00.000,SWISS FRANC - CHICAGO MERCANTILE EXCHANGE,8386,13429,22225,15192,48163,2023-06-13,-5043,7033
2023-06-20T00:00:00.000,SWISS FRANC - CHICAGO MERCANTILE EXCHANGE,8322,13173,15585,10349,36128,2023-06-20,-4851,5236
2023-06-27T00:00:00.000,SWISS FRANC - CHICAGO MERCANTILE EXCHANGE,6627,11573,17667,10649,37379,2023-06-27,-4946,7018
2023-07-03T00:00:00.000,SWISS FRANC - CHICAGO MERCANTILE EXCHANGE,10634,14038,18633,11068,40639,2023-07-03,-3404,7565
2023-07-11T00:00:00.000,SWISS FRANC - CHICAGO MERCANTILE EXCHANGE,7417,15324,20604,12439,43563,2023-07-11,-7907,8165
2023-07-18T00:00:00.000,SWISS FRANC - CHICAGO MERCANTILE EXCHANGE,6772,16983,18183,12256,43213,2023-07-18,-10211,5927
2023-07-25T00:00:00.000,SWISS FRANC - CHICAGO MERCANTILE EXCHANGE,7804,16235,16787,13366,44180,2023-07-25,-8431,3421
2023-08-01T00:00:00.000,SWISS FRANC - CHICAGO MERCANTILE EXCHANGE,7299,16046,18058,13850,43983,2023-08-01,-8747,4208
2023-08-08T00:00:00.000,SWISS FRANC - CHICAGO MERCANTILE EXCHANGE,8509,13961,18991,14899,43122,2023-08-08,-5452,4092
2023-08-15T00:00:00.000,SWISS FRANC - CHICAGO MERCANTILE EXCHANGE,8693,12700,18812,14612,42794,2023-08-15,-4007,4200
2023-08-22T00:00:00.000,SWISS FRANC - CHICAGO MERCANTILE EXCHANGE,10200,14066,19640,14032,44326,2023-08-22,-3866,5608
2023-08-29T00:00:00.000,SWISS FRANC - CHICAGO MERCANTILE EXCHANGE,8253,12771,20545,14157,43242,2023-08-29,-4518,6388
2023-09-05T00:00:00.000,SWISS FRANC - CHICAGO MERCANTILE EXCHANGE,11494,16819,22508,11821,46670,2023-09-05,-5325,10687
2023-09-12T00:00:00.000,SWISS FRANC - CHICAGO MERCANTILE EXCHANGE,9009,18347,26017,13666,49945,2023-09-12,-9338,12351
2023-09-19T00:00:00.000,SWISS FRANC - CHICAGO MERCANTILE EXCHANGE,12196,20131,25167,9323,46638,2023-09-19,-7935,15844
2023-09-26T00:00:00.000,SWISS FRANC - CHICAGO MERCANTILE EXCHANGE,12377,21492,31968,11054,53900,2023-09-26,-9115,20914
2023-10-03T00:00:00.000,SWISS FRANC - CHICAGO MERCANTILE EXCHANGE,11143,27885,38468,11100,58673,2023-10-03,-16742,27368
2023-10-10T00:00:00.000,SWISS FRANC - CHICAGO MERCANTILE EXCHANGE,11633,27708,41526,12696,61742,2023-10-10,-16075,28830
2023-10-17T00:00:00.000,SWISS FRANC - CHICAGO MERCANTILE EXCHANGE,10327,27405,42247,11914,61346,2023-10-17,-17078,30333
2023-10-24T00:00:00.000,SWISS FRANC - CHICAGO MERCANTILE EXCHANGE,9807,24902,39724,12588,59266,2023-10-24,-15095,27136
2023-10-31T00:00:00.000,SWISS FRANC - CHICAGO MERCANTILE EXCHANGE,8888,23798,38201,12234,56353,2023-10-31,-14910,25967
2023-11-07T00:00:00.000,SWISS FRANC - CHICAGO MERCANTILE EXCHANGE,8054,25616,39228,11336,56756,2023-11-07,-17562,27892
2023-11-14T00:00:00.000,SWISS FRANC - CHICAGO MERCANTILE EXCHANGE,5515,25666,42240,14697,59464,2023-11-14,-20151,27543
2023-11-21T00:00:00.000,SWISS FRANC - CHICAGO MERCANTILE EXCHANGE,4727,23721,43931,15344,58815,2023-11-21,-18994,28587
2023-11-28T00:00:00.000,SWISS FRANC - CHICAGO MERCANTILE EXCHANGE,4300,24589,44145,17454,60479,2023-11-28,-20289,26691
2023-12-05T00:00:00.000,SWISS FRANC - CHICAGO MERCANTILE EXCHANGE,3732,21584,42164,18451,60356,2023-12-05,-17852,23713
2023-12-12T00:00:00.000,SWISS FRANC - CHICAGO MERCANTILE EXCHANGE,3970,18444,42489,23176,65186,2023-12-12,-14474,19313
2023-12-19T00:00:00.000,SWISS FRANC - CHICAGO MERCANTILE EXCHANGE,6723,12811,24946,15870,45281,2023-12-19,-6088,9076
2023-12-26T00:00:00.000,SWISS FRANC - CHICAGO MERCANTILE EXCHANGE,8422,11867,24486,18961,47222,2023-12-26,-3445,5525
2024-01-02T00:00:00.000,SWISS FRANC - CHICAGO MERCANTILE EXCHANGE,10734,15949,24329,20171,51236,2024-01-02,-5215,4158
2024-01-09T00:00:00.000,SWISS FRANC - CHICAGO MERCANTILE EXCHANGE,11044,15436,23140,20616,50169,2024-01-09,-4392,2524
2024-01-16T00:00:00.000,SWISS FRANC - CHICAGO MERCANTILE EXCHANGE,10627,14365,22450,22177,50480,2024-01-16,-3738,273
2024-01-23T00:00:00.000,SWISS FRANC - CHICAGO MERCANTILE EXCHANGE,10049,15220,24238,18039,48398,2024-01-23,-5171,6199
2024-01-30T00:00:00.000,SWISS FRANC - CHICAGO MERCANTILE EXCHANGE,10137,14041,25245,18023,47783,2024-01-30,-3904,7222
2024-02-06T00:00:00.000,SWISS FRANC - CHICAGO MERCANTILE EXCHANGE,10591,16158,27071,17805,49919,2024-02-06,-5567,9266
2024-02-13T00:00:00.000,SWISS FRANC - CHICAGO MERCANTILE EXCHANGE,12689,18703,32148,17068,55069,2024-02-13,-6014,15080
2024-02-20T00:00:00.000,SWISS FRANC - CHICAGO MERCANTILE EXCHANGE,13036,22959,37455,17979,60030,2024-02-20,-9923,19476
2024-02-27T00:00:00.000,SWISS FRANC - CHICAGO MERCANTILE EXCHANGE,15857,27838,40716,17007,65207,2024-02-27,-11981,23709
2024-03-05T00:00:00.000,SWISS FRANC - CHICAGO MERCANTILE EXCHANGE,16935,34486,49507,20330,76166,2024-03-05,-17551,29177
2024-03-12T00:00:00.000,SWISS FRANC - CHICAGO MERCANTILE EXCHANGE,11236,29106,56885,28182,82442,2024-03-12,-17870,28703
2024-03-19T00:00:00.000,SWISS FRANC - CHICAGO MERCANTILE EXCHANGE,13003,33503,48825,15433,71545,2024-03-19,-20500,33392
2024-03-26T00:00:00.000,SWISS FRANC - CHICAGO MERCANTILE EXCHANGE,16323,38291,54629,17175,80460,2024-03-26,-21968,37454
2024-04-02T00:00:00.000,SWISS FRANC - CHICAGO MERCANTILE EXCHANGE,21220,43590,56144,17461,87108,2024-04-02,-22370,38683
2024-04-09T00:00:00.000,SWISS FRANC - CHICAGO MERCANTILE EXCHANGE,16626,48390,64665,16582,90833,2024-04-09,-31764,48083
2024-04-16T00:00:00.000,SWISS FRANC - CHICAGO MERCANTILE EXCHANGE,14650,50862,69412,16456,93411,2024-04-16,-36212,52956
2024-04-23T00:00:00.000,SWISS FRANC - CHICAGO MERCANTILE EXCHANGE,9681,52243,75581,19264,96029,2024-04-23,-42562,56317
2024-04-30T00:00:00.000,SWISS FRANC - CHICAGO MERCANTILE EXCHANGE,11040,52826,78446,20163,98926,2024-04-30,-41786,58283
2024-05-07T00:00:00.000,SWISS FRANC - CHICAGO MERCANTILE EXCHANGE,9237,51024,73684,20575,94645,2024-05-07,-41787,53109
2024-05-14T00:00:00.000,SWISS FRANC - CHICAGO MERCANTILE EXCHANGE,6646,47753,71745,19976,90701,2024-05-14,-41107,51769
2024-05-21T00:00:00.000,SWISS FRANC - CHICAGO MERCANTILE EXCHANGE,7688,48333,73911,22558,94270,2024-05-21,-40645,51353
2024-05-28T00:00:00.000,SWISS FRANC - CHICAGO MERCANTILE EXCHANGE,8943,53309,80998,23062,100381,2024-05-28,-44366,57936
2024-06-04T00:00:00.000,SWISS FRANC - CHICAGO MERCANTILE EXCHANGE,7751,53514,77534,20717,98815,2024-06-04,-45763,56817
2024-06-11T00:00:00.000,SWISS FRANC - CHICAGO MERCANTILE EXCHANGE,7698,50561,79121,25256,101556,2024-06-11,-42863,53865
2024-06-18T00:00:00.000,SWISS FRANC - CHICAGO MERCANTILE EXCHANGE,6474,43864,68199,23575,88290,2024-06-18,-37390,44624
2024-06-25T00:00:00.000,SWISS FRANC - CHICAGO MERCANTILE EXCHANGE,6506,41563,67969,18638,84204,2024-06-25,-35057,49331
2024-07-02T00:00:00.000,SWISS FRANC - CHICAGO MERCANTILE EXCHANGE,6179,49622,75431,18997,92286,2024-07-02,-43443,56434
2024-07-09T00:00:00.000,SWISS FRANC - CHICAGO MERCANTILE EXCHANGE,5338,51426,77860,18562,93433,2024-07-09,-46088,59298
2024-07-16T00:00:00.000,SWISS FRANC - CHICAGO MERCANTILE EXCHANGE,6491,56284,81219,19547,98671,2024-07-16,-49793,61672
2024-07-23T00:00:00.000,SWISS FRANC - CHICAGO MERCANTILE EXCHANGE,5619,47856,76461,21893,92633,2024-07-23,-42237,54568
2024-07-30T00:00:00.000,SWISS FRANC - CHICAGO MERCANTILE EXCHANGE,7514,42034,66050,20901,85475,2024-07-30,-34520,45149
2024-08-06T00:00:00.000,SWISS FRANC - CHICAGO MERCANTILE EXCHANGE,9570,31643,46960,17829,68503,2024-08-06,-22073,29131
2024-08-13T00:00:00.000,SWISS FRANC - CHICAGO MERCANTILE EXCHANGE,9155,30819,44026,17718,65751,2024-08-13,-21664,26308
2024-08-20T00:00:00.000,SWISS FRANC - CHICAGO MERCANTILE EXCHANGE,7600,33314,46907,16811,67104,2024-08-20,-25714,30096
2024-08-27T00:00:00.000,SWISS FRANC - CHICAGO MERCANTILE EXCHANGE,9873,34485,45169,17723,68768,2024-08-27,-24612,27446
2024-09-03T00:00:00.000,SWISS FRANC - CHICAGO MERCANTILE EXCHANGE,8822,30704,42236,18797,67121,2024-09-03,-21882,23439
2024-09-10T00:00:00.000,SWISS FRANC - CHICAGO MERCANTILE EXCHANGE,8082,29386,53642,32757,80439,2024-09-10,-21304,20885
2024-09-17T00:00:00.000,SWISS FRANC - CHICAGO MERCANTILE EXCHANGE,8579,25687,34982,17254,58554,2024-09-17,-17108,17728
2024-09-24T00:00:00.000,SWISS FRANC - CHICAGO MERCANTILE EXCHANGE,7501,26791,38884,17488,60688,2024-09-24,-19290,21396
2024-10-01T00:00:00.000,SWISS FRANC - CHICAGO MERCANTILE EXCHANGE,6550,29404,39830,18114,62140,2024-10-01,-22854,21716
2024-10-08T00:00:00.000,SWISS FRANC - CHICAGO MERCANTILE EXCHANGE,7619,30078,44473,17315,63822,2024-10-08,-22459,27158
2024-10-15T00:00:00.000,SWISS FRANC - CHICAGO MERCANTILE EXCHANGE,6834,32995,48275,17906,66154,2024-10-15,-26161,30369
2024-10-22T00:00:00.000,SWISS FRANC - CHICAGO MERCANTILE EXCHANGE,5789,38443,55046,18611,72719,2024-10-22,-32654,36435
2024-10-29T00:00:00.000,SWISS FRANC - CHICAGO MERCANTILE EXCHANGE,7092,41090,60942,19266,78973,2024-10-29,-33998,41676
2024-11-05T00:00:00.000,SWISS FRANC - CHICAGO MERCANTILE EXCHANGE,8107,38088,58057,18538,75911,2024-11-05,-29981,39519
2024-11-12T00:00:00.000,SWISS FRANC - CHICAGO MERCANTILE EXCHANGE,5365,38059,62851,18840,78380,2024-11-12,-32694,44011
2024-11-19T00:00:00.000,SWISS FRANC - CHICAGO MERCANTILE EXCHANGE,4036,41107,69499,16877,82690,2024-11-19,-37071,52622
2024-11-26T00:00:00.000,SWISS FRANC - CHICAGO MERCANTILE EXCHANGE,4458,44134,72660,17956,86500,2024-11-26,-39676,54704
2024-12-03T00:00:00.000,SWISS FRANC - CHICAGO MERCANTILE EXCHANGE,4874,45968,70719,17368,85247,2024-12-03,-41094,53351
2024-12-10T00:00:00.000,SWISS FRANC - CHICAGO MERCANTILE EXCHANGE,4796,39788,89188,36879,109379,2024-12-10,-34992,52309
2024-12-17T00:00:00.000,SWISS FRANC - CHICAGO MERCANTILE EXCHANGE,16872,38672,61407,21028,85631,2024-12-17,-21800,40379
2024-12-24T00:00:00.000,SWISS FRANC - CHICAGO MERCANTILE EXCHANGE,12518,40900,66746,20364,85954,2024-12-24,-28382,46382
2024-12-31T00:00:00.000,SWISS FRANC - CHICAGO MERCANTILE EXCHANGE,10507,43320,68624,20529,89129,2024-12-31,-32813,48095
2025-01-07T00:00:00.000,SWISS FRANC - CHICAGO MERCANTILE EXCHANGE,7868,45756,75552,21108,91244,2025-01-07,-37888,54444
2025-01-14T00:00:00.000,SWISS FRANC - CHICAGO MERCANTILE EXCHANGE,7557,46258,78690,22347,94045,2025-01-14,-38701,56343
2025-01-21T00:00:00.000,SWISS FRANC - CHICAGO MERCANTILE EXCHANGE,6526,48363,81160,23402,96356,2025-01-21,-41837,57758
2025-01-28T00:00:00.000,SWISS FRANC - CHICAGO MERCANTILE EXCHANGE,4996,47996,83473,28023,97264,2025-01-28,-43000,55450
2025-02-04T00:00:00.000,SWISS FRANC - CHICAGO MERCANTILE EXCHANGE,5242,47500,83873,28570,97931,2025-02-04,-42258,55303
2025-02-11T00:00:00.000,SWISS FRANC - CHICAGO MERCANTILE EXCHANGE,5553,44298,82536,28779,98159,2025-02-11,-38745,53757
2025-02-18T00:00:00.000,SWISS FRANC - CHICAGO MERCANTILE EXCHANGE,7047,45406,81921,30416,97878,2025-02-18,-38359,51505
2025-02-25T00:00:00.000,SWISS FRANC - CHICAGO MERCANTILE EXCHANGE,5019,44479,81861,31092,97178,2025-02-25,-39460,50769
2025-03-04T00:00:00.000,SWISS FRANC - CHICAGO MERCANTILE EXCHANGE,5572,43347,78617,30546,97021,2025-03-04,-37775,48071
2025-03-11T00:00:00.000,SWISS FRANC - CHICAGO MERCANTILE EXCHANGE,5129,42086,79595,37354,100493,2025-03-11,-36957,42241
2025-03-18T00:00:00.000,SWISS FRANC - CHICAGO MERCANTILE EXCHANGE,4087,38462,65157,22132,80057,2025-03-18,-34375,43025
2025-03-25T00:00:00.000,SWISS FRANC - CHICAGO MERCANTILE EXCHANGE,4178,41771,70830,24728,85731,2025-03-25,-37593,46102
2025-04-01T00:00:00.000,SWISS FRANC - CHICAGO MERCANTILE EXCHANGE,4143,46907,74797,25028,89248,2025-04-01,-42764,49769
2025-04-08T00:00:00.000,SWISS FRANC - CHICAGO MERCANTILE EXCHANGE,4348,34625,60872,23072,76433,2025-04-08,-30277,37800
2025-04-15T00:00:00.000,SWISS FRANC - CHICAGO MERCANTILE EXCHANGE,5280,33864,55617,23877,73479,2025-04-15,-28584,31740
2025-04-22T00:00:00.000,SWISS FRANC - CHICAGO MERCANTILE EXCHANGE,5322,30796,54226,27484,72891,2025-04-22,-25474,26742
2025-04-29T00:00:00.000,SWISS FRANC - CHICAGO MERCANTILE EXCHANGE,5567,29881,53620,28356,71949,2025-04-29,-24314,25264
2025-05-06T00:00:00.000,SWISS FRANC - CHICAGO MERCANTILE EXCHANGE,5558,29132,52272,27840,70578,2025-05-06,-23574,24432
2025-05-13T00:00:00.000,SWISS FRANC - CHICAGO MERCANTILE EXCHANGE,7443,30512,51006,28007,73088,2025-05-13,-23069,22999
2025-05-20T00:00:00.000,SWISS FRANC - CHICAGO MERCANTILE EXCHANGE,7632,31399,51871,26573,73133,2025-05-20,-23767,25298
2025-05-27T00:00:00.000,SWISS FRANC - CHICAGO MERCANTILE EXCHANGE,5789,31272,52826,27372,73781,2025-05-27,-25483,25454
2025-06-03T00:00:00.000,SWISS FRANC - CHICAGO MERCANTILE EXCHANGE,7145,33211,51879,25995,81322,2025-06-03,-26066,25884
2025-06-10T00:00:00.000,SWISS FRANC - CHICAGO MERCANTILE EXCHANGE,9240,30508,54331,34489,86928,2025-06-10,-21268,19842
2025-06-17T00:00:00.000,SWISS FRANC - CHICAGO MERCANTILE EXCHANGE,7857,27913,43793,24627,67383,2025-06-17,-20056,19166
2025-06-24T00:00:00.000,SWISS FRANC - CHICAGO MERCANTILE EXCHANGE,8184,29128,45702,24934,69488,2025-06-24,-20944,20768
2025-07-01T00:00:00.000,SWISS FRANC - CHICAGO MERCANTILE EXCHANGE,7100,30953,48322,26589,72546,2025-07-01,-23853,21733
2025-07-08T00:00:00.000,SWISS FRANC - CHICAGO MERCANTILE EXCHANGE,8488,30684,48057,27280,72761,2025-07-08,-22196,20777
2025-07-15T00:00:00.000,SWISS FRANC - CHICAGO MERCANTILE EXCHANGE,9959,32596,49559,26543,74255,2025-07-15,-22637,23016
2025-07-22T00:00:00.000,SWISS FRANC - CHICAGO MERCANTILE EXCHANGE,8087,34152,52184,25753,75681,2025-07-22,-26065,26431
2025-07-29T00:00:00.000,SWISS FRANC - CHICAGO MERCANTILE EXCHANGE,9023,33057,54734,26444,76905,2025-07-29,-24034,28290
2025-08-05T00:00:00.000,SWISS FRANC - CHICAGO MERCANTILE EXCHANGE,6806,34183,60532,27419,79837,2025-08-05,-27377,33113
2025-08-12T00:00:00.000,SWISS FRANC - CHICAGO MERCANTILE EXCHANGE,6091,34134,60689,27465,80415,2025-08-12,-28043,33224
2025-08-19T00:00:00.000,SWISS FRANC - CHICAGO MERCANTILE EXCHANGE,6459,33737,60354,25832,80039,2025-08-19,-27278,34522
2025-08-26T00:00:00.000,SWISS FRANC - CHICAGO MERCANTILE EXCHANGE,6659,33637,59259,26207,78933,2025-08-26,-26978,33052
2025-09-02T00:00:00.000,SWISS FRANC - CHICAGO MERCANTILE EXCHANGE,8401,34289,58949,26490,80906,2025-09-02,-25888,32459
2025-09-09T00:00:00.000,SWISS FRANC - CHICAGO MERCANTILE EXCHANGE,6989,35828,77874,47059,105100,2025-09-09,-28839,30815
2025-09-16T00:00:00.000,SWISS FRANC - CHICAGO MERCANTILE EXCHANGE,6235,32275,49405,21207,71730,2025-09-16,-26040,28198
2025-09-23T00:00:00.000,SWISS FRANC - CHICAGO MERCANTILE EXCHANGE,8227,31245,49513,22854,72030,2025-09-23,-23018,26659
2025-09-30T00:00:00.000,SWISS FRANC - CHICAGO MERCANTILE EXCHANGE,8377,34439,49999,20007,71950,2025-09-30,-26062,29992
2025-10-07T00:00:00.000,SWISS FRANC - CHICAGO MERCANTILE EXCHANGE,7568,35038,50581,19286,72046,2025-10-07,-27470,31295
2025-10-14T00:00:00.000,SWISS FRANC - CHICAGO MERCANTILE EXCHANGE,8407,36613,51519,18689,73172,2025-10-14,-28206,32830
2025-10-21T00:00:00.000,SWISS FRANC - CHICAGO MERCANTILE EXCHANGE,7366,35210,51782,21236,74034,2025-10-21,-27844,30546
2025-10-28T00:00:00.000,SWISS FRANC - CHICAGO MERCANTILE EXCHANGE,9149,37007,51656,20193,74922,2025-10-28,-27858,31463
2025-11-04T00:00:00.000,SWISS FRANC - CHICAGO MERCANTILE EXCHANGE,8809,40696,59624,20373,81378,2025-11-04,-31887,39251
2025-11-10T00:00:00.000,SWISS FRANC - CHICAGO MERCANTILE EXCHANGE,7403,43452,62493,19287,82840,2025-11-10,-36049,43206
2025-11-18T00:00:00.000,SWISS FRANC - CHICAGO MERCANTILE EXCHANGE,8746,40931,52870,18001,76329,2025-11-18,-32185,34869
2025-11-25T00:00:00.000,SWISS FRANC - CHICAGO MERCANTILE EXCHANGE,7571,42931,56181,17067,77509,2025-11-25,-35360,39114
2025-12-02T00:00:00.000,SWISS FRANC - CHICAGO MERCANTILE EXCHANGE,6894,42679,55385,18537,77275,2025-12-02,-35785,36848
2025-12-09T00:00:00.000,SWISS FRANC - CHICAGO MERCANTILE EXCHANGE,8456,47059,62231,19682,92395,2025-12-09,-38603,42549
2025-12-16T00:00:00.000,SWISS FRANC - CHICAGO MERCANTILE EXCHANGE,9448,48355,61402,21032,103436,2025-12-16,-38907,40370
2025-12-23T00:00:00.000,SWISS FRANC - CHICAGO MERCANTILE EXCHANGE,8780,52769,63909,20553,88305,2025-12-23,-43989,43356
2025-12-30T00:00:00.000,SWISS FRANC - CHICAGO MERCANTILE EXCHANGE,8910,53108,63329,20960,89124,2025-12-30,-44198,42369
2026-01-06T00:00:00.000,SWISS FRANC - CHICAGO MERCANTILE EXCHANGE,11077,51343,63645,22248,90378,2026-01-06,-40266,41397
2026-01-13T00:00:00.000,SWISS FRANC - CHICAGO MERCANTILE EXCHANGE,13395,56787,68778,21615,96220,2026-01-13,-43392,47163
2026-01-20T00:00:00.000,SWISS FRANC - CHICAGO MERCANTILE EXCHANGE,12257,55464,71873,23901,98085,2026-01-20,-43207,47972
2026-01-27T00:00:00.000,SWISS FRANC - CHICAGO MERCANTILE EXCHANGE,9724,52617,67805,25399,96111,2026-01-27,-42893,42406
2026-02-03T00:00:00.000,SWISS FRANC - CHICAGO MERCANTILE EXCHANGE,9687,50404,65424,26412,93555,2026-02-03,-40717,39012
2026-02-10T00:00:00.000,SWISS FRANC - CHICAGO MERCANTILE EXCHANGE,9600,51859,65187,27498,95799,2026-02-10,-42259,37689
2026-02-17T00:00:00.000,SWISS FRANC - CHICAGO MERCANTILE EXCHANGE,10072,50953,65773,27177,95743,2026-02-17,-40881,38596
2026-02-24T00:00:00.000,SWISS FRANC - CHICAGO MERCANTILE EXCHANGE,11525,52711,66778,26771,96835,2026-02-24,-41186,40007
2026-03-03T00:00:00.000,SWISS FRANC - CHICAGO MERCANTILE EXCHANGE,12390,53673,72324,29044,105413,2026-03-03,-41283,43280
2026-03-10T00:00:00.000,SWISS FRANC - CHICAGO MERCANTILE EXCHANGE,12152,53244,81996,37015,110897,2026-03-10,-41092,44981
2026-03-17T00:00:00.000,SWISS FRANC - CHICAGO MERCANTILE EXCHANGE,8175,33388,53236,23634,74101,2026-03-17,-25213,29602
2026-03-24T00:00:00.000,SWISS FRANC - CHICAGO MERCANTILE EXCHANGE,7831,34928,55554,24190,76518,2026-03-24,-27097,31364
2026-03-31T00:00:00.000,SWISS FRANC - CHICAGO MERCANTILE EXCHANGE,9315,39186,58243,22508,79740,2026-03-31,-29871,35735
2026-04-07T00:00:00.000,SWISS FRANC - CHICAGO MERCANTILE EXCHANGE,10586,41280,64346,25660,86646,2026-04-07,-30694,38686
2026-04-14T00:00:00.000,SWISS FRANC - CHICAGO MERCANTILE EXCHANGE,9637,43734,71984,31276,93376,2026-04-14,-34097,40708
2026-04-21T00:00:00.000,SWISS FRANC - CHICAGO MERCANTILE EXCHANGE,8372,41645,71762,29507,91532,2026-04-21,-33273,42255
