report_date_as_yyyy_mm_dd,market_and_exchange_names,noncomm_positions_long_all,noncomm_positions_short_all,comm_positions_long_all,comm_positions_short_all,open_interest_all,date,spec_net,comm_net
2010-01-05T00:00:00.000,AUSTRALIAN DOLLAR - CHICAGO MERCANTILE EXCHANGE,62114,15006,20892,83608,108728,2010-01-05,47108,-62716
2010-01-12T00:00:00.000,AUSTRALIAN DOLLAR - CHICAGO MERCANTILE EXCHANGE,73240,13888,23798,100860,126970,2010-01-12,59352,-77062
2010-01-19T00:00:00.000,AUSTRALIAN DOLLAR - CHICAGO MERCANTILE EXCHANGE,77331,14480,24229,107538,133086,2010-01-19,62851,-83309
2010-01-26T00:00:00.000,AUSTRALIAN DOLLAR - CHICAGO MERCANTILE EXCHANGE,61097,15779,23947,84010,112867,2010-01-26,45318,-60063
2010-02-02T00:00:00.000,AUSTRALIAN DOLLAR - CHICAGO MERCANTILE EXCHANGE,46531,13260,24041,69877,98426,2010-02-02,33271,-45836
2010-02-09T00:00:00.000,AUSTRALIAN DOLLAR - CHICAGO MERCANTILE EXCHANGE,44346,16740,31470,64292,99643,2010-02-09,27606,-32822
2010-02-16T00:00:00.000,AUSTRALIAN DOLLAR - CHICAGO MERCANTILE EXCHANGE,43315,16312,30745,65385,98449,2010-02-16,27003,-34640
2010-02-23T00:00:00.000,AUSTRALIAN DOLLAR - CHICAGO MERCANTILE EXCHANGE,51882,12890,27846,79853,108320,2010-02-23,38992,-52007
2010-03-02T00:00:00.000,AUSTRALIAN DOLLAR - CHICAGO MERCANTILE EXCHANGE,59106,10345,27975,92352,116667,2010-03-02,48761,-64377
2010-03-09T00:00:00.000,AUSTRALIAN DOLLAR - CHICAGO MERCANTILE EXCHANGE,69885,8600,29687,108447,130808,2010-03-09,61285,-78760
2010-03-16T00:00:00.000,AUSTRALIAN DOLLAR - CHICAGO MERCANTILE EXCHANGE,73747,10253,22806,105720,126301,2010-03-16,63494,-82914
2010-03-23T00:00:00.000,AUSTRALIAN DOLLAR - CHICAGO MERCANTILE EXCHANGE,84248,9909,25514,116708,142413,2010-03-23,74339,-91194
2010-03-30T00:00:00.000,AUSTRALIAN DOLLAR - CHICAGO MERCANTILE EXCHANGE,79698,10358,28480,116105,142815,2010-03-30,69340,-87625
2010-04-06T00:00:00.000,AUSTRALIAN DOLLAR - CHICAGO MERCANTILE EXCHANGE,84060,10862,27933,124526,151605,2010-04-06,73198,-96593
2010-04-13T00:00:00.000,AUSTRALIAN DOLLAR - CHICAGO MERCANTILE EXCHANGE,88635,7961,26134,128840,154014,2010-04-13,80674,-102706
2010-04-20T00:00:00.000,AUSTRALIAN DOLLAR - CHICAGO MERCANTILE EXCHANGE,87169,8265,28159,129072,154367,2010-04-20,78904,-100913
2010-04-27T00:00:00.000,AUSTRALIAN DOLLAR - CHICAGO MERCANTILE EXCHANGE,75357,9289,30000,112994,140472,2010-04-27,66068,-82994
2010-05-04T00:00:00.000,AUSTRALIAN DOLLAR - CHICAGO MERCANTILE EXCHANGE,68196,11214,36175,106918,136437,2010-05-04,56982,-70743
2010-05-11T00:00:00.000,AUSTRALIAN DOLLAR - CHICAGO MERCANTILE EXCHANGE,56155,6957,35575,91981,115269,2010-05-11,49198,-56406
2010-05-18T00:00:00.000,AUSTRALIAN DOLLAR - CHICAGO MERCANTILE EXCHANGE,50564,12184,36692,83248,113271,2010-05-18,38380,-46556
2010-05-25T00:00:00.000,AUSTRALIAN DOLLAR - CHICAGO MERCANTILE EXCHANGE,39367,19844,45318,68966,106473,2010-05-25,19523,-23648
2010-06-01T00:00:00.000,AUSTRALIAN DOLLAR - CHICAGO MERCANTILE EXCHANGE,37021,21976,52653,65964,110772,2010-06-01,15045,-13311
2010-06-08T00:00:00.000,AUSTRALIAN DOLLAR - CHICAGO MERCANTILE EXCHANGE,29746,21311,57197,69578,108956,2010-06-08,8435,-12381
2010-06-15T00:00:00.000,AUSTRALIAN DOLLAR - CHICAGO MERCANTILE EXCHANGE,27729,15323,10978,24015,57653,2010-06-15,12406,-13037
2010-06-22T00:00:00.000,AUSTRALIAN DOLLAR - CHICAGO MERCANTILE EXCHANGE,29809,18003,11625,27219,60340,2010-06-22,11806,-15594
2010-06-29T00:00:00.000,AUSTRALIAN DOLLAR - CHICAGO MERCANTILE EXCHANGE,28105,15251,11191,27689,59657,2010-06-29,12854,-16498
2010-07-06T00:00:00.000,AUSTRALIAN DOLLAR - CHICAGO MERCANTILE EXCHANGE,25885,18639,16180,26973,64872,2010-07-06,7246,-10793
2010-07-13T00:00:00.000,AUSTRALIAN DOLLAR - CHICAGO MERCANTILE EXCHANGE,35209,11729,11605,40217,68482,2010-07-13,23480,-28612
2010-07-20T00:00:00.000,AUSTRALIAN DOLLAR - CHICAGO MERCANTILE EXCHANGE,45253,12367,11829,50979,80302,2010-07-20,32886,-39150
2010-07-27T00:00:00.000,AUSTRALIAN DOLLAR - CHICAGO MERCANTILE EXCHANGE,51282,10749,12858,62833,89389,2010-07-27,40533,-49975
2010-08-03T00:00:00.000,AUSTRALIAN DOLLAR - CHICAGO MERCANTILE EXCHANGE,62096,13381,12383,71518,99149,2010-08-03,48715,-59135
2010-08-10T00:00:00.000,AUSTRALIAN DOLLAR - CHICAGO MERCANTILE EXCHANGE,68353,13983,19236,83895,114049,2010-08-10,54370,-64659
2010-08-17T00:00:00.000,AUSTRALIAN DOLLAR - CHICAGO MERCANTILE EXCHANGE,71020,13323,22053,90861,120329,2010-08-17,57697,-68808
2010-08-24T00:00:00.000,AUSTRALIAN DOLLAR - CHICAGO MERCANTILE EXCHANGE,58462,11445,24554,78900,107434,2010-08-24,47017,-54346
2010-08-31T00:00:00.000,AUSTRALIAN DOLLAR - CHICAGO MERCANTILE EXCHANGE,54261,10453,22236,74235,102439,2010-08-31,43808,-51999
2010-09-07T00:00:00.000,AUSTRALIAN DOLLAR - CHICAGO MERCANTILE EXCHANGE,69700,12734,30034,99652,128346,2010-09-07,56966,-69618
2010-09-14T00:00:00.000,AUSTRALIAN DOLLAR - CHICAGO MERCANTILE EXCHANGE,74076,17407,17839,89852,120308,2010-09-14,56669,-72013
2010-09-21T00:00:00.000,AUSTRALIAN DOLLAR - CHICAGO MERCANTILE EXCHANGE,77944,13620,21347,102218,129713,2010-09-21,64324,-80871
2010-09-28T00:00:00.000,AUSTRALIAN DOLLAR - CHICAGO MERCANTILE EXCHANGE,81419,11886,25090,111037,137646,2010-09-28,69533,-85947
2010-10-05T00:00:00.000,AUSTRALIAN DOLLAR - CHICAGO MERCANTILE EXCHANGE,81871,12835,24969,113042,139447,2010-10-05,69036,-88073
2010-10-12T00:00:00.000,AUSTRALIAN DOLLAR - CHICAGO MERCANTILE EXCHANGE,79697,12006,26478,112594,138537,2010-10-12,67691,-86116
2010-10-19T00:00:00.000,AUSTRALIAN DOLLAR - CHICAGO MERCANTILE EXCHANGE,71661,12480,26588,105534,133257,2010-10-19,59181,-78946
2010-10-26T00:00:00.000,AUSTRALIAN DOLLAR - CHICAGO MERCANTILE EXCHANGE,67433,12318,27672,100417,128470,2010-10-26,55115,-72745
2010-11-02T00:00:00.000,AUSTRALIAN DOLLAR - CHICAGO MERCANTILE EXCHANGE,66821,15641,26980,93698,125968,2010-11-02,51180,-66718
2010-11-09T00:00:00.000,AUSTRALIAN DOLLAR - CHICAGO MERCANTILE EXCHANGE,62983,15367,31145,98063,130206,2010-11-09,47616,-66918
2010-11-16T00:00:00.000,AUSTRALIAN DOLLAR - CHICAGO MERCANTILE EXCHANGE,52462,16260,36564,86694,121110,2010-11-16,36202,-50130
2010-11-23T00:00:00.000,AUSTRALIAN DOLLAR - CHICAGO MERCANTILE EXCHANGE,46935,18464,40091,83467,117998,2010-11-23,28471,-43376
2010-11-30T00:00:00.000,AUSTRALIAN DOLLAR - CHICAGO MERCANTILE EXCHANGE,44794,18151,41271,82785,117302,2010-11-30,26643,-41514
2010-12-07T00:00:00.000,AUSTRALIAN DOLLAR - CHICAGO MERCANTILE EXCHANGE,53550,10198,41937,102478,127012,2010-12-07,43352,-60541
2010-12-14T00:00:00.000,AUSTRALIAN DOLLAR - CHICAGO MERCANTILE EXCHANGE,62670,8892,21026,93149,113584,2010-12-14,53778,-72123
2010-12-21T00:00:00.000,AUSTRALIAN DOLLAR - CHICAGO MERCANTILE EXCHANGE,69875,9325,14331,93481,115007,2010-12-21,60550,-79150
2010-12-28T00:00:00.000,AUSTRALIAN DOLLAR - CHICAGO MERCANTILE EXCHANGE,76857,12541,13244,98213,124005,2010-12-28,64316,-84969
2011-01-04T00:00:00.000,AUSTRALIAN DOLLAR - CHICAGO MERCANTILE EXCHANGE,75056,12543,13543,96872,121562,2011-01-04,62513,-83329
2011-01-11T00:00:00.000,AUSTRALIAN DOLLAR - CHICAGO MERCANTILE EXCHANGE,64837,11340,16020,90574,113920,2011-01-11,53497,-74554
2011-01-18T00:00:00.000,AUSTRALIAN DOLLAR - CHICAGO MERCANTILE EXCHANGE,63811,10303,17432,90843,114314,2011-01-18,53508,-73411
2011-01-25T00:00:00.000,AUSTRALIAN DOLLAR - CHICAGO MERCANTILE EXCHANGE,59185,13727,23722,85857,113570,2011-01-25,45458,-62135
2011-02-01T00:00:00.000,AUSTRALIAN DOLLAR - CHICAGO MERCANTILE EXCHANGE,71144,11067,15318,95573,120991,2011-02-01,60077,-80255
2011-02-08T00:00:00.000,AUSTRALIAN DOLLAR - CHICAGO MERCANTILE EXCHANGE,85741,13762,15829,106915,135334,2011-02-08,71979,-91086
2011-02-15T00:00:00.000,AUSTRALIAN DOLLAR - CHICAGO MERCANTILE EXCHANGE,70847,5333,17094,102368,122473,2011-02-15,65514,-85274
2011-02-22T00:00:00.000,AUSTRALIAN DOLLAR - CHICAGO MERCANTILE EXCHANGE,72726,6662,17645,101838,125341,2011-02-22,66064,-84193
2011-03-01T00:00:00.000,AUSTRALIAN DOLLAR - CHICAGO MERCANTILE EXCHANGE,80398,8545,17715,110206,135527,2011-03-01,71853,-92491
2011-03-08T00:00:00.000,AUSTRALIAN DOLLAR - CHICAGO MERCANTILE EXCHANGE,80756,7061,30380,125660,152865,2011-03-08,73695,-95280
2011-03-15T00:00:00.000,AUSTRALIAN DOLLAR - CHICAGO MERCANTILE EXCHANGE,56352,8401,12897,74230,100326,2011-03-15,47951,-61333
2011-03-22T00:00:00.000,AUSTRALIAN DOLLAR - CHICAGO MERCANTILE EXCHANGE,59626,7892,13863,79549,101180,2011-03-22,51734,-65686
2011-03-29T00:00:00.000,AUSTRALIAN DOLLAR - CHICAGO MERCANTILE EXCHANGE,91791,6226,12988,117432,138638,2011-03-29,85565,-104444
2011-04-05T00:00:00.000,AUSTRALIAN DOLLAR - CHICAGO MERCANTILE EXCHANGE,99390,8452,12397,122422,146108,2011-04-05,90938,-110025
2011-04-12T00:00:00.000,AUSTRALIAN DOLLAR - CHICAGO MERCANTILE EXCHANGE,97153,6502,15943,124202,149033,2011-04-12,90651,-108259
2011-04-19T00:00:00.000,AUSTRALIAN DOLLAR - CHICAGO MERCANTILE EXCHANGE,91589,6628,17201,119299,143732,2011-04-19,84961,-102098
2011-04-26T00:00:00.000,AUSTRALIAN DOLLAR - CHICAGO MERCANTILE EXCHANGE,88675,7808,18141,117274,143468,2011-04-26,80867,-99133
2011-05-03T00:00:00.000,AUSTRALIAN DOLLAR - CHICAGO MERCANTILE EXCHANGE,87326,13905,18928,109777,142328,2011-05-03,73421,-90849
2011-05-10T00:00:00.000,AUSTRALIAN DOLLAR - CHICAGO MERCANTILE EXCHANGE,72871,12550,22128,96866,128314,2011-05-10,60321,-74738
2011-05-17T00:00:00.000,AUSTRALIAN DOLLAR - CHICAGO MERCANTILE EXCHANGE,61179,10260,20488,88124,115090,2011-05-17,50919,-67636
2011-05-24T00:00:00.000,AUSTRALIAN DOLLAR - CHICAGO MERCANTILE EXCHANGE,63002,9959,16551,84371,110968,2011-05-24,53043,-67820
2011-05-31T00:00:00.000,AUSTRALIAN DOLLAR - CHICAGO MERCANTILE EXCHANGE,72030,12015,12100,90293,117502,2011-05-31,60015,-78193
2011-06-07T00:00:00.000,AUSTRALIAN DOLLAR - CHICAGO MERCANTILE EXCHANGE,78547,13342,32724,112579,145346,2011-06-07,65205,-79855
2011-06-14T00:00:00.000,AUSTRALIAN DOLLAR - CHICAGO MERCANTILE EXCHANGE,79616,11946,4590,88017,115119,2011-06-14,67670,-83427
2011-06-21T00:00:00.000,AUSTRALIAN DOLLAR - CHICAGO MERCANTILE EXCHANGE,66796,12225,4847,72030,100079,2011-06-21,54571,-67183
2011-06-28T00:00:00.000,AUSTRALIAN DOLLAR - CHICAGO MERCANTILE EXCHANGE,58957,12060,6506,62369,93784,2011-06-28,46897,-55863
2011-07-05T00:00:00.000,AUSTRALIAN DOLLAR - CHICAGO MERCANTILE EXCHANGE,82079,18743,4216,87563,121626,2011-07-05,63336,-83347
2011-07-12T00:00:00.000,AUSTRALIAN DOLLAR - CHICAGO MERCANTILE EXCHANGE,81258,13635,5758,91748,120703,2011-07-12,67623,-85990
2011-07-19T00:00:00.000,AUSTRALIAN DOLLAR - CHICAGO MERCANTILE EXCHANGE,90221,12426,5153,101714,128712,2011-07-19,77795,-96561
2011-07-26T00:00:00.000,AUSTRALIAN DOLLAR - CHICAGO MERCANTILE EXCHANGE,92174,10736,7504,109250,135764,2011-07-26,81438,-101746
2011-08-02T00:00:00.000,AUSTRALIAN DOLLAR - CHICAGO MERCANTILE EXCHANGE,91352,15754,7737,103387,133930,2011-08-02,75598,-95650
2011-08-09T00:00:00.000,AUSTRALIAN DOLLAR - CHICAGO MERCANTILE EXCHANGE,40840,11824,36040,71987,104527,2011-08-09,29016,-35947
2011-08-16T00:00:00.000,AUSTRALIAN DOLLAR - CHICAGO MERCANTILE EXCHANGE,41286,11563,40131,67875,103162,2011-08-16,29723,-27744
2011-08-23T00:00:00.000,AUSTRALIAN DOLLAR - CHICAGO MERCANTILE EXCHANGE,50917,7343,38279,82039,112068,2011-08-23,43574,-43760
2011-08-30T00:00:00.000,AUSTRALIAN DOLLAR - CHICAGO MERCANTILE EXCHANGE,60605,13036,33659,86705,120394,2011-08-30,47569,-53046
2011-09-06T00:00:00.000,AUSTRALIAN DOLLAR - CHICAGO MERCANTILE EXCHANGE,62247,14206,35525,93889,131598,2011-09-06,48041,-58364
2011-09-13T00:00:00.000,AUSTRALIAN DOLLAR - CHICAGO MERCANTILE EXCHANGE,50014,13080,47077,89512,125386,2011-09-13,36934,-42435
2011-09-20T00:00:00.000,AUSTRALIAN DOLLAR - CHICAGO MERCANTILE EXCHANGE,39049,15954,16984,43688,78616,2011-09-20,23095,-26704
2011-09-27T00:00:00.000,AUSTRALIAN DOLLAR - CHICAGO MERCANTILE EXCHANGE,29422,24255,35675,37453,82580,2011-09-27,5167,-1778
2011-10-04T00:00:00.000,AUSTRALIAN DOLLAR - CHICAGO MERCANTILE EXCHANGE,35937,23026,49285,51991,100016,2011-10-04,12911,-2706
2011-10-11T00:00:00.000,AUSTRALIAN DOLLAR - CHICAGO MERCANTILE EXCHANGE,37196,26443,67682,67203,118182,2011-10-11,10753,479
2011-10-18T00:00:00.000,AUSTRALIAN DOLLAR - CHICAGO MERCANTILE EXCHANGE,41395,21042,64270,77567,121691,2011-10-18,20353,-13297
2011-10-25T00:00:00.000,AUSTRALIAN DOLLAR - CHICAGO MERCANTILE EXCHANGE,45831,22760,62659,79953,126816,2011-10-25,23071,-17294
2011-11-01T00:00:00.000,AUSTRALIAN DOLLAR - CHICAGO MERCANTILE EXCHANGE,56797,30931,60616,87073,139057,2011-11-01,25866,-26457
2011-11-08T00:00:00.000,AUSTRALIAN DOLLAR - CHICAGO MERCANTILE EXCHANGE,64485,37469,56781,87876,147684,2011-11-08,27016,-31095
2011-11-15T00:00:00.000,AUSTRALIAN DOLLAR - CHICAGO MERCANTILE EXCHANGE,57352,33022,58059,85397,136465,2011-11-15,24330,-27338
2011-11-22T00:00:00.000,AUSTRALIAN DOLLAR - CHICAGO MERCANTILE EXCHANGE,43450,25490,63506,83333,128192,2011-11-22,17960,-19827
2011-11-29T00:00:00.000,AUSTRALIAN DOLLAR - CHICAGO MERCANTILE EXCHANGE,34307,21765,72823,80564,124760,2011-11-29,12542,-7741
2011-12-06T00:00:00.000,AUSTRALIAN DOLLAR - CHICAGO MERCANTILE EXCHANGE,53653,23829,68285,99239,142807,2011-12-06,29824,-30954
2011-12-13T00:00:00.000,AUSTRALIAN DOLLAR - CHICAGO MERCANTILE EXCHANGE,60132,25703,70313,106719,153296,2011-12-13,34429,-36406
2011-12-20T00:00:00.000,AUSTRALIAN DOLLAR - CHICAGO MERCANTILE EXCHANGE,52047,26305,32830,59702,104817,2011-12-20,25742,-26872
2011-12-27T00:00:00.000,AUSTRALIAN DOLLAR - CHICAGO MERCANTILE EXCHANGE,60302,27665,29967,65001,111210,2011-12-27,32637,-35034
2012-01-03T00:00:00.000,AUSTRALIAN DOLLAR - CHICAGO MERCANTILE EXCHANGE,70268,23731,24729,73890,117247,2012-01-03,46537,-49161
2012-01-10T00:00:00.000,AUSTRALIAN DOLLAR - CHICAGO MERCANTILE EXCHANGE,78721,25195,20526,80649,125914,2012-01-10,53526,-60123
2012-01-17T00:00:00.000,AUSTRALIAN DOLLAR - CHICAGO MERCANTILE EXCHANGE,83346,29040,23025,87121,135321,2012-01-17,54306,-64096
2012-01-24T00:00:00.000,AUSTRALIAN DOLLAR - CHICAGO MERCANTILE EXCHANGE,90943,21457,17892,98364,139724,2012-01-24,69486,-80472
2012-01-31T00:00:00.000,AUSTRALIAN DOLLAR - CHICAGO MERCANTILE EXCHANGE,97471,19427,21327,109504,150115,2012-01-31,78044,-88177
2012-02-07T00:00:00.000,AUSTRALIAN DOLLAR - CHICAGO MERCANTILE EXCHANGE,94332,19237,18962,108736,148879,2012-02-07,75095,-89774
2012-02-14T00:00:00.000,AUSTRALIAN DOLLAR - CHICAGO MERCANTILE EXCHANGE,93866,20125,21447,108889,151885,2012-02-14,73741,-87442
2012-02-21T00:00:00.000,AUSTRALIAN DOLLAR - CHICAGO MERCANTILE EXCHANGE,92233,17533,20354,107822,149840,2012-02-21,74700,-87468
2012-02-28T00:00:00.000,AUSTRALIAN DOLLAR - CHICAGO MERCANTILE EXCHANGE,103665,25464,20156,113145,161219,2012-02-28,78201,-92989
2012-03-06T00:00:00.000,AUSTRALIAN DOLLAR - CHICAGO MERCANTILE EXCHANGE,96358,34638,31532,103390,164007,2012-03-06,61720,-71858
2012-03-13T00:00:00.000,AUSTRALIAN DOLLAR - CHICAGO MERCANTILE EXCHANGE,98469,31713,53899,131001,200719,2012-03-13,66756,-77102
2012-03-20T00:00:00.000,AUSTRALIAN DOLLAR - CHICAGO MERCANTILE EXCHANGE,97025,51834,33030,88470,160387,2012-03-20,45191,-55440
2012-03-27T00:00:00.000,AUSTRALIAN DOLLAR - CHICAGO MERCANTILE EXCHANGE,91615,32041,27485,95723,147373,2012-03-27,59574,-68238
2012-04-03T00:00:00.000,AUSTRALIAN DOLLAR - CHICAGO MERCANTILE EXCHANGE,85990,36671,37090,94011,151825,2012-04-03,49319,-56921
2012-04-10T00:00:00.000,AUSTRALIAN DOLLAR - CHICAGO MERCANTILE EXCHANGE,79806,40377,46393,91475,154070,2012-04-10,39429,-45082
2012-04-17T00:00:00.000,AUSTRALIAN DOLLAR - CHICAGO MERCANTILE EXCHANGE,83830,35409,36524,94156,148796,2012-04-17,48421,-57632
2012-04-24T00:00:00.000,AUSTRALIAN DOLLAR - CHICAGO MERCANTILE EXCHANGE,80597,34556,40760,90888,146739,2012-04-24,46041,-50128
2012-05-01T00:00:00.000,AUSTRALIAN DOLLAR - CHICAGO MERCANTILE EXCHANGE,88649,36369,29309,92087,147749,2012-05-01,52280,-62778
2012-05-08T00:00:00.000,AUSTRALIAN DOLLAR - CHICAGO MERCANTILE EXCHANGE,72145,47041,58045,80412,152108,2012-05-08,25104,-22367
2012-05-15T00:00:00.000,AUSTRALIAN DOLLAR - CHICAGO MERCANTILE EXCHANGE,51066,46332,73951,72336,144001,2012-05-15,4734,1615
2012-05-22T00:00:00.000,AUSTRALIAN DOLLAR - CHICAGO MERCANTILE EXCHANGE,29999,46897,90838,65667,139963,2012-05-22,-16898,25171
2012-05-29T00:00:00.000,AUSTRALIAN DOLLAR - CHICAGO MERCANTILE EXCHANGE,14788,50315,112809,62740,142616,2012-05-29,-35527,50069
2012-06-05T00:00:00.000,AUSTRALIAN DOLLAR - CHICAGO MERCANTILE EXCHANGE,12579,63751,132503,66629,158833,2012-06-05,-51172,65874
2012-06-12T00:00:00.000,AUSTRALIAN DOLLAR - CHICAGO MERCANTILE EXCHANGE,21189,66648,147022,86990,195475,2012-06-12,-45459,60032
2012-06-19T00:00:00.000,AUSTRALIAN DOLLAR - CHICAGO MERCANTILE EXCHANGE,41121,44579,74126,61099,130234,2012-06-19,-3458,13027
2012-06-26T00:00:00.000,AUSTRALIAN DOLLAR - CHICAGO MERCANTILE EXCHANGE,40023,42182,64507,58937,122384,2012-06-26,-2159,5570
2012-07-03T00:00:00.000,AUSTRALIAN DOLLAR - CHICAGO MERCANTILE EXCHANGE,50125,40777,58014,62192,125706,2012-07-03,9348,-4178
2012-07-10T00:00:00.000,AUSTRALIAN DOLLAR - CHICAGO MERCANTILE EXCHANGE,54718,35653,48365,61709,121235,2012-07-10,19065,-13344
2012-07-17T00:00:00.000,AUSTRALIAN DOLLAR - CHICAGO MERCANTILE EXCHANGE,50981,37050,50901,61841,122934,2012-07-17,13931,-10940
2012-07-24T00:00:00.000,AUSTRALIAN DOLLAR - CHICAGO MERCANTILE EXCHANGE,66740,40297,41986,68179,131295,2012-07-24,26443,-26193
2012-07-31T00:00:00.000,AUSTRALIAN DOLLAR - CHICAGO MERCANTILE EXCHANGE,79895,42660,36723,80453,144498,2012-07-31,37235,-43730
2012-08-07T00:00:00.000,AUSTRALIAN DOLLAR - CHICAGO MERCANTILE EXCHANGE,94635,41741,36362,98566,162436,2012-08-07,52894,-62204
2012-08-14T00:00:00.000,AUSTRALIAN DOLLAR - CHICAGO MERCANTILE EXCHANGE,109875,43196,34273,111003,176287,2012-08-14,66679,-76730
2012-08-21T00:00:00.000,AUSTRALIAN DOLLAR - CHICAGO MERCANTILE EXCHANGE,127500,40618,34598,133528,195293,2012-08-21,86882,-98930
2012-08-28T00:00:00.000,AUSTRALIAN DOLLAR - CHICAGO MERCANTILE EXCHANGE,124137,46065,35887,124144,190631,2012-08-28,78072,-88257
2012-09-04T00:00:00.000,AUSTRALIAN DOLLAR - CHICAGO MERCANTILE EXCHANGE,111869,49430,48115,116561,189241,2012-09-04,62439,-68446
2012-09-11T00:00:00.000,AUSTRALIAN DOLLAR - CHICAGO MERCANTILE EXCHANGE,107537,39278,76057,150826,218910,2012-09-11,68259,-74769
2012-09-18T00:00:00.000,AUSTRALIAN DOLLAR - CHICAGO MERCANTILE EXCHANGE,117009,47763,24935,106185,174458,2012-09-18,69246,-81250
2012-09-25T00:00:00.000,AUSTRALIAN DOLLAR - CHICAGO MERCANTILE EXCHANGE,119144,29582,24563,127147,178886,2012-09-25,89562,-102584
2012-10-02T00:00:00.000,AUSTRALIAN DOLLAR - CHICAGO MERCANTILE EXCHANGE,98600,34857,31880,107076,162699,2012-10-02,63743,-75196
2012-10-09T00:00:00.000,AUSTRALIAN DOLLAR - CHICAGO MERCANTILE EXCHANGE,78524,38710,55002,99021,162802,2012-10-09,39814,-44019
2012-10-16T00:00:00.000,AUSTRALIAN DOLLAR - CHICAGO MERCANTILE EXCHANGE,77802,39358,56422,99112,162167,2012-10-16,38444,-42690
2012-10-23T00:00:00.000,AUSTRALIAN DOLLAR - CHICAGO MERCANTILE EXCHANGE,83602,37951,57541,107131,168663,2012-10-23,45651,-49590
2012-10-30T00:00:00.000,AUSTRALIAN DOLLAR - CHICAGO MERCANTILE EXCHANGE,91030,38940,50708,113151,174957,2012-10-30,52090,-62443
2012-11-06T00:00:00.000,AUSTRALIAN DOLLAR - CHICAGO MERCANTILE EXCHANGE,98037,37720,42622,118735,178421,2012-11-06,60317,-76113
2012-11-13T00:00:00.000,AUSTRALIAN DOLLAR - CHICAGO MERCANTILE EXCHANGE,105833,37687,42286,120280,183439,2012-11-13,68146,-77994
2012-11-20T00:00:00.000,AUSTRALIAN DOLLAR - CHICAGO MERCANTILE EXCHANGE,104617,39906,41848,117417,180364,2012-11-20,64711,-75569
2012-11-27T00:00:00.000,AUSTRALIAN DOLLAR - CHICAGO MERCANTILE EXCHANGE,122186,45380,35680,126860,196520,2012-11-27,76806,-91180
2012-12-04T00:00:00.000,AUSTRALIAN DOLLAR - CHICAGO MERCANTILE EXCHANGE,136218,43989,36331,142205,212072,2012-12-04,92229,-105874
2012-12-11T00:00:00.000,AUSTRALIAN DOLLAR - CHICAGO MERCANTILE EXCHANGE,139540,36164,45906,164116,229394,2012-12-11,103376,-118210
2012-12-18T00:00:00.000,AUSTRALIAN DOLLAR - CHICAGO MERCANTILE EXCHANGE,144966,47470,17900,136599,204312,2012-12-18,97496,-118699
2012-12-24T00:00:00.000,AUSTRALIAN DOLLAR - CHICAGO MERCANTILE EXCHANGE,116141,40708,19778,114212,173118,2012-12-24,75433,-94434
2012-12-31T00:00:00.000,AUSTRALIAN DOLLAR - CHICAGO MERCANTILE EXCHANGE,117354,37832,19960,113165,170157,2012-12-31,79522,-93205
2013-01-08T00:00:00.000,AUSTRALIAN DOLLAR - CHICAGO MERCANTILE EXCHANGE,122343,42028,22532,121549,184083,2013-01-08,80315,-99017
2013-01-15T00:00:00.000,AUSTRALIAN DOLLAR - CHICAGO MERCANTILE EXCHANGE,137090,48033,21884,136456,203425,2013-01-15,89057,-114572
2013-01-22T00:00:00.000,AUSTRALIAN DOLLAR - CHICAGO MERCANTILE EXCHANGE,143776,46765,21291,141610,208776,2013-01-22,97011,-120319
2013-01-29T00:00:00.000,AUSTRALIAN DOLLAR - CHICAGO MERCANTILE EXCHANGE,124520,39224,23524,126124,183507,2013-01-29,85296,-102600
2013-02-05T00:00:00.000,AUSTRALIAN DOLLAR - CHICAGO MERCANTILE EXCHANGE,122609,41669,23026,120494,180781,2013-02-05,80940,-97468
2013-02-12T00:00:00.000,AUSTRALIAN DOLLAR - CHICAGO MERCANTILE EXCHANGE,99758,45644,36069,94218,163745,2013-02-12,54114,-58149
2013-02-19T00:00:00.000,AUSTRALIAN DOLLAR - CHICAGO MERCANTILE EXCHANGE,87921,43940,42837,90314,159346,2013-02-19,43981,-47477
2013-02-26T00:00:00.000,AUSTRALIAN DOLLAR - CHICAGO MERCANTILE EXCHANGE,79140,53445,56173,75351,157363,2013-02-26,25695,-19178
2013-03-05T00:00:00.000,AUSTRALIAN DOLLAR - CHICAGO MERCANTILE EXCHANGE,61315,54166,72129,74303,157595,2013-03-05,7149,-2174
2013-03-12T00:00:00.000,AUSTRALIAN DOLLAR - CHICAGO MERCANTILE EXCHANGE,77746,54480,76542,99853,183095,2013-03-12,23266,-23311
2013-03-19T00:00:00.000,AUSTRALIAN DOLLAR - CHICAGO MERCANTILE EXCHANGE,100998,46943,25584,89594,158807,2013-03-19,54055,-64010
2013-03-26T00:00:00.000,AUSTRALIAN DOLLAR - CHICAGO MERCANTILE EXCHANGE,141086,55571,25847,123606,202150,2013-03-26,85515,-97759
2013-04-02T00:00:00.000,AUSTRALIAN DOLLAR - CHICAGO MERCANTILE EXCHANGE,135540,51569,24755,121634,197264,2013-04-02,83971,-96879
2013-04-09T00:00:00.000,AUSTRALIAN DOLLAR - CHICAGO MERCANTILE EXCHANGE,117540,39661,29723,122755,186911,2013-04-09,77879,-93032
2013-04-16T00:00:00.000,AUSTRALIAN DOLLAR - CHICAGO MERCANTILE EXCHANGE,98834,45659,38235,100187,169445,2013-04-16,53175,-61952
2013-04-23T00:00:00.000,AUSTRALIAN DOLLAR - CHICAGO MERCANTILE EXCHANGE,82715,51458,50852,80562,161752,2013-04-23,31257,-29710
2013-04-30T00:00:00.000,AUSTRALIAN DOLLAR - CHICAGO MERCANTILE EXCHANGE,81303,51069,48629,82312,158954,2013-04-30,30234,-33683
2013-05-07T00:00:00.000,AUSTRALIAN DOLLAR - CHICAGO MERCANTILE EXCHANGE,61501,54871,66399,71760,157170,2013-05-07,6630,-5361
2013-05-14T00:00:00.000,AUSTRALIAN DOLLAR - CHICAGO MERCANTILE EXCHANGE,61654,75104,104366,75058,190884,2013-05-14,-13450,29308
2013-05-21T00:00:00.000,AUSTRALIAN DOLLAR - CHICAGO MERCANTILE EXCHANGE,50036,82445,132194,75077,205301,2013-05-21,-32409,57117
2013-05-28T00:00:00.000,AUSTRALIAN DOLLAR - CHICAGO MERCANTILE EXCHANGE,42213,84520,143864,76670,209027,2013-05-28,-42307,67194
2013-06-04T00:00:00.000,AUSTRALIAN DOLLAR - CHICAGO MERCANTILE EXCHANGE,32853,91403,158435,72242,212222,2013-06-04,-58550,86193
2013-06-11T00:00:00.000,AUSTRALIAN DOLLAR - CHICAGO MERCANTILE EXCHANGE,24482,87759,186973,98769,240067,2013-06-11,-63277,88204
2013-06-18T00:00:00.000,AUSTRALIAN DOLLAR - CHICAGO MERCANTILE EXCHANGE,28769,92290,136873,45973,180895,2013-06-18,-63521,90900
2013-06-25T00:00:00.000,AUSTRALIAN DOLLAR - CHICAGO MERCANTILE EXCHANGE,21403,83047,136052,46924,174012,2013-06-25,-61644,89128
2013-07-02T00:00:00.000,AUSTRALIAN DOLLAR - CHICAGO MERCANTILE EXCHANGE,21521,92036,143118,48410,182925,2013-07-02,-70515,94708
2013-07-09T00:00:00.000,AUSTRALIAN DOLLAR - CHICAGO MERCANTILE EXCHANGE,20955,84210,140827,51477,178595,2013-07-09,-63255,89350
2013-07-16T00:00:00.000,AUSTRALIAN DOLLAR - CHICAGO MERCANTILE EXCHANGE,19222,89908,149150,54708,186264,2013-07-16,-70686,94442
2013-07-23T00:00:00.000,AUSTRALIAN DOLLAR - CHICAGO MERCANTILE EXCHANGE,17344,81326,148171,66995,185349,2013-07-23,-63982,81176
2013-07-30T00:00:00.000,AUSTRALIAN DOLLAR - CHICAGO MERCANTILE EXCHANGE,19527,92100,159310,65429,198272,2013-07-30,-72573,93881
2013-08-06T00:00:00.000,AUSTRALIAN DOLLAR - CHICAGO MERCANTILE EXCHANGE,16566,93345,167002,64766,201885,2013-08-06,-76779,102236
2013-08-13T00:00:00.000,AUSTRALIAN DOLLAR - CHICAGO MERCANTILE EXCHANGE,12625,75346,154583,71806,184822,2013-08-13,-62721,82777
2013-08-20T00:00:00.000,AUSTRALIAN DOLLAR - CHICAGO MERCANTILE EXCHANGE,13676,76859,154651,72102,184178,2013-08-20,-63183,82549
2013-08-27T00:00:00.000,AUSTRALIAN DOLLAR - CHICAGO MERCANTILE EXCHANGE,14662,85779,155509,65258,186664,2013-08-27,-71117,90251
2013-09-03T00:00:00.000,AUSTRALIAN DOLLAR - CHICAGO MERCANTILE EXCHANGE,13655,85161,156076,67702,189334,2013-09-03,-71506,88374
2013-09-10T00:00:00.000,AUSTRALIAN DOLLAR - CHICAGO MERCANTILE EXCHANGE,8464,68496,144695,69955,183606,2013-09-10,-60032,74740
2013-09-17T00:00:00.000,AUSTRALIAN DOLLAR - CHICAGO MERCANTILE EXCHANGE,29805,57165,82504,43563,129806,2013-09-17,-27360,38941
2013-09-24T00:00:00.000,AUSTRALIAN DOLLAR - CHICAGO MERCANTILE EXCHANGE,20049,54868,87537,45396,126462,2013-09-24,-34819,42141
2013-10-01T00:00:00.000,AUSTRALIAN DOLLAR - CHICAGO MERCANTILE EXCHANGE,14928,43732,77577,44014,113676,2013-10-01,-28804,33563
2013-10-08T00:00:00.000,AUSTRALIAN DOLLAR - CHICAGO MERCANTILE EXCHANGE,17221,43625,79356,46187,117075,2013-10-08,-26404,33169
2013-10-15T00:00:00.000,AUSTRALIAN DOLLAR - CHICAGO MERCANTILE EXCHANGE,17656,49893,83389,47141,124276,2013-10-15,-32237,36248
2013-10-22T00:00:00.000,AUSTRALIAN DOLLAR - CHICAGO MERCANTILE EXCHANGE,22882,44993,77484,53324,125592,2013-10-22,-22111,24160
2013-10-29T00:00:00.000,AUSTRALIAN DOLLAR - CHICAGO MERCANTILE EXCHANGE,25041,48239,76692,55730,129053,2013-10-29,-23198,20962
2013-11-05T00:00:00.000,AUSTRALIAN DOLLAR - CHICAGO MERCANTILE EXCHANGE,22357,47424,82474,54547,129497,2013-11-05,-25067,27927
2013-11-12T00:00:00.000,AUSTRALIAN DOLLAR - CHICAGO MERCANTILE EXCHANGE,20484,56293,95507,52230,137241,2013-11-12,-35809,43277
2013-11-19T00:00:00.000,AUSTRALIAN DOLLAR - CHICAGO MERCANTILE EXCHANGE,17585,53347,97955,53477,136699,2013-11-19,-35762,44478
2013-11-26T00:00:00.000,AUSTRALIAN DOLLAR - CHICAGO MERCANTILE EXCHANGE,17197,50708,74587,29744,111673,2013-11-26,-33511,44843
2013-12-03T00:00:00.000,AUSTRALIAN DOLLAR - CHICAGO MERCANTILE EXCHANGE,20197,64508,83514,22978,121078,2013-12-03,-44311,60536
2013-12-10T00:00:00.000,AUSTRALIAN DOLLAR - CHICAGO MERCANTILE EXCHANGE,19134,64984,87997,24318,126620,2013-12-10,-45850,63679
2013-12-17T00:00:00.000,AUSTRALIAN DOLLAR - CHICAGO MERCANTILE EXCHANGE,13752,65405,80950,14183,113118,2013-12-17,-51653,66767
2013-12-24T00:00:00.000,AUSTRALIAN DOLLAR - CHICAGO MERCANTILE EXCHANGE,14857,69096,86022,13901,117884,2013-12-24,-54239,72121
2013-12-31T00:00:00.000,AUSTRALIAN DOLLAR - CHICAGO MERCANTILE EXCHANGE,14430,71844,87910,13836,120071,2013-12-31,-57414,74074
2014-01-07T00:00:00.000,AUSTRALIAN DOLLAR - CHICAGO MERCANTILE EXCHANGE,14213,71065,88807,15605,122121,2014-01-07,-56852,73202
2014-01-14T00:00:00.000,AUSTRALIAN DOLLAR - CHICAGO MERCANTILE EXCHANGE,10376,62364,81673,15682,112341,2014-01-14,-51988,65991
2014-01-21T00:00:00.000,AUSTRALIAN DOLLAR - CHICAGO MERCANTILE EXCHANGE,15645,80299,103859,16090,137503,2014-01-21,-64654,87769
2014-01-28T00:00:00.000,AUSTRALIAN DOLLAR - CHICAGO MERCANTILE EXCHANGE,13997,79720,105951,17466,136426,2014-01-28,-65723,88485
2014-02-04T00:00:00.000,AUSTRALIAN DOLLAR - CHICAGO MERCANTILE EXCHANGE,11696,67219,96114,20634,125394,2014-02-04,-55523,75480
2014-02-11T00:00:00.000,AUSTRALIAN DOLLAR - CHICAGO MERCANTILE EXCHANGE,10202,57605,82610,17864,110523,2014-02-11,-47403,64746
2014-02-18T00:00:00.000,AUSTRALIAN DOLLAR - CHICAGO MERCANTILE EXCHANGE,9439,53837,75006,15831,103049,2014-02-18,-44398,59175
2014-02-25T00:00:00.000,AUSTRALIAN DOLLAR - CHICAGO MERCANTILE EXCHANGE,10299,49290,70170,15302,98643,2014-02-25,-38991,54868
2014-03-04T00:00:00.000,AUSTRALIAN DOLLAR - CHICAGO MERCANTILE EXCHANGE,12262,53370,75194,18834,105792,2014-03-04,-41108,56360
2014-03-11T00:00:00.000,AUSTRALIAN DOLLAR - CHICAGO MERCANTILE EXCHANGE,8627,49477,78468,23125,122241,2014-03-11,-40850,55343
2014-03-18T00:00:00.000,AUSTRALIAN DOLLAR - CHICAGO MERCANTILE EXCHANGE,21577,46040,38976,8343,81737,2014-03-18,-24463,30633
2014-03-25T00:00:00.000,AUSTRALIAN DOLLAR - CHICAGO MERCANTILE EXCHANGE,24387,44914,37246,11211,84232,2014-03-25,-20527,26035
2014-04-01T00:00:00.000,AUSTRALIAN DOLLAR - CHICAGO MERCANTILE EXCHANGE,35398,40278,33879,27761,93999,2014-04-01,-4880,6118
2014-04-08T00:00:00.000,AUSTRALIAN DOLLAR - CHICAGO MERCANTILE EXCHANGE,37630,34320,32547,34651,96887,2014-04-08,3310,-2104
2014-04-15T00:00:00.000,AUSTRALIAN DOLLAR - CHICAGO MERCANTILE EXCHANGE,40463,32366,31472,38399,98933,2014-04-15,8097,-6927
2014-04-22T00:00:00.000,AUSTRALIAN DOLLAR - CHICAGO MERCANTILE EXCHANGE,49540,33170,29077,49057,107696,2014-04-22,16370,-19980
2014-04-29T00:00:00.000,AUSTRALIAN DOLLAR - CHICAGO MERCANTILE EXCHANGE,50019,39313,32067,45391,109934,2014-04-29,10706,-13324
2014-05-06T00:00:00.000,AUSTRALIAN DOLLAR - CHICAGO MERCANTILE EXCHANGE,44805,36168,31455,44038,104936,2014-05-06,8637,-12583
2014-05-13T00:00:00.000,AUSTRALIAN DOLLAR - CHICAGO MERCANTILE EXCHANGE,50147,33020,29362,49780,107302,2014-05-13,17127,-20418
2014-05-20T00:00:00.000,AUSTRALIAN DOLLAR - CHICAGO MERCANTILE EXCHANGE,50130,30668,30015,49714,107613,2014-05-20,19462,-19699
2014-05-27T00:00:00.000,AUSTRALIAN DOLLAR - CHICAGO MERCANTILE EXCHANGE,52071,36223,30206,46843,109139,2014-05-27,15848,-16637
2014-06-03T00:00:00.000,AUSTRALIAN DOLLAR - CHICAGO MERCANTILE EXCHANGE,56811,35284,28982,51238,110911,2014-06-03,21527,-22256
2014-06-10T00:00:00.000,AUSTRALIAN DOLLAR - CHICAGO MERCANTILE EXCHANGE,62141,33894,30183,64362,128984,2014-06-10,28247,-34179
2014-06-17T00:00:00.000,AUSTRALIAN DOLLAR - CHICAGO MERCANTILE EXCHANGE,61078,34049,5813,42821,99400,2014-06-17,27029,-37008
2014-06-24T00:00:00.000,AUSTRALIAN DOLLAR - CHICAGO MERCANTILE EXCHANGE,65612,32149,4093,46032,101998,2014-06-24,33463,-41939
2014-07-01T00:00:00.000,AUSTRALIAN DOLLAR - CHICAGO MERCANTILE EXCHANGE,76598,37719,5394,54499,114918,2014-07-01,38879,-49105
2014-07-08T00:00:00.000,AUSTRALIAN DOLLAR - CHICAGO MERCANTILE EXCHANGE,66705,30102,5583,48218,101860,2014-07-08,36603,-42635
2014-07-15T00:00:00.000,AUSTRALIAN DOLLAR - CHICAGO MERCANTILE EXCHANGE,70881,31138,5880,49630,105209,2014-07-15,39743,-43750
2014-07-22T00:00:00.000,AUSTRALIAN DOLLAR - CHICAGO MERCANTILE EXCHANGE,72170,33377,6628,53708,109341,2014-07-22,38793,-47080
2014-07-29T00:00:00.000,AUSTRALIAN DOLLAR - CHICAGO MERCANTILE EXCHANGE,69348,29742,8752,54732,106836,2014-07-29,39606,-45980
2014-08-05T00:00:00.000,AUSTRALIAN DOLLAR - CHICAGO MERCANTILE EXCHANGE,60860,27560,12264,47016,98196,2014-08-05,33300,-34752
2014-08-12T00:00:00.000,AUSTRALIAN DOLLAR - CHICAGO MERCANTILE EXCHANGE,54691,25145,15869,45316,94030,2014-08-12,29546,-29447
2014-08-19T00:00:00.000,AUSTRALIAN DOLLAR - CHICAGO MERCANTILE EXCHANGE,65747,29173,10373,49554,103432,2014-08-19,36574,-39181
2014-08-26T00:00:00.000,AUSTRALIAN DOLLAR - CHICAGO MERCANTILE EXCHANGE,71658,29720,10080,54684,107819,2014-08-26,41938,-44604
2014-09-02T00:00:00.000,AUSTRALIAN DOLLAR - CHICAGO MERCANTILE EXCHANGE,77050,28003,11239,62297,114146,2014-09-02,49047,-51058
2014-09-09T00:00:00.000,AUSTRALIAN DOLLAR - CHICAGO MERCANTILE EXCHANGE,73321,32092,28598,70600,126831,2014-09-09,41229,-42002
2014-09-16T00:00:00.000,AUSTRALIAN DOLLAR - CHICAGO MERCANTILE EXCHANGE,55588,33448,23154,34741,97839,2014-09-16,22140,-11587
2014-09-23T00:00:00.000,AUSTRALIAN DOLLAR - CHICAGO MERCANTILE EXCHANGE,47187,38840,37349,36787,105756,2014-09-23,8347,562
2014-09-30T00:00:00.000,AUSTRALIAN DOLLAR - CHICAGO MERCANTILE EXCHANGE,43193,45210,55299,38251,118488,2014-09-30,-2017,17048
2014-10-07T00:00:00.000,AUSTRALIAN DOLLAR - CHICAGO MERCANTILE EXCHANGE,31601,58087,79551,34444,129561,2014-10-07,-26486,45107
2014-10-14T00:00:00.000,AUSTRALIAN DOLLAR - CHICAGO MERCANTILE EXCHANGE,14367,44638,82846,35626,115941,2014-10-14,-30271,47220
2014-10-21T00:00:00.000,AUSTRALIAN DOLLAR - CHICAGO MERCANTILE EXCHANGE,13951,45460,83989,35215,115985,2014-10-21,-31509,48774
2014-10-28T00:00:00.000,AUSTRALIAN DOLLAR - CHICAGO MERCANTILE EXCHANGE,17446,51297,83133,37105,120071,2014-10-28,-33851,46028
2014-11-04T00:00:00.000,AUSTRALIAN DOLLAR - CHICAGO MERCANTILE EXCHANGE,14595,52863,89948,34288,123342,2014-11-04,-38268,55660
2014-11-11T00:00:00.000,AUSTRALIAN DOLLAR - CHICAGO MERCANTILE EXCHANGE,12896,50923,93580,34902,123726,2014-11-11,-38027,58678
2014-11-18T00:00:00.000,AUSTRALIAN DOLLAR - CHICAGO MERCANTILE EXCHANGE,9522,47124,90530,35291,117859,2014-11-18,-37602,55239
2014-11-25T00:00:00.000,AUSTRALIAN DOLLAR - CHICAGO MERCANTILE EXCHANGE,12050,56138,95111,35965,127008,2014-11-25,-44088,59146
2014-12-02T00:00:00.000,AUSTRALIAN DOLLAR - CHICAGO MERCANTILE EXCHANGE,13565,54675,99125,40356,133675,2014-12-02,-41110,58769
2014-12-09T00:00:00.000,AUSTRALIAN DOLLAR - CHICAGO MERCANTILE EXCHANGE,17378,62391,119036,53756,159287,2014-12-09,-45013,65280
2014-12-16T00:00:00.000,AUSTRALIAN DOLLAR - CHICAGO MERCANTILE EXCHANGE,26786,61039,75012,18777,116787,2014-12-16,-34253,56235
2014-12-23T00:00:00.000,AUSTRALIAN DOLLAR - CHICAGO MERCANTILE EXCHANGE,26180,65416,77548,16227,118773,2014-12-23,-39236,61321
2014-12-30T00:00:00.000,AUSTRALIAN DOLLAR - CHICAGO MERCANTILE EXCHANGE,24646,65343,79561,16391,120316,2014-12-30,-40697,63170
2015-01-06T00:00:00.000,AUSTRALIAN DOLLAR - CHICAGO MERCANTILE EXCHANGE,16981,65633,88621,16452,122205,2015-01-06,-48652,72169
2015-01-13T00:00:00.000,AUSTRALIAN DOLLAR - CHICAGO MERCANTILE EXCHANGE,14778,60143,86541,17697,119819,2015-01-13,-45365,68844
2015-01-20T00:00:00.000,AUSTRALIAN DOLLAR - CHICAGO MERCANTILE EXCHANGE,9828,56408,85490,15042,110904,2015-01-20,-46580,70448
2015-01-27T00:00:00.000,AUSTRALIAN DOLLAR - CHICAGO MERCANTILE EXCHANGE,16079,65022,95365,16824,125620,2015-01-27,-48943,78541
2015-02-03T00:00:00.000,AUSTRALIAN DOLLAR - CHICAGO MERCANTILE EXCHANGE,15969,72128,103126,17340,133075,2015-02-03,-56159,85786
2015-02-10T00:00:00.000,AUSTRALIAN DOLLAR - CHICAGO MERCANTILE EXCHANGE,12517,65699,98421,15694,125359,2015-02-10,-53182,82727
2015-02-17T00:00:00.000,AUSTRALIAN DOLLAR - CHICAGO MERCANTILE EXCHANGE,17230,71061,98952,16458,131722,2015-02-17,-53831,82494
2015-02-24T00:00:00.000,AUSTRALIAN DOLLAR - CHICAGO MERCANTILE EXCHANGE,15597,78751,109289,17810,139805,2015-02-24,-63154,91479
2015-03-03T00:00:00.000,AUSTRALIAN DOLLAR - CHICAGO MERCANTILE EXCHANGE,13652,75197,103821,18659,136841,2015-03-03,-61545,85162
2015-03-10T00:00:00.000,AUSTRALIAN DOLLAR - CHICAGO MERCANTILE EXCHANGE,15137,91988,130799,23082,196534,2015-03-10,-76851,107717
2015-03-17T00:00:00.000,AUSTRALIAN DOLLAR - CHICAGO MERCANTILE EXCHANGE,63046,91853,75365,19252,152746,2015-03-17,-28807,56113
2015-03-24T00:00:00.000,AUSTRALIAN DOLLAR - CHICAGO MERCANTILE EXCHANGE,52079,80447,68957,18636,135693,2015-03-24,-28368,50321
2015-03-31T00:00:00.000,AUSTRALIAN DOLLAR - CHICAGO MERCANTILE EXCHANGE,55814,80170,66179,20286,138260,2015-03-31,-24356,45893
2015-04-07T00:00:00.000,AUSTRALIAN DOLLAR - CHICAGO MERCANTILE EXCHANGE,55928,96209,89081,21243,159532,2015-04-07,-40281,67838
2015-04-14T00:00:00.000,AUSTRALIAN DOLLAR - CHICAGO MERCANTILE EXCHANGE,55077,97510,92927,21531,161971,2015-04-14,-42433,71396
2015-04-21T00:00:00.000,AUSTRALIAN DOLLAR - CHICAGO MERCANTILE EXCHANGE,55570,90233,83040,23795,153363,2015-04-21,-34663,59245
2015-04-28T00:00:00.000,AUSTRALIAN DOLLAR - CHICAGO MERCANTILE EXCHANGE,53753,81158,67196,22618,140298,2015-04-28,-27405,44578
2015-05-05T00:00:00.000,AUSTRALIAN DOLLAR - CHICAGO MERCANTILE EXCHANGE,59033,58407,57213,44377,137001,2015-05-05,626,12836
2015-05-12T00:00:00.000,AUSTRALIAN DOLLAR - CHICAGO MERCANTILE EXCHANGE,59435,54948,58529,48204,136249,2015-05-12,4487,10325
2015-05-19T00:00:00.000,AUSTRALIAN DOLLAR - CHICAGO MERCANTILE EXCHANGE,65130,57807,57688,53630,142589,2015-05-19,7323,4058
2015-05-26T00:00:00.000,AUSTRALIAN DOLLAR - CHICAGO MERCANTILE EXCHANGE,65245,58823,62234,50336,144495,2015-05-26,6422,11898
2015-06-02T00:00:00.000,AUSTRALIAN DOLLAR - CHICAGO MERCANTILE EXCHANGE,63386,76642,76618,43107,156474,2015-06-02,-13256,33511
2015-06-09T00:00:00.000,AUSTRALIAN DOLLAR - CHICAGO MERCANTILE EXCHANGE,65195,79222,75985,41975,165681,2015-06-09,-14027,34010
2015-06-16T00:00:00.000,AUSTRALIAN DOLLAR - CHICAGO MERCANTILE EXCHANGE,65421,69469,39468,19755,119362,2015-06-16,-4048,19713
2015-06-23T00:00:00.000,AUSTRALIAN DOLLAR - CHICAGO MERCANTILE EXCHANGE,56099,65151,44097,19622,116184,2015-06-23,-9052,24475
2015-06-30T00:00:00.000,AUSTRALIAN DOLLAR - CHICAGO MERCANTILE EXCHANGE,54909,66940,48384,19641,118443,2015-06-30,-12031,28743
2015-07-07T00:00:00.000,AUSTRALIAN DOLLAR - CHICAGO MERCANTILE EXCHANGE,55071,77268,64045,16480,135648,2015-07-07,-22197,47565
2015-07-14T00:00:00.000,AUSTRALIAN DOLLAR - CHICAGO MERCANTILE EXCHANGE,54936,88477,78477,18376,148406,2015-07-14,-33541,60101
2015-07-21T00:00:00.000,AUSTRALIAN DOLLAR - CHICAGO MERCANTILE EXCHANGE,52330,93180,93305,22394,159796,2015-07-21,-40850,70911
2015-07-28T00:00:00.000,AUSTRALIAN DOLLAR - CHICAGO MERCANTILE EXCHANGE,46555,97214,104328,22358,165974,2015-07-28,-50659,81970
2015-08-04T00:00:00.000,AUSTRALIAN DOLLAR - CHICAGO MERCANTILE EXCHANGE,49401,98813,104143,22692,168404,2015-08-04,-49412,81451
2015-08-11T00:00:00.000,AUSTRALIAN DOLLAR - CHICAGO MERCANTILE EXCHANGE,48017,99287,101106,22371,164751,2015-08-11,-51270,78735
2015-08-18T00:00:00.000,AUSTRALIAN DOLLAR - CHICAGO MERCANTILE EXCHANGE,47544,97427,99128,22350,161344,2015-08-18,-49883,76778
2015-08-25T00:00:00.000,AUSTRALIAN DOLLAR - CHICAGO MERCANTILE EXCHANGE,47275,111002,113985,24746,174378,2015-08-25,-63727,89239
2015-09-01T00:00:00.000,AUSTRALIAN DOLLAR - CHICAGO MERCANTILE EXCHANGE,50928,106660,108502,25707,173947,2015-09-01,-55732,82795
2015-09-08T00:00:00.000,AUSTRALIAN DOLLAR - CHICAGO MERCANTILE EXCHANGE,50072,103388,117383,32699,190761,2015-09-08,-53316,84684
2015-09-15T00:00:00.000,AUSTRALIAN DOLLAR - CHICAGO MERCANTILE EXCHANGE,59117,99846,84540,18072,156879,2015-09-15,-40729,66468
2015-09-22T00:00:00.000,AUSTRALIAN DOLLAR - CHICAGO MERCANTILE EXCHANGE,42666,95498,89836,13865,147279,2015-09-22,-52832,75971
2015-09-29T00:00:00.000,AUSTRALIAN DOLLAR - CHICAGO MERCANTILE EXCHANGE,44560,93425,83537,13958,142869,2015-09-29,-48865,69579
2015-10-06T00:00:00.000,AUSTRALIAN DOLLAR - CHICAGO MERCANTILE EXCHANGE,41592,82431,83503,20718,139935,2015-10-06,-40839,62785
2015-10-13T00:00:00.000,AUSTRALIAN DOLLAR - CHICAGO MERCANTILE EXCHANGE,42266,75971,82260,34533,142024,2015-10-13,-33705,47727
2015-10-20T00:00:00.000,AUSTRALIAN DOLLAR - CHICAGO MERCANTILE EXCHANGE,43295,81707,80919,30283,140367,2015-10-20,-38412,50636
2015-10-27T00:00:00.000,AUSTRALIAN DOLLAR - CHICAGO MERCANTILE EXCHANGE,44835,81187,80227,31082,141008,2015-10-27,-36352,49145
2015-11-03T00:00:00.000,AUSTRALIAN DOLLAR - CHICAGO MERCANTILE EXCHANGE,49856,88481,84261,24766,145861,2015-11-03,-38625,59495
2015-11-10T00:00:00.000,AUSTRALIAN DOLLAR - CHICAGO MERCANTILE EXCHANGE,45893,98723,95178,14992,153590,2015-11-10,-52830,80186
2015-11-17T00:00:00.000,AUSTRALIAN DOLLAR - CHICAGO MERCANTILE EXCHANGE,44933,111397,103191,14327,162083,2015-11-17,-66464,88864
2015-11-24T00:00:00.000,AUSTRALIAN DOLLAR - CHICAGO MERCANTILE EXCHANGE,46037,103182,90627,15600,152585,2015-11-24,-57145,75027
2015-12-01T00:00:00.000,AUSTRALIAN DOLLAR - CHICAGO MERCANTILE EXCHANGE,48063,94711,86462,26968,154800,2015-12-01,-46648,59494
2015-12-08T00:00:00.000,AUSTRALIAN DOLLAR - CHICAGO MERCANTILE EXCHANGE,47696,81275,88170,44052,162139,2015-12-08,-33579,44118
2015-12-15T00:00:00.000,AUSTRALIAN DOLLAR - CHICAGO MERCANTILE EXCHANGE,61956,72408,31733,10352,110538,2015-12-15,-10452,21381
2015-12-22T00:00:00.000,AUSTRALIAN DOLLAR - CHICAGO MERCANTILE EXCHANGE,49122,69976,43043,9475,106301,2015-12-22,-20854,33568
2015-12-29T00:00:00.000,AUSTRALIAN DOLLAR - CHICAGO MERCANTILE EXCHANGE,44766,62311,37489,9384,98174,2015-12-29,-17545,28105
2016-01-05T00:00:00.000,AUSTRALIAN DOLLAR - CHICAGO MERCANTILE EXCHANGE,46047,59808,35972,9916,99001,2016-01-05,-13761,26056
2016-01-12T00:00:00.000,AUSTRALIAN DOLLAR - CHICAGO MERCANTILE EXCHANGE,48528,71571,57436,10835,121590,2016-01-12,-23043,46601
2016-01-19T00:00:00.000,AUSTRALIAN DOLLAR - CHICAGO MERCANTILE EXCHANGE,45471,81738,72319,12417,132814,2016-01-19,-36267,59902
2016-01-26T00:00:00.000,AUSTRALIAN DOLLAR - CHICAGO MERCANTILE EXCHANGE,46281,79079,62404,11530,125451,2016-01-26,-32798,50874
2016-02-02T00:00:00.000,AUSTRALIAN DOLLAR - CHICAGO MERCANTILE EXCHANGE,51397,77565,53282,11652,122056,2016-02-02,-26168,41630
2016-02-09T00:00:00.000,AUSTRALIAN DOLLAR - CHICAGO MERCANTILE EXCHANGE,64020,69646,31378,16899,113354,2016-02-09,-5626,14479
2016-02-16T00:00:00.000,AUSTRALIAN DOLLAR - CHICAGO MERCANTILE EXCHANGE,66740,63933,26421,21113,111447,2016-02-16,2807,5308
2016-02-23T00:00:00.000,AUSTRALIAN DOLLAR - CHICAGO MERCANTILE EXCHANGE,72523,62948,25907,30500,119526,2016-02-23,9575,-4593
2016-03-01T00:00:00.000,AUSTRALIAN DOLLAR - CHICAGO MERCANTILE EXCHANGE,76480,59619,26825,37442,122911,2016-03-01,16861,-10617
2016-03-08T00:00:00.000,AUSTRALIAN DOLLAR - CHICAGO MERCANTILE EXCHANGE,86141,56946,25233,58592,141845,2016-03-08,29195,-33359
2016-03-15T00:00:00.000,AUSTRALIAN DOLLAR - CHICAGO MERCANTILE EXCHANGE,61544,48762,7917,30785,99992,2016-03-15,12782,-22868
2016-03-22T00:00:00.000,AUSTRALIAN DOLLAR - CHICAGO MERCANTILE EXCHANGE,67931,49901,10603,42084,111677,2016-03-22,18030,-31481
2016-03-29T00:00:00.000,AUSTRALIAN DOLLAR - CHICAGO MERCANTILE EXCHANGE,77076,53610,10620,46385,119665,2016-03-29,23466,-35765
2016-04-05T00:00:00.000,AUSTRALIAN DOLLAR - CHICAGO MERCANTILE EXCHANGE,78234,51389,11143,48378,121060,2016-04-05,26845,-37235
2016-04-12T00:00:00.000,AUSTRALIAN DOLLAR - CHICAGO MERCANTILE EXCHANGE,90768,55646,11242,56356,132621,2016-04-12,35122,-45114
2016-04-19T00:00:00.000,AUSTRALIAN DOLLAR - CHICAGO MERCANTILE EXCHANGE,97472,53366,12161,65712,142922,2016-04-19,44106,-53551
2016-04-26T00:00:00.000,AUSTRALIAN DOLLAR - CHICAGO MERCANTILE EXCHANGE,109932,50392,13416,81886,155703,2016-04-26,59540,-68470
2016-05-03T00:00:00.000,AUSTRALIAN DOLLAR - CHICAGO MERCANTILE EXCHANGE,99024,46629,14397,72974,142695,2016-05-03,52395,-58577
2016-05-10T00:00:00.000,AUSTRALIAN DOLLAR - CHICAGO MERCANTILE EXCHANGE,82774,44616,16516,59234,126768,2016-05-10,38158,-42718
2016-05-17T00:00:00.000,AUSTRALIAN DOLLAR - CHICAGO MERCANTILE EXCHANGE,71793,46900,15864,41952,114119,2016-05-17,24893,-26088
2016-05-24T00:00:00.000,AUSTRALIAN DOLLAR - CHICAGO MERCANTILE EXCHANGE,51712,51588,36381,36986,114633,2016-05-24,124,-605
2016-05-31T00:00:00.000,AUSTRALIAN DOLLAR - CHICAGO MERCANTILE EXCHANGE,44560,49318,44974,36356,114647,2016-05-31,-4758,8618
2016-06-07T00:00:00.000,AUSTRALIAN DOLLAR - CHICAGO MERCANTILE EXCHANGE,35406,51214,53952,34470,119376,2016-06-07,-15808,19482
2016-06-14T00:00:00.000,AUSTRALIAN DOLLAR - CHICAGO MERCANTILE EXCHANGE,39512,46290,15871,6253,79135,2016-06-14,-6778,9618
2016-06-21T00:00:00.000,AUSTRALIAN DOLLAR - CHICAGO MERCANTILE EXCHANGE,38611,45654,16500,10357,78925,2016-06-21,-7043,6143
2016-06-28T00:00:00.000,AUSTRALIAN DOLLAR - CHICAGO MERCANTILE EXCHANGE,32556,34508,13173,15088,70276,2016-06-28,-1952,-1915
2016-07-05T00:00:00.000,AUSTRALIAN DOLLAR - CHICAGO MERCANTILE EXCHANGE,33794,28891,12741,21702,72989,2016-07-05,4903,-8961
2016-07-12T00:00:00.000,AUSTRALIAN DOLLAR - CHICAGO MERCANTILE EXCHANGE,45938,29722,12635,36784,89743,2016-07-12,16216,-24149
2016-07-19T00:00:00.000,AUSTRALIAN DOLLAR - CHICAGO MERCANTILE EXCHANGE,61642,28211,12042,46274,99518,2016-07-19,33431,-34232
2016-07-26T00:00:00.000,AUSTRALIAN DOLLAR - CHICAGO MERCANTILE EXCHANGE,57083,25573,11171,44998,95520,2016-07-26,31510,-33827
2016-08-02T00:00:00.000,AUSTRALIAN DOLLAR - CHICAGO MERCANTILE EXCHANGE,58269,26906,10162,46366,99112,2016-08-02,31363,-36204
2016-08-09T00:00:00.000,AUSTRALIAN DOLLAR - CHICAGO MERCANTILE EXCHANGE,59586,24702,10178,52574,102059,2016-08-09,34884,-42396
2016-08-16T00:00:00.000,AUSTRALIAN DOLLAR - CHICAGO MERCANTILE EXCHANGE,68945,27832,9177,60033,112135,2016-08-16,41113,-50856
2016-08-23T00:00:00.000,AUSTRALIAN DOLLAR - CHICAGO MERCANTILE EXCHANGE,71011,28254,10509,60498,114452,2016-08-23,42757,-49989
2016-08-30T00:00:00.000,AUSTRALIAN DOLLAR - CHICAGO MERCANTILE EXCHANGE,70432,27866,9540,56601,110040,2016-08-30,42566,-47061
2016-09-06T00:00:00.000,AUSTRALIAN DOLLAR - CHICAGO MERCANTILE EXCHANGE,66211,27252,9551,53119,108852,2016-09-06,38959,-43568
2016-09-13T00:00:00.000,AUSTRALIAN DOLLAR - CHICAGO MERCANTILE EXCHANGE,63134,26667,17950,55832,112367,2016-09-13,36467,-37882
2016-09-20T00:00:00.000,AUSTRALIAN DOLLAR - CHICAGO MERCANTILE EXCHANGE,48543,41695,13293,22527,86614,2016-09-20,6848,-9234
2016-09-27T00:00:00.000,AUSTRALIAN DOLLAR - CHICAGO MERCANTILE EXCHANGE,62892,47884,8205,26374,98351,2016-09-27,15008,-18169
2016-10-04T00:00:00.000,AUSTRALIAN DOLLAR - CHICAGO MERCANTILE EXCHANGE,73545,49607,8085,36206,110028,2016-10-04,23938,-28121
2016-10-11T00:00:00.000,AUSTRALIAN DOLLAR - CHICAGO MERCANTILE EXCHANGE,73395,47291,9760,42144,112028,2016-10-11,26104,-32384
2016-10-18T00:00:00.000,AUSTRALIAN DOLLAR - CHICAGO MERCANTILE EXCHANGE,80526,50546,10866,48481,122436,2016-10-18,29980,-37615
2016-10-25T00:00:00.000,AUSTRALIAN DOLLAR - CHICAGO MERCANTILE EXCHANGE,83153,51230,10276,50447,124584,2016-10-25,31923,-40171
2016-11-01T00:00:00.000,AUSTRALIAN DOLLAR - CHICAGO MERCANTILE EXCHANGE,85541,44674,8723,55432,125387,2016-11-01,40867,-46709
2016-11-08T00:00:00.000,AUSTRALIAN DOLLAR - CHICAGO MERCANTILE EXCHANGE,92503,51395,11276,61026,137560,2016-11-08,41108,-49750
2016-11-15T00:00:00.000,AUSTRALIAN DOLLAR - CHICAGO MERCANTILE EXCHANGE,77814,36296,8814,54377,113124,2016-11-15,41518,-45563
2016-11-22T00:00:00.000,AUSTRALIAN DOLLAR - CHICAGO MERCANTILE EXCHANGE,63488,32783,12131,39400,100989,2016-11-22,30705,-27269
2016-11-29T00:00:00.000,AUSTRALIAN DOLLAR - CHICAGO MERCANTILE EXCHANGE,54791,33834,13591,30888,92699,2016-11-29,20957,-17297
2016-12-06T00:00:00.000,AUSTRALIAN DOLLAR - CHICAGO MERCANTILE EXCHANGE,48274,27403,12291,32094,84900,2016-12-06,20871,-19803
2016-12-13T00:00:00.000,AUSTRALIAN DOLLAR - CHICAGO MERCANTILE EXCHANGE,40290,26817,19670,35495,87770,2016-12-13,13473,-15825
2016-12-20T00:00:00.000,AUSTRALIAN DOLLAR - CHICAGO MERCANTILE EXCHANGE,38321,34380,16673,13912,76916,2016-12-20,3941,2761
2016-12-27T00:00:00.000,AUSTRALIAN DOLLAR - CHICAGO MERCANTILE EXCHANGE,44076,45586,28548,19310,94451,2016-12-27,-1510,9238
2017-01-03T00:00:00.000,AUSTRALIAN DOLLAR - CHICAGO MERCANTILE EXCHANGE,47948,51204,35945,21753,104009,2017-01-03,-3256,14192
2017-01-10T00:00:00.000,AUSTRALIAN DOLLAR - CHICAGO MERCANTILE EXCHANGE,40782,44630,37011,20968,96885,2017-01-10,-3848,16043
2017-01-17T00:00:00.000,AUSTRALIAN DOLLAR - CHICAGO MERCANTILE EXCHANGE,42401,37556,24813,21441,87631,2017-01-17,4845,3372
2017-01-24T00:00:00.000,AUSTRALIAN DOLLAR - CHICAGO MERCANTILE EXCHANGE,54552,44258,15346,24539,94379,2017-01-24,10294,-9193
2017-01-31T00:00:00.000,AUSTRALIAN DOLLAR - CHICAGO MERCANTILE EXCHANGE,59187,47131,14533,30063,101420,2017-01-31,12056,-15530
2017-02-07T00:00:00.000,AUSTRALIAN DOLLAR - CHICAGO MERCANTILE EXCHANGE,66545,49797,17178,42613,114105,2017-02-07,16748,-25435
2017-02-14T00:00:00.000,AUSTRALIAN DOLLAR - CHICAGO MERCANTILE EXCHANGE,79313,55095,16536,49043,127869,2017-02-14,24218,-32507
2017-02-21T00:00:00.000,AUSTRALIAN DOLLAR - CHICAGO MERCANTILE EXCHANGE,88768,55246,16605,58241,137436,2017-02-21,33522,-41636
2017-02-28T00:00:00.000,AUSTRALIAN DOLLAR - CHICAGO MERCANTILE EXCHANGE,95696,43781,14049,72110,141914,2017-02-28,51915,-58061
2017-03-07T00:00:00.000,AUSTRALIAN DOLLAR - CHICAGO MERCANTILE EXCHANGE,85221,34243,28980,84354,153365,2017-03-07,50978,-55374
2017-03-14T00:00:00.000,AUSTRALIAN DOLLAR - CHICAGO MERCANTILE EXCHANGE,73553,30288,11853,57341,114008,2017-03-14,43265,-45488
2017-03-21T00:00:00.000,AUSTRALIAN DOLLAR - CHICAGO MERCANTILE EXCHANGE,85397,40442,12908,68591,134004,2017-03-21,44955,-55683
2017-03-28T00:00:00.000,AUSTRALIAN DOLLAR - CHICAGO MERCANTILE EXCHANGE,90838,37700,12750,70972,134422,2017-03-28,53138,-58222
2017-04-04T00:00:00.000,AUSTRALIAN DOLLAR - CHICAGO MERCANTILE EXCHANGE,90215,40622,17082,72342,137172,2017-04-04,49593,-55260
2017-04-11T00:00:00.000,AUSTRALIAN DOLLAR - CHICAGO MERCANTILE EXCHANGE,76747,31596,16850,65296,123144,2017-04-11,45151,-48446
2017-04-18T00:00:00.000,AUSTRALIAN DOLLAR - CHICAGO MERCANTILE EXCHANGE,70392,27130,15228,61661,114453,2017-04-18,43262,-46433
2017-04-25T00:00:00.000,AUSTRALIAN DOLLAR - CHICAGO MERCANTILE EXCHANGE,64684,21982,18109,59978,108559,2017-04-25,42702,-41869
2017-05-02T00:00:00.000,AUSTRALIAN DOLLAR - CHICAGO MERCANTILE EXCHANGE,64169,21494,17149,57787,107876,2017-05-02,42675,-40638
2017-05-09T00:00:00.000,AUSTRALIAN DOLLAR - CHICAGO MERCANTILE EXCHANGE,56471,30687,38654,54711,120039,2017-05-09,25784,-16057
2017-05-16T00:00:00.000,AUSTRALIAN DOLLAR - CHICAGO MERCANTILE EXCHANGE,52244,45900,63428,54442,138755,2017-05-16,6344,8986
2017-05-23T00:00:00.000,AUSTRALIAN DOLLAR - CHICAGO MERCANTILE EXCHANGE,42892,40257,64102,55587,128250,2017-05-23,2635,8515
2017-05-30T00:00:00.000,AUSTRALIAN DOLLAR - CHICAGO MERCANTILE EXCHANGE,43148,40081,63520,56238,129388,2017-05-30,3067,7282
2017-06-06T00:00:00.000,AUSTRALIAN DOLLAR - CHICAGO MERCANTILE EXCHANGE,39101,39215,68531,60312,133572,2017-06-06,-114,8219
2017-06-13T00:00:00.000,AUSTRALIAN DOLLAR - CHICAGO MERCANTILE EXCHANGE,33134,34645,65992,59467,134959,2017-06-13,-1511,6525
2017-06-20T00:00:00.000,AUSTRALIAN DOLLAR - CHICAGO MERCANTILE EXCHANGE,42272,27239,12348,26545,81975,2017-06-20,15033,-14197
2017-06-27T00:00:00.000,AUSTRALIAN DOLLAR - CHICAGO MERCANTILE EXCHANGE,48906,29157,12980,33431,89953,2017-06-27,19749,-20451
2017-07-03T00:00:00.000,AUSTRALIAN DOLLAR - CHICAGO MERCANTILE EXCHANGE,57544,25130,12063,50973,100735,2017-07-03,32414,-38910
2017-07-11T00:00:00.000,AUSTRALIAN DOLLAR - CHICAGO MERCANTILE EXCHANGE,55950,19144,11922,53888,98130,2017-07-11,36806,-41966
2017-07-18T00:00:00.000,AUSTRALIAN DOLLAR - CHICAGO MERCANTILE EXCHANGE,69075,17719,11175,73624,117718,2017-07-18,51356,-62449
2017-07-25T00:00:00.000,AUSTRALIAN DOLLAR - CHICAGO MERCANTILE EXCHANGE,80799,24425,11844,83053,132765,2017-07-25,56374,-71209
2017-08-01T00:00:00.000,AUSTRALIAN DOLLAR - CHICAGO MERCANTILE EXCHANGE,85280,24567,13319,92907,139228,2017-08-01,60713,-79588
2017-08-08T00:00:00.000,AUSTRALIAN DOLLAR - CHICAGO MERCANTILE EXCHANGE,92077,34067,16430,91905,149911,2017-08-08,58010,-75475
2017-08-15T00:00:00.000,AUSTRALIAN DOLLAR - CHICAGO MERCANTILE EXCHANGE,93318,33706,17160,94625,149809,2017-08-15,59612,-77465
2017-08-22T00:00:00.000,AUSTRALIAN DOLLAR - CHICAGO MERCANTILE EXCHANGE,91558,31074,19484,95356,149592,2017-08-22,60484,-75872
2017-08-29T00:00:00.000,AUSTRALIAN DOLLAR - CHICAGO MERCANTILE EXCHANGE,100962,34435,20088,101502,159477,2017-08-29,66527,-81414
2017-09-05T00:00:00.000,AUSTRALIAN DOLLAR - CHICAGO MERCANTILE EXCHANGE,103353,38449,22559,105748,168171,2017-09-05,64904,-83189
2017-09-12T00:00:00.000,AUSTRALIAN DOLLAR - CHICAGO MERCANTILE EXCHANGE,101713,38680,31939,115192,187355,2017-09-12,63033,-83253
2017-09-19T00:00:00.000,AUSTRALIAN DOLLAR - CHICAGO MERCANTILE EXCHANGE,102990,30478,18702,105724,158733,2017-09-19,72512,-87022
2017-09-26T00:00:00.000,AUSTRALIAN DOLLAR - CHICAGO MERCANTILE EXCHANGE,103507,26313,14921,104186,154112,2017-09-26,77194,-89265
2017-10-03T00:00:00.000,AUSTRALIAN DOLLAR - CHICAGO MERCANTILE EXCHANGE,98499,26687,14774,96957,147098,2017-10-03,71812,-82183
2017-10-10T00:00:00.000,AUSTRALIAN DOLLAR - CHICAGO MERCANTILE EXCHANGE,93702,24520,12358,91755,140854,2017-10-10,69182,-79397
2017-10-17T00:00:00.000,AUSTRALIAN DOLLAR - CHICAGO MERCANTILE EXCHANGE,85763,23963,11903,86204,134145,2017-10-17,61800,-74301
2017-10-24T00:00:00.000,AUSTRALIAN DOLLAR - CHICAGO MERCANTILE EXCHANGE,85819,28569,13359,82097,134558,2017-10-24,57250,-68738
2017-10-31T00:00:00.000,AUSTRALIAN DOLLAR - CHICAGO MERCANTILE EXCHANGE,85422,33814,18420,70863,131999,2017-10-31,51608,-52443
2017-11-07T00:00:00.000,AUSTRALIAN DOLLAR - CHICAGO MERCANTILE EXCHANGE,75144,29707,21027,67161,125196,2017-11-07,45437,-46134
2017-11-14T00:00:00.000,AUSTRALIAN DOLLAR - CHICAGO MERCANTILE EXCHANGE,73155,29123,23527,68430,126097,2017-11-14,44032,-44903
2017-11-21T00:00:00.000,AUSTRALIAN DOLLAR - CHICAGO MERCANTILE EXCHANGE,78134,38317,27595,64409,132975,2017-11-21,39817,-36814
2017-11-28T00:00:00.000,AUSTRALIAN DOLLAR - CHICAGO MERCANTILE EXCHANGE,78202,39320,29788,64787,134805,2017-11-28,38882,-34999
2017-12-05T00:00:00.000,AUSTRALIAN DOLLAR - CHICAGO MERCANTILE EXCHANGE,83634,43306,29503,62576,139427,2017-12-05,40328,-33073
2017-12-12T00:00:00.000,AUSTRALIAN DOLLAR - CHICAGO MERCANTILE EXCHANGE,93384,52664,37288,65974,157029,2017-12-12,40720,-28686
2017-12-19T00:00:00.000,AUSTRALIAN DOLLAR - CHICAGO MERCANTILE EXCHANGE,38012,50672,46343,26026,105270,2017-12-19,-12660,20317
2017-12-26T00:00:00.000,AUSTRALIAN DOLLAR - CHICAGO MERCANTILE EXCHANGE,38210,51849,46400,31394,110525,2017-12-26,-13639,15006
2018-01-02T00:00:00.000,AUSTRALIAN DOLLAR - CHICAGO MERCANTILE EXCHANGE,45175,65201,46978,31445,123176,2018-01-02,-20026,15533
2018-01-09T00:00:00.000,AUSTRALIAN DOLLAR - CHICAGO MERCANTILE EXCHANGE,52347,46889,37398,50367,123463,2018-01-09,5458,-12969
2018-01-16T00:00:00.000,AUSTRALIAN DOLLAR - CHICAGO MERCANTILE EXCHANGE,50348,40274,41865,58561,123922,2018-01-16,10074,-16696
2018-01-23T00:00:00.000,AUSTRALIAN DOLLAR - CHICAGO MERCANTILE EXCHANGE,63551,46872,40162,68262,141176,2018-01-23,16679,-28100
2018-01-30T00:00:00.000,AUSTRALIAN DOLLAR - CHICAGO MERCANTILE EXCHANGE,63496,50345,38325,62688,140204,2018-01-30,13151,-24363
2018-02-06T00:00:00.000,AUSTRALIAN DOLLAR - CHICAGO MERCANTILE EXCHANGE,68273,54525,34538,60302,139810,2018-02-06,13748,-25764
2018-02-13T00:00:00.000,AUSTRALIAN DOLLAR - CHICAGO MERCANTILE EXCHANGE,49208,40127,32965,48963,113967,2018-02-13,9081,-15998
2018-02-20T00:00:00.000,AUSTRALIAN DOLLAR - CHICAGO MERCANTILE EXCHANGE,47170,35295,32814,50246,111159,2018-02-20,11875,-17432
2018-02-27T00:00:00.000,AUSTRALIAN DOLLAR - CHICAGO MERCANTILE EXCHANGE,47255,37681,32477,45598,111306,2018-02-27,9574,-13121
2018-03-06T00:00:00.000,AUSTRALIAN DOLLAR - CHICAGO MERCANTILE EXCHANGE,47469,44334,28372,33366,106051,2018-03-06,3135,-4994
2018-03-13T00:00:00.000,AUSTRALIAN DOLLAR - CHICAGO MERCANTILE EXCHANGE,38366,39145,34070,37221,106473,2018-03-13,-779,-3151
2018-03-20T00:00:00.000,AUSTRALIAN DOLLAR - CHICAGO MERCANTILE EXCHANGE,53750,35825,18312,32262,97255,2018-03-20,17925,-13950
2018-03-27T00:00:00.000,AUSTRALIAN DOLLAR - CHICAGO MERCANTILE EXCHANGE,51072,42998,29055,32096,104797,2018-03-27,8074,-3041
2018-04-03T00:00:00.000,AUSTRALIAN DOLLAR - CHICAGO MERCANTILE EXCHANGE,46152,46227,36814,31908,108830,2018-04-03,-75,4906
2018-04-10T00:00:00.000,AUSTRALIAN DOLLAR - CHICAGO MERCANTILE EXCHANGE,38793,41589,40843,32907,104209,2018-04-10,-2796,7936
2018-04-17T00:00:00.000,AUSTRALIAN DOLLAR - CHICAGO MERCANTILE EXCHANGE,29832,39987,41794,32133,99720,2018-04-17,-10155,9661
2018-04-24T00:00:00.000,AUSTRALIAN DOLLAR - CHICAGO MERCANTILE EXCHANGE,49580,52976,49598,34595,122645,2018-04-24,-3396,15003
2018-05-01T00:00:00.000,AUSTRALIAN DOLLAR - CHICAGO MERCANTILE EXCHANGE,63321,68993,56868,35939,145711,2018-05-01,-5672,20929
2018-05-08T00:00:00.000,AUSTRALIAN DOLLAR - CHICAGO MERCANTILE EXCHANGE,62751,79517,71721,38213,160224,2018-05-08,-16766,33508
2018-05-15T00:00:00.000,AUSTRALIAN DOLLAR - CHICAGO MERCANTILE EXCHANGE,72514,95620,79458,35162,173515,2018-05-15,-23106,44296
2018-05-22T00:00:00.000,AUSTRALIAN DOLLAR - CHICAGO MERCANTILE EXCHANGE,56063,77175,73776,30864,150320,2018-05-22,-21112,42912
2018-05-29T00:00:00.000,AUSTRALIAN DOLLAR - CHICAGO MERCANTILE EXCHANGE,58656,81891,73856,32534,155973,2018-05-29,-23235,41322
2018-06-05T00:00:00.000,AUSTRALIAN DOLLAR - CHICAGO MERCANTILE EXCHANGE,51719,71927,70654,34052,143872,2018-06-05,-20208,36602
2018-06-12T00:00:00.000,AUSTRALIAN DOLLAR - CHICAGO MERCANTILE EXCHANGE,45318,60553,65457,36391,137724,2018-06-12,-15235,29066
2018-06-19T00:00:00.000,AUSTRALIAN DOLLAR - CHICAGO MERCANTILE EXCHANGE,32212,75311,81295,20747,135854,2018-06-19,-43099,60548
2018-06-26T00:00:00.000,AUSTRALIAN DOLLAR - CHICAGO MERCANTILE EXCHANGE,33105,74083,83884,21126,137795,2018-06-26,-40978,62758
2018-07-03T00:00:00.000,AUSTRALIAN DOLLAR - CHICAGO MERCANTILE EXCHANGE,35061,74291,85361,22815,141049,2018-07-03,-39230,62546
2018-07-10T00:00:00.000,AUSTRALIAN DOLLAR - CHICAGO MERCANTILE EXCHANGE,30112,71085,85184,22304,135171,2018-07-10,-40973,62880
2018-07-17T00:00:00.000,AUSTRALIAN DOLLAR - CHICAGO MERCANTILE EXCHANGE,28530,69055,84062,22798,132268,2018-07-17,-40525,61264
2018-07-24T00:00:00.000,AUSTRALIAN DOLLAR - CHICAGO MERCANTILE EXCHANGE,22676,68162,91104,26089,133557,2018-07-24,-45486,65015
2018-07-31T00:00:00.000,AUSTRALIAN DOLLAR - CHICAGO MERCANTILE EXCHANGE,21642,73118,95089,23942,137325,2018-07-31,-51476,71147
2018-08-07T00:00:00.000,AUSTRALIAN DOLLAR - CHICAGO MERCANTILE EXCHANGE,21364,75904,99840,23223,141237,2018-08-07,-54540,76617
2018-08-14T00:00:00.000,AUSTRALIAN DOLLAR - CHICAGO MERCANTILE EXCHANGE,25649,77432,101102,25328,149238,2018-08-14,-51783,75774
2018-08-21T00:00:00.000,AUSTRALIAN DOLLAR - CHICAGO MERCANTILE EXCHANGE,25528,75735,100385,24192,145299,2018-08-21,-50207,76193
2018-08-28T00:00:00.000,AUSTRALIAN DOLLAR - CHICAGO MERCANTILE EXCHANGE,24792,69425,95798,29591,141344,2018-08-28,-44633,66207
2018-09-04T00:00:00.000,AUSTRALIAN DOLLAR - CHICAGO MERCANTILE EXCHANGE,31772,75803,102691,34877,156234,2018-09-04,-44031,67814
2018-09-11T00:00:00.000,AUSTRALIAN DOLLAR - CHICAGO MERCANTILE EXCHANGE,48230,92542,101451,34606,176761,2018-09-11,-44312,66845
2018-09-18T00:00:00.000,AUSTRALIAN DOLLAR - CHICAGO MERCANTILE EXCHANGE,26231,94234,115478,21693,162860,2018-09-18,-68003,93785
2018-09-25T00:00:00.000,AUSTRALIAN DOLLAR - CHICAGO MERCANTILE EXCHANGE,21888,93949,114724,21213,158761,2018-09-25,-72061,93511
2018-10-02T00:00:00.000,AUSTRALIAN DOLLAR - CHICAGO MERCANTILE EXCHANGE,20470,92188,112337,22090,154671,2018-10-02,-71718,90247
2018-10-09T00:00:00.000,AUSTRALIAN DOLLAR - CHICAGO MERCANTILE EXCHANGE,25596,98880,118989,25120,170758,2018-10-09,-73284,93869
2018-10-16T00:00:00.000,AUSTRALIAN DOLLAR - CHICAGO MERCANTILE EXCHANGE,19849,91340,114572,21667,155988,2018-10-16,-71491,92905
2018-10-23T00:00:00.000,AUSTRALIAN DOLLAR - CHICAGO MERCANTILE EXCHANGE,20207,90575,112791,22859,157539,2018-10-23,-70368,89932
2018-10-30T00:00:00.000,AUSTRALIAN DOLLAR - CHICAGO MERCANTILE EXCHANGE,22379,92791,118814,25412,164840,2018-10-30,-70412,93402
2018-11-06T00:00:00.000,AUSTRALIAN DOLLAR - CHICAGO MERCANTILE EXCHANGE,20825,87270,107738,23914,150565,2018-11-06,-66445,83824
2018-11-13T00:00:00.000,AUSTRALIAN DOLLAR - CHICAGO MERCANTILE EXCHANGE,18800,78580,102833,26861,146295,2018-11-13,-59780,75972
2018-11-20T00:00:00.000,AUSTRALIAN DOLLAR - CHICAGO MERCANTILE EXCHANGE,15968,75148,100111,30275,141872,2018-11-20,-59180,69836
2018-11-27T00:00:00.000,AUSTRALIAN DOLLAR - CHICAGO MERCANTILE EXCHANGE,12168,66071,100080,32098,136796,2018-11-27,-53903,67982
2018-12-04T00:00:00.000,AUSTRALIAN DOLLAR - CHICAGO MERCANTILE EXCHANGE,16743,67498,104601,43770,148755,2018-12-04,-50755,60831
2018-12-11T00:00:00.000,AUSTRALIAN DOLLAR - CHICAGO MERCANTILE EXCHANGE,14520,60051,101796,46175,148414,2018-12-11,-45531,55621
2018-12-18T00:00:00.000,AUSTRALIAN DOLLAR - CHICAGO MERCANTILE EXCHANGE,17970,53039,70380,22177,112262,2018-12-18,-35069,48203
2018-12-24T00:00:00.000,AUSTRALIAN DOLLAR - CHICAGO MERCANTILE EXCHANGE,22653,53914,68742,25759,117693,2018-12-24,-31261,42983
2018-12-31T00:00:00.000,AUSTRALIAN DOLLAR - CHICAGO MERCANTILE EXCHANGE,27919,54210,69453,26535,122428,2018-12-31,-26291,42918
2019-01-08T00:00:00.000,AUSTRALIAN DOLLAR - CHICAGO MERCANTILE EXCHANGE,22345,60120,81875,26573,127476,2019-01-08,-37775,55302
2019-01-15T00:00:00.000,AUSTRALIAN DOLLAR - CHICAGO MERCANTILE EXCHANGE,21029,58998,81689,28771,125344,2019-01-15,-37969,52918
2019-01-22T00:00:00.000,AUSTRALIAN DOLLAR - CHICAGO MERCANTILE EXCHANGE,17580,53643,79775,30002,120516,2019-01-22,-36063,49773
2019-01-29T00:00:00.000,AUSTRALIAN DOLLAR - CHICAGO MERCANTILE EXCHANGE,21112,53224,78875,33327,121855,2019-01-29,-32112,45548
2019-02-05T00:00:00.000,AUSTRALIAN DOLLAR - CHICAGO MERCANTILE EXCHANGE,18997,54614,74270,32277,120590,2019-02-05,-35617,41993
2019-02-12T00:00:00.000,AUSTRALIAN DOLLAR - CHICAGO MERCANTILE EXCHANGE,18677,53172,83336,36107,127343,2019-02-12,-34495,47229
2019-02-19T00:00:00.000,AUSTRALIAN DOLLAR - CHICAGO MERCANTILE EXCHANGE,17626,54694,84466,34301,129223,2019-02-19,-37068,50165
2019-02-26T00:00:00.000,AUSTRALIAN DOLLAR - CHICAGO MERCANTILE EXCHANGE,18802,54545,87345,36941,130502,2019-02-26,-35743,50404
2019-03-05T00:00:00.000,AUSTRALIAN DOLLAR - CHICAGO MERCANTILE EXCHANGE,22597,63338,93097,37291,141773,2019-03-05,-40741,55806
2019-03-12T00:00:00.000,AUSTRALIAN DOLLAR - CHICAGO MERCANTILE EXCHANGE,25440,69139,106757,47379,163073,2019-03-12,-43699,59378
2019-03-19T00:00:00.000,AUSTRALIAN DOLLAR - CHICAGO MERCANTILE EXCHANGE,20513,72415,92717,27589,142382,2019-03-19,-51902,65128
2019-03-26T00:00:00.000,AUSTRALIAN DOLLAR - CHICAGO MERCANTILE EXCHANGE,22879,76549,94623,24403,141322,2019-03-26,-53670,70220
2019-04-02T00:00:00.000,AUSTRALIAN DOLLAR - CHICAGO MERCANTILE EXCHANGE,26551,82294,95264,25653,149828,2019-04-02,-55743,69611
2019-04-09T00:00:00.000,AUSTRALIAN DOLLAR - CHICAGO MERCANTILE EXCHANGE,28481,82897,93894,25128,146576,2019-04-09,-54416,68766
2019-04-16T00:00:00.000,AUSTRALIAN DOLLAR - CHICAGO MERCANTILE EXCHANGE,29791,76671,88873,26403,140674,2019-04-16,-46880,62470
2019-04-23T00:00:00.000,AUSTRALIAN DOLLAR - CHICAGO MERCANTILE EXCHANGE,28754,79203,89802,21781,142394,2019-04-23,-50449,68021
2019-04-30T00:00:00.000,AUSTRALIAN DOLLAR - CHICAGO MERCANTILE EXCHANGE,30520,89525,104455,25158,159857,2019-04-30,-59005,79297
2019-05-07T00:00:00.000,AUSTRALIAN DOLLAR - CHICAGO MERCANTILE EXCHANGE,32291,89340,102979,26196,162579,2019-05-07,-57049,76783
2019-05-14T00:00:00.000,AUSTRALIAN DOLLAR - CHICAGO MERCANTILE EXCHANGE,29130,93176,104319,27412,165582,2019-05-14,-64046,76907
2019-05-21T00:00:00.000,AUSTRALIAN DOLLAR - CHICAGO MERCANTILE EXCHANGE,39757,105868,109635,30466,183247,2019-05-21,-66111,79169
2019-05-28T00:00:00.000,AUSTRALIAN DOLLAR - CHICAGO MERCANTILE EXCHANGE,38653,105046,110339,29753,179990,2019-05-28,-66393,80586
2019-06-04T00:00:00.000,AUSTRALIAN DOLLAR - CHICAGO MERCANTILE EXCHANGE,36304,99595,104571,26179,170251,2019-06-04,-63291,78392
2019-06-11T00:00:00.000,AUSTRALIAN DOLLAR - CHICAGO MERCANTILE EXCHANGE,32447,95673,128190,53894,198112,2019-06-11,-63226,74296
2019-06-18T00:00:00.000,AUSTRALIAN DOLLAR - CHICAGO MERCANTILE EXCHANGE,43352,108215,103974,24195,178401,2019-06-18,-64863,79779
2019-06-25T00:00:00.000,AUSTRALIAN DOLLAR - CHICAGO MERCANTILE EXCHANGE,30526,96846,104222,26423,164741,2019-06-25,-66320,77799
2019-07-02T00:00:00.000,AUSTRALIAN DOLLAR - CHICAGO MERCANTILE EXCHANGE,34840,93575,98007,29627,162186,2019-07-02,-58735,68380
2019-07-09T00:00:00.000,AUSTRALIAN DOLLAR - CHICAGO MERCANTILE EXCHANGE,31850,85857,96527,31911,158794,2019-07-09,-54007,64616
2019-07-16T00:00:00.000,AUSTRALIAN DOLLAR - CHICAGO MERCANTILE EXCHANGE,31843,84419,97244,37725,157734,2019-07-16,-52576,59519
2019-07-23T00:00:00.000,AUSTRALIAN DOLLAR - CHICAGO MERCANTILE EXCHANGE,29500,77480,90564,37275,150525,2019-07-23,-47980,53289
2019-07-30T00:00:00.000,AUSTRALIAN DOLLAR - CHICAGO MERCANTILE EXCHANGE,35450,88892,94555,34339,162988,2019-07-30,-53442,60216
2019-08-06T00:00:00.000,AUSTRALIAN DOLLAR - CHICAGO MERCANTILE EXCHANGE,42314,97825,101373,37743,178023,2019-08-06,-55511,63630
2019-08-13T00:00:00.000,AUSTRALIAN DOLLAR - CHICAGO MERCANTILE EXCHANGE,36304,99216,107151,33598,175597,2019-08-13,-62912,73553
2019-08-20T00:00:00.000,AUSTRALIAN DOLLAR - CHICAGO MERCANTILE EXCHANGE,32358,95139,106719,32822,169175,2019-08-20,-62781,73897
2019-08-27T00:00:00.000,AUSTRALIAN DOLLAR - CHICAGO MERCANTILE EXCHANGE,31850,92882,102382,29039,165752,2019-08-27,-61032,73343
2019-09-03T00:00:00.000,AUSTRALIAN DOLLAR - CHICAGO MERCANTILE EXCHANGE,34089,93407,107251,39293,174021,2019-09-03,-59318,67958
2019-09-10T00:00:00.000,AUSTRALIAN DOLLAR - CHICAGO MERCANTILE EXCHANGE,36994,90008,106088,45529,182355,2019-09-10,-53014,60559
2019-09-17T00:00:00.000,AUSTRALIAN DOLLAR - CHICAGO MERCANTILE EXCHANGE,34566,74648,76139,27646,138052,2019-09-17,-40082,48493
2019-09-24T00:00:00.000,AUSTRALIAN DOLLAR - CHICAGO MERCANTILE EXCHANGE,46244,93399,85567,29798,160872,2019-09-24,-47155,55769
2019-10-01T00:00:00.000,AUSTRALIAN DOLLAR - CHICAGO MERCANTILE EXCHANGE,46909,99211,92776,31137,171940,2019-10-01,-52302,61639
2019-10-08T00:00:00.000,AUSTRALIAN DOLLAR - CHICAGO MERCANTILE EXCHANGE,43328,90272,93277,37433,168839,2019-10-08,-46944,55844
2019-10-15T00:00:00.000,AUSTRALIAN DOLLAR - CHICAGO MERCANTILE EXCHANGE,42162,89767,90704,35866,163884,2019-10-15,-47605,54838
2019-10-22T00:00:00.000,AUSTRALIAN DOLLAR - CHICAGO MERCANTILE EXCHANGE,38170,82156,87692,37098,157200,2019-10-22,-43986,50594
2019-10-29T00:00:00.000,AUSTRALIAN DOLLAR - CHICAGO MERCANTILE EXCHANGE,36831,77118,83476,38117,153444,2019-10-29,-40287,45359
2019-11-05T00:00:00.000,AUSTRALIAN DOLLAR - CHICAGO MERCANTILE EXCHANGE,49832,76626,78925,45650,161411,2019-11-05,-26794,33275
2019-11-12T00:00:00.000,AUSTRALIAN DOLLAR - CHICAGO MERCANTILE EXCHANGE,41261,82070,87164,43025,160129,2019-11-12,-40809,44139
2019-11-19T00:00:00.000,AUSTRALIAN DOLLAR - CHICAGO MERCANTILE EXCHANGE,43871,91111,98695,46234,172425,2019-11-19,-47240,52461
2019-11-26T00:00:00.000,AUSTRALIAN DOLLAR - CHICAGO MERCANTILE EXCHANGE,52639,97994,100068,51305,184471,2019-11-26,-45355,48763
2019-12-03T00:00:00.000,AUSTRALIAN DOLLAR - CHICAGO MERCANTILE EXCHANGE,57550,93983,94723,56145,185828,2019-12-03,-36433,38578
2019-12-10T00:00:00.000,AUSTRALIAN DOLLAR - CHICAGO MERCANTILE EXCHANGE,46614,83422,101174,62265,181496,2019-12-10,-36808,38909
2019-12-17T00:00:00.000,AUSTRALIAN DOLLAR - CHICAGO MERCANTILE EXCHANGE,33294,79872,90892,41782,153504,2019-12-17,-46578,49110
2019-12-24T00:00:00.000,AUSTRALIAN DOLLAR - CHICAGO MERCANTILE EXCHANGE,39526,85690,89022,39846,155810,2019-12-24,-46164,49176
2019-12-31T00:00:00.000,AUSTRALIAN DOLLAR - CHICAGO MERCANTILE EXCHANGE,49430,87769,84632,48224,164305,2019-12-31,-38339,36408
2020-01-07T00:00:00.000,AUSTRALIAN DOLLAR - CHICAGO MERCANTILE EXCHANGE,52063,79312,66191,50531,157739,2020-01-07,-27249,15660
2020-01-14T00:00:00.000,AUSTRALIAN DOLLAR - CHICAGO MERCANTILE EXCHANGE,43769,64318,63913,48870,144568,2020-01-14,-20549,15043
2020-01-21T00:00:00.000,AUSTRALIAN DOLLAR - CHICAGO MERCANTILE EXCHANGE,42359,61660,65728,46445,139478,2020-01-21,-19301,19283
2020-01-28T00:00:00.000,AUSTRALIAN DOLLAR - CHICAGO MERCANTILE EXCHANGE,44662,72182,77258,45879,156721,2020-01-28,-27520,31379
2020-02-04T00:00:00.000,AUSTRALIAN DOLLAR - CHICAGO MERCANTILE EXCHANGE,48368,91665,98191,48949,180856,2020-02-04,-43297,49242
2020-02-11T00:00:00.000,AUSTRALIAN DOLLAR - CHICAGO MERCANTILE EXCHANGE,48188,80856,96321,56891,177528,2020-02-11,-32668,39430
2020-02-18T00:00:00.000,AUSTRALIAN DOLLAR - CHICAGO MERCANTILE EXCHANGE,47989,85466,101646,60714,187455,2020-02-18,-37477,40932
2020-02-25T00:00:00.000,AUSTRALIAN DOLLAR - CHICAGO MERCANTILE EXCHANGE,56684,100536,121783,71918,213324,2020-02-25,-43852,49865
2020-03-03T00:00:00.000,AUSTRALIAN DOLLAR - CHICAGO MERCANTILE EXCHANGE,64846,116799,133455,68215,223084,2020-03-03,-51953,65240
2020-03-10T00:00:00.000,AUSTRALIAN DOLLAR - CHICAGO MERCANTILE EXCHANGE,49757,103770,133836,67971,211243,2020-03-10,-54013,65865
2020-03-17T00:00:00.000,AUSTRALIAN DOLLAR - CHICAGO MERCANTILE EXCHANGE,39246,67979,88902,50077,149878,2020-03-17,-28733,38825
2020-03-24T00:00:00.000,AUSTRALIAN DOLLAR - CHICAGO MERCANTILE EXCHANGE,31024,56231,85562,48337,135097,2020-03-24,-25207,37225
2020-03-31T00:00:00.000,AUSTRALIAN DOLLAR - CHICAGO MERCANTILE EXCHANGE,27315,58979,87450,42986,130982,2020-03-31,-31664,44464
2020-04-07T00:00:00.000,AUSTRALIAN DOLLAR - CHICAGO MERCANTILE EXCHANGE,26483,61881,86869,38875,130056,2020-04-07,-35398,47994
2020-04-14T00:00:00.000,AUSTRALIAN DOLLAR - CHICAGO MERCANTILE EXCHANGE,22037,57591,90406,39133,128258,2020-04-14,-35554,51273
2020-04-21T00:00:00.000,AUSTRALIAN DOLLAR - CHICAGO MERCANTILE EXCHANGE,21452,56272,89976,39083,126180,2020-04-21,-34820,50893
2020-04-28T00:00:00.000,AUSTRALIAN DOLLAR - CHICAGO MERCANTILE EXCHANGE,21736,59477,89749,39533,129162,2020-04-28,-37741,50216
2020-05-05T00:00:00.000,AUSTRALIAN DOLLAR - CHICAGO MERCANTILE EXCHANGE,23541,56996,90061,41987,129293,2020-05-05,-33455,48074
2020-05-12T00:00:00.000,AUSTRALIAN DOLLAR - CHICAGO MERCANTILE EXCHANGE,23719,59144,89686,39723,129264,2020-05-12,-35425,49963
2020-05-19T00:00:00.000,AUSTRALIAN DOLLAR - CHICAGO MERCANTILE EXCHANGE,25301,64859,91226,39980,132797,2020-05-19,-39558,51246
2020-05-26T00:00:00.000,AUSTRALIAN DOLLAR - CHICAGO MERCANTILE EXCHANGE,25530,66068,94516,40279,136920,2020-05-26,-40538,54237
2020-06-02T00:00:00.000,AUSTRALIAN DOLLAR - CHICAGO MERCANTILE EXCHANGE,26571,67362,91638,37786,135378,2020-06-02,-40791,53852
2020-06-09T00:00:00.000,AUSTRALIAN DOLLAR - CHICAGO MERCANTILE EXCHANGE,29912,66487,87115,43474,138936,2020-06-09,-36575,43641
2020-06-16T00:00:00.000,AUSTRALIAN DOLLAR - CHICAGO MERCANTILE EXCHANGE,31685,38217,39081,31889,90803,2020-06-16,-6532,7192
2020-06-23T00:00:00.000,AUSTRALIAN DOLLAR - CHICAGO MERCANTILE EXCHANGE,35974,40784,38500,32502,93782,2020-06-23,-4810,5998
2020-06-30T00:00:00.000,AUSTRALIAN DOLLAR - CHICAGO MERCANTILE EXCHANGE,40025,42933,41029,34920,100658,2020-06-30,-2908,6109
2020-07-07T00:00:00.000,AUSTRALIAN DOLLAR - CHICAGO MERCANTILE EXCHANGE,44740,45434,38279,40090,105115,2020-07-07,-694,-1811
2020-07-14T00:00:00.000,AUSTRALIAN DOLLAR - CHICAGO MERCANTILE EXCHANGE,45543,41293,40756,44908,107237,2020-07-14,4250,-4152
2020-07-21T00:00:00.000,AUSTRALIAN DOLLAR - CHICAGO MERCANTILE EXCHANGE,41778,41983,42632,43078,108952,2020-07-21,-205,-446
2020-07-28T00:00:00.000,AUSTRALIAN DOLLAR - CHICAGO MERCANTILE EXCHANGE,42402,47414,45814,45768,113682,2020-07-28,-5012,46
2020-08-04T00:00:00.000,AUSTRALIAN DOLLAR - CHICAGO MERCANTILE EXCHANGE,45465,46513,45444,52952,120274,2020-08-04,-1048,-7508
2020-08-11T00:00:00.000,AUSTRALIAN DOLLAR - CHICAGO MERCANTILE EXCHANGE,47321,50809,46317,50026,122210,2020-08-11,-3488,-3709
2020-08-18T00:00:00.000,AUSTRALIAN DOLLAR - CHICAGO MERCANTILE EXCHANGE,48489,51789,45335,51840,124931,2020-08-18,-3300,-6505
2020-08-25T00:00:00.000,AUSTRALIAN DOLLAR - CHICAGO MERCANTILE EXCHANGE,51131,55030,46395,51927,127505,2020-08-25,-3899,-5532
2020-09-01T00:00:00.000,AUSTRALIAN DOLLAR - CHICAGO MERCANTILE EXCHANGE,58190,58355,47313,58360,137131,2020-09-01,-165,-11047
2020-09-08T00:00:00.000,AUSTRALIAN DOLLAR - CHICAGO MERCANTILE EXCHANGE,57097,59141,51276,60542,144091,2020-09-08,-2044,-9266
2020-09-15T00:00:00.000,AUSTRALIAN DOLLAR - CHICAGO MERCANTILE EXCHANGE,59687,43468,43307,68561,131814,2020-09-15,16219,-25254
2020-09-22T00:00:00.000,AUSTRALIAN DOLLAR - CHICAGO MERCANTILE EXCHANGE,60713,44374,45151,66731,133214,2020-09-22,16339,-21580
2020-09-29T00:00:00.000,AUSTRALIAN DOLLAR - CHICAGO MERCANTILE EXCHANGE,53816,44879,48694,62703,128448,2020-09-29,8937,-14009
2020-10-06T00:00:00.000,AUSTRALIAN DOLLAR - CHICAGO MERCANTILE EXCHANGE,61379,50532,44861,60822,132119,2020-10-06,10847,-15961
2020-10-13T00:00:00.000,AUSTRALIAN DOLLAR - CHICAGO MERCANTILE EXCHANGE,63863,60009,46258,58761,137281,2020-10-13,3854,-12503
2020-10-20T00:00:00.000,AUSTRALIAN DOLLAR - CHICAGO MERCANTILE EXCHANGE,61147,54392,44413,60360,134220,2020-10-20,6755,-15947
2020-10-27T00:00:00.000,AUSTRALIAN DOLLAR - CHICAGO MERCANTILE EXCHANGE,59696,50806,44741,61047,130361,2020-10-27,8890,-16306
2020-11-03T00:00:00.000,AUSTRALIAN DOLLAR - CHICAGO MERCANTILE EXCHANGE,56529,57843,52543,57744,134352,2020-11-03,-1314,-5201
2020-11-10T00:00:00.000,AUSTRALIAN DOLLAR - CHICAGO MERCANTILE EXCHANGE,49371,58091,53794,51538,130615,2020-11-10,-8720,2256
2020-11-17T00:00:00.000,AUSTRALIAN DOLLAR - CHICAGO MERCANTILE EXCHANGE,48831,54954,51163,55627,129737,2020-11-17,-6123,-4464
2020-11-24T00:00:00.000,AUSTRALIAN DOLLAR - CHICAGO MERCANTILE EXCHANGE,51679,56956,50373,53842,131531,2020-11-24,-5277,-3469
2020-12-01T00:00:00.000,AUSTRALIAN DOLLAR - CHICAGO MERCANTILE EXCHANGE,45453,56253,51743,56725,130727,2020-12-01,-10800,-4982
2020-12-08T00:00:00.000,AUSTRALIAN DOLLAR - CHICAGO MERCANTILE EXCHANGE,50650,60757,64389,71469,160280,2020-12-08,-10107,-7080
2020-12-15T00:00:00.000,AUSTRALIAN DOLLAR - CHICAGO MERCANTILE EXCHANGE,45786,55111,45513,55118,127016,2020-12-15,-9325,-9605
2020-12-21T00:00:00.000,AUSTRALIAN DOLLAR - CHICAGO MERCANTILE EXCHANGE,53323,57742,48497,58169,136013,2020-12-21,-4419,-9672
2020-12-29T00:00:00.000,AUSTRALIAN DOLLAR - CHICAGO MERCANTILE EXCHANGE,53827,60333,48369,61082,138309,2020-12-29,-6506,-12713
2021-01-05T00:00:00.000,AUSTRALIAN DOLLAR - CHICAGO MERCANTILE EXCHANGE,59738,63645,48589,62298,146093,2021-01-05,-3907,-13709
2021-01-12T00:00:00.000,AUSTRALIAN DOLLAR - CHICAGO MERCANTILE EXCHANGE,60450,54994,50727,68740,144614,2021-01-12,5456,-18013
2021-01-19T00:00:00.000,AUSTRALIAN DOLLAR - CHICAGO MERCANTILE EXCHANGE,59927,55067,48604,70740,144283,2021-01-19,4860,-22136
2021-01-26T00:00:00.000,AUSTRALIAN DOLLAR - CHICAGO MERCANTILE EXCHANGE,56372,55601,49695,67333,143073,2021-01-26,771,-17638
2021-02-02T00:00:00.000,AUSTRALIAN DOLLAR - CHICAGO MERCANTILE EXCHANGE,55768,57235,49919,65838,142644,2021-02-02,-1467,-15919
2021-02-09T00:00:00.000,AUSTRALIAN DOLLAR - CHICAGO MERCANTILE EXCHANGE,55931,56147,47319,63010,140497,2021-02-09,-216,-15691
2021-02-16T00:00:00.000,AUSTRALIAN DOLLAR - CHICAGO MERCANTILE EXCHANGE,54675,57496,48431,62601,140954,2021-02-16,-2821,-14170
2021-02-23T00:00:00.000,AUSTRALIAN DOLLAR - CHICAGO MERCANTILE EXCHANGE,55664,57300,49301,67172,145261,2021-02-23,-1636,-17871
2021-03-02T00:00:00.000,AUSTRALIAN DOLLAR - CHICAGO MERCANTILE EXCHANGE,61047,55006,49676,72272,149904,2021-03-02,6041,-22596
2021-03-09T00:00:00.000,AUSTRALIAN DOLLAR - CHICAGO MERCANTILE EXCHANGE,61848,53773,47413,68322,150330,2021-03-09,8075,-20909
2021-03-16T00:00:00.000,AUSTRALIAN DOLLAR - CHICAGO MERCANTILE EXCHANGE,57840,50220,39964,60410,129421,2021-03-16,7620,-20446
2021-03-23T00:00:00.000,AUSTRALIAN DOLLAR - CHICAGO MERCANTILE EXCHANGE,59032,53090,40903,60124,133276,2021-03-23,5942,-19221
2021-03-30T00:00:00.000,AUSTRALIAN DOLLAR - CHICAGO MERCANTILE EXCHANGE,66607,54344,42450,61087,137335,2021-03-30,12263,-18637
2021-04-06T00:00:00.000,AUSTRALIAN DOLLAR - CHICAGO MERCANTILE EXCHANGE,62991,58925,44308,59802,137218,2021-04-06,4066,-15494
2021-04-13T00:00:00.000,AUSTRALIAN DOLLAR - CHICAGO MERCANTILE EXCHANGE,64031,60272,45433,58979,139633,2021-04-13,3759,-13546
2021-04-20T00:00:00.000,AUSTRALIAN DOLLAR - CHICAGO MERCANTILE EXCHANGE,56723,58529,46349,60639,136167,2021-04-20,-1806,-14290
2021-04-27T00:00:00.000,AUSTRALIAN DOLLAR - CHICAGO MERCANTILE EXCHANGE,59735,61145,46828,61967,140736,2021-04-27,-1410,-15139
2021-05-04T00:00:00.000,AUSTRALIAN DOLLAR - CHICAGO MERCANTILE EXCHANGE,58385,56909,46969,62148,137649,2021-05-04,1476,-15179
2021-05-11T00:00:00.000,AUSTRALIAN DOLLAR - CHICAGO MERCANTILE EXCHANGE,59158,56742,45644,66213,140907,2021-05-11,2416,-20569
2021-05-18T00:00:00.000,AUSTRALIAN DOLLAR - CHICAGO MERCANTILE EXCHANGE,57862,54860,47486,65373,137436,2021-05-18,3002,-17887
2021-05-25T00:00:00.000,AUSTRALIAN DOLLAR - CHICAGO MERCANTILE EXCHANGE,55098,55907,49401,62190,134790,2021-05-25,-809,-12789
2021-06-01T00:00:00.000,AUSTRALIAN DOLLAR - CHICAGO MERCANTILE EXCHANGE,55385,57310,47419,59432,135182,2021-06-01,-1925,-12013
2021-06-08T00:00:00.000,AUSTRALIAN DOLLAR - CHICAGO MERCANTILE EXCHANGE,48150,57587,60293,64596,148640,2021-06-08,-9437,-4303
2021-06-15T00:00:00.000,AUSTRALIAN DOLLAR - CHICAGO MERCANTILE EXCHANGE,40139,58019,56902,46546,124137,2021-06-15,-17880,10356
2021-06-22T00:00:00.000,AUSTRALIAN DOLLAR - CHICAGO MERCANTILE EXCHANGE,56133,73708,67907,47559,147814,2021-06-22,-17575,20348
2021-06-29T00:00:00.000,AUSTRALIAN DOLLAR - CHICAGO MERCANTILE EXCHANGE,48824,66624,65391,49139,140482,2021-06-29,-17800,16252
2021-07-06T00:00:00.000,AUSTRALIAN DOLLAR - CHICAGO MERCANTILE EXCHANGE,53352,78222,68894,42409,147352,2021-07-06,-24870,26485
2021-07-13T00:00:00.000,AUSTRALIAN DOLLAR - CHICAGO MERCANTILE EXCHANGE,56721,85509,76758,42155,155995,2021-07-13,-28788,34603
2021-07-20T00:00:00.000,AUSTRALIAN DOLLAR - CHICAGO MERCANTILE EXCHANGE,57072,92762,84561,39577,163574,2021-07-20,-35690,44984
2021-07-27T00:00:00.000,AUSTRALIAN DOLLAR - CHICAGO MERCANTILE EXCHANGE,57415,96762,89675,38072,167840,2021-07-27,-39347,51603
2021-08-03T00:00:00.000,AUSTRALIAN DOLLAR - CHICAGO MERCANTILE EXCHANGE,57742,99025,89342,37905,169889,2021-08-03,-41283,51437
2021-08-10T00:00:00.000,AUSTRALIAN DOLLAR - CHICAGO MERCANTILE EXCHANGE,57323,106636,94109,29861,171742,2021-08-10,-49313,64248
2021-08-17T00:00:00.000,AUSTRALIAN DOLLAR - CHICAGO MERCANTILE EXCHANGE,64169,114536,101694,31985,186948,2021-08-17,-50367,69709
2021-08-24T00:00:00.000,AUSTRALIAN DOLLAR - CHICAGO MERCANTILE EXCHANGE,60964,117564,116451,38991,197636,2021-08-24,-56600,77460
2021-08-31T00:00:00.000,AUSTRALIAN DOLLAR - CHICAGO MERCANTILE EXCHANGE,47384,107462,114931,33350,182084,2021-08-31,-60078,81581
2021-09-07T00:00:00.000,AUSTRALIAN DOLLAR - CHICAGO MERCANTILE EXCHANGE,32496,102984,116164,32709,173484,2021-09-07,-70488,83455
2021-09-14T00:00:00.000,AUSTRALIAN DOLLAR - CHICAGO MERCANTILE EXCHANGE,13116,96499,131163,35130,164727,2021-09-14,-83383,96033
2021-09-21T00:00:00.000,AUSTRALIAN DOLLAR - CHICAGO MERCANTILE EXCHANGE,24746,110330,141655,39353,185492,2021-09-21,-85584,102302
2021-09-28T00:00:00.000,AUSTRALIAN DOLLAR - CHICAGO MERCANTILE EXCHANGE,18407,104790,143863,39165,180869,2021-09-28,-86383,104698
2021-10-05T00:00:00.000,AUSTRALIAN DOLLAR - CHICAGO MERCANTILE EXCHANGE,17471,107450,151501,42808,188691,2021-10-05,-89979,108693
2021-10-12T00:00:00.000,AUSTRALIAN DOLLAR - CHICAGO MERCANTILE EXCHANGE,11193,98801,146176,44176,177932,2021-10-12,-87608,102000
2021-10-19T00:00:00.000,AUSTRALIAN DOLLAR - CHICAGO MERCANTILE EXCHANGE,11632,87690,121502,40191,158531,2021-10-19,-76058,81311
2021-10-26T00:00:00.000,AUSTRALIAN DOLLAR - CHICAGO MERCANTILE EXCHANGE,17448,92694,117662,41263,160011,2021-10-26,-75246,76399
2021-11-02T00:00:00.000,AUSTRALIAN DOLLAR - CHICAGO MERCANTILE EXCHANGE,19187,94683,116464,42494,162888,2021-11-02,-75496,73970
2021-11-09T00:00:00.000,AUSTRALIAN DOLLAR - CHICAGO MERCANTILE EXCHANGE,23844,87268,108880,42695,157269,2021-11-09,-63424,66185
2021-11-16T00:00:00.000,AUSTRALIAN DOLLAR - CHICAGO MERCANTILE EXCHANGE,30760,91913,112044,42186,166688,2021-11-16,-61153,69858
2021-11-23T00:00:00.000,AUSTRALIAN DOLLAR - CHICAGO MERCANTILE EXCHANGE,40523,103788,122921,49498,188033,2021-11-23,-63265,73423
2021-11-30T00:00:00.000,AUSTRALIAN DOLLAR - CHICAGO MERCANTILE EXCHANGE,33217,113402,144539,49830,201981,2021-11-30,-80185,94709
2021-12-07T00:00:00.000,AUSTRALIAN DOLLAR - CHICAGO MERCANTILE EXCHANGE,33380,115172,152842,53968,212150,2021-12-07,-81792,98874
2021-12-14T00:00:00.000,AUSTRALIAN DOLLAR - CHICAGO MERCANTILE EXCHANGE,29254,108157,147601,49178,197405,2021-12-14,-78903,98423
2021-12-21T00:00:00.000,AUSTRALIAN DOLLAR - CHICAGO MERCANTILE EXCHANGE,22958,103312,148859,50826,191309,2021-12-21,-80354,98033
2021-12-28T00:00:00.000,AUSTRALIAN DOLLAR - CHICAGO MERCANTILE EXCHANGE,16885,98626,146266,46790,183152,2021-12-28,-81741,99476
2022-01-04T00:00:00.000,AUSTRALIAN DOLLAR - CHICAGO MERCANTILE EXCHANGE,12632,101998,145915,45106,180107,2022-01-04,-89366,100809
2022-01-11T00:00:00.000,AUSTRALIAN DOLLAR - CHICAGO MERCANTILE EXCHANGE,12383,103869,150375,46766,185453,2022-01-11,-91486,103609
2022-01-18T00:00:00.000,AUSTRALIAN DOLLAR - CHICAGO MERCANTILE EXCHANGE,9051,97505,148978,50459,181136,2022-01-18,-88454,98519
2022-01-25T00:00:00.000,AUSTRALIAN DOLLAR - CHICAGO MERCANTILE EXCHANGE,15121,98394,153386,55637,190020,2022-01-25,-83273,97749
2022-02-01T00:00:00.000,AUSTRALIAN DOLLAR - CHICAGO MERCANTILE EXCHANGE,18835,98664,155124,59026,196913,2022-02-01,-79829,96098
2022-02-08T00:00:00.000,AUSTRALIAN DOLLAR - CHICAGO MERCANTILE EXCHANGE,17323,103064,155203,56846,196403,2022-02-08,-85741,98357
2022-02-15T00:00:00.000,AUSTRALIAN DOLLAR - CHICAGO MERCANTILE EXCHANGE,11692,98386,155928,58244,192578,2022-02-15,-86694,97684
2022-02-22T00:00:00.000,AUSTRALIAN DOLLAR - CHICAGO MERCANTILE EXCHANGE,11553,95633,157416,61344,192579,2022-02-22,-84080,96072
2022-03-01T00:00:00.000,AUSTRALIAN DOLLAR - CHICAGO MERCANTILE EXCHANGE,12720,91056,151922,64185,189667,2022-03-01,-78336,87737
2022-03-08T00:00:00.000,AUSTRALIAN DOLLAR - CHICAGO MERCANTILE EXCHANGE,19521,97716,146144,67961,197094,2022-03-08,-78195,78183
2022-03-15T00:00:00.000,AUSTRALIAN DOLLAR - CHICAGO MERCANTILE EXCHANGE,24281,69137,77621,28981,124521,2022-03-15,-44856,48640
2022-03-22T00:00:00.000,AUSTRALIAN DOLLAR - CHICAGO MERCANTILE EXCHANGE,23747,74936,75916,27528,127767,2022-03-22,-51189,48388
2022-03-29T00:00:00.000,AUSTRALIAN DOLLAR - CHICAGO MERCANTILE EXCHANGE,33960,83566,80885,39991,143007,2022-03-29,-49606,40894
2022-04-05T00:00:00.000,AUSTRALIAN DOLLAR - CHICAGO MERCANTILE EXCHANGE,34871,72384,80207,57875,148898,2022-04-05,-37513,22332
2022-04-12T00:00:00.000,AUSTRALIAN DOLLAR - CHICAGO MERCANTILE EXCHANGE,39770,68485,81396,63520,150939,2022-04-12,-28715,17876
2022-04-19T00:00:00.000,AUSTRALIAN DOLLAR - CHICAGO MERCANTILE EXCHANGE,39201,68038,79208,58408,147309,2022-04-19,-28837,20800
2022-04-26T00:00:00.000,AUSTRALIAN DOLLAR - CHICAGO MERCANTILE EXCHANGE,47105,74756,75929,47013,147090,2022-04-26,-27651,28916
2022-05-03T00:00:00.000,AUSTRALIAN DOLLAR - CHICAGO MERCANTILE EXCHANGE,46995,75511,80147,45922,152257,2022-05-03,-28516,34225
2022-05-10T00:00:00.000,AUSTRALIAN DOLLAR - CHICAGO MERCANTILE EXCHANGE,36869,78583,91731,44605,153209,2022-05-10,-41714,47126
2022-05-17T00:00:00.000,AUSTRALIAN DOLLAR - CHICAGO MERCANTILE EXCHANGE,41473,86115,98903,44466,163809,2022-05-17,-44642,54437
2022-05-24T00:00:00.000,AUSTRALIAN DOLLAR - CHICAGO MERCANTILE EXCHANGE,36579,82025,99401,46132,158615,2022-05-24,-45446,53269
2022-05-31T00:00:00.000,AUSTRALIAN DOLLAR - CHICAGO MERCANTILE EXCHANGE,32897,81579,97031,45903,153661,2022-05-31,-48682,51128
2022-06-07T00:00:00.000,AUSTRALIAN DOLLAR - CHICAGO MERCANTILE EXCHANGE,31720,79616,99747,52334,166422,2022-06-07,-47896,47413
2022-06-14T00:00:00.000,AUSTRALIAN DOLLAR - CHICAGO MERCANTILE EXCHANGE,31660,74914,85591,40881,142857,2022-06-14,-43254,44710
2022-06-21T00:00:00.000,AUSTRALIAN DOLLAR - CHICAGO MERCANTILE EXCHANGE,31745,72351,82514,37906,137017,2022-06-21,-40606,44608
2022-06-28T00:00:00.000,AUSTRALIAN DOLLAR - CHICAGO MERCANTILE EXCHANGE,28887,71867,86347,39184,139891,2022-06-28,-42980,47163
2022-07-05T00:00:00.000,AUSTRALIAN DOLLAR - CHICAGO MERCANTILE EXCHANGE,27622,75243,95252,39544,146950,2022-07-05,-47621,55708
2022-07-12T00:00:00.000,AUSTRALIAN DOLLAR - CHICAGO MERCANTILE EXCHANGE,30527,72127,106112,53622,158263,2022-07-12,-41600,52490
2022-07-19T00:00:00.000,AUSTRALIAN DOLLAR - CHICAGO MERCANTILE EXCHANGE,30578,73726,102518,53242,155246,2022-07-19,-43148,49276
2022-07-26T00:00:00.000,AUSTRALIAN DOLLAR - CHICAGO MERCANTILE EXCHANGE,30024,77409,102398,51797,156473,2022-07-26,-47385,50601
2022-08-02T00:00:00.000,AUSTRALIAN DOLLAR - CHICAGO MERCANTILE EXCHANGE,30835,86785,115141,53017,167931,2022-08-02,-55950,62124
2022-08-09T00:00:00.000,AUSTRALIAN DOLLAR - CHICAGO MERCANTILE EXCHANGE,25644,83232,109593,50152,158100,2022-08-09,-57588,59441
2022-08-16T00:00:00.000,AUSTRALIAN DOLLAR - CHICAGO MERCANTILE EXCHANGE,28835,88083,110918,47448,160045,2022-08-16,-59248,63470
2022-08-23T00:00:00.000,AUSTRALIAN DOLLAR - CHICAGO MERCANTILE EXCHANGE,32342,92370,114923,50738,169212,2022-08-23,-60028,64185
2022-08-30T00:00:00.000,AUSTRALIAN DOLLAR - CHICAGO MERCANTILE EXCHANGE,31304,88697,114957,52454,169267,2022-08-30,-57393,62503
2022-09-06T00:00:00.000,AUSTRALIAN DOLLAR - CHICAGO MERCANTILE EXCHANGE,33305,89805,118817,55033,178232,2022-09-06,-56500,63784
2022-09-13T00:00:00.000,AUSTRALIAN DOLLAR - CHICAGO MERCANTILE EXCHANGE,29218,87068,120393,53375,182287,2022-09-13,-57850,67018
2022-09-20T00:00:00.000,AUSTRALIAN DOLLAR - CHICAGO MERCANTILE EXCHANGE,38797,79353,92900,40772,150544,2022-09-20,-40556,52128
2022-09-27T00:00:00.000,AUSTRALIAN DOLLAR - CHICAGO MERCANTILE EXCHANGE,39006,73659,92836,44838,152301,2022-09-27,-34653,47998
2022-10-04T00:00:00.000,AUSTRALIAN DOLLAR - CHICAGO MERCANTILE EXCHANGE,36248,64012,82080,43276,139490,2022-10-04,-27764,38804
2022-10-11T00:00:00.000,AUSTRALIAN DOLLAR - CHICAGO MERCANTILE EXCHANGE,29325,60596,86475,43783,138320,2022-10-11,-31271,42692
2022-10-18T00:00:00.000,AUSTRALIAN DOLLAR - CHICAGO MERCANTILE EXCHANGE,33046,68405,95474,46503,150496,2022-10-18,-35359,48971
2022-10-25T00:00:00.000,AUSTRALIAN DOLLAR - CHICAGO MERCANTILE EXCHANGE,32159,83605,115337,49018,166961,2022-10-25,-51446,66319
2022-11-01T00:00:00.000,AUSTRALIAN DOLLAR - CHICAGO MERCANTILE EXCHANGE,34148,84680,111638,48912,165411,2022-11-01,-50532,62726
2022-11-08T00:00:00.000,AUSTRALIAN DOLLAR - CHICAGO MERCANTILE EXCHANGE,33288,79971,108584,53361,162523,2022-11-08,-46683,55223
2022-11-15T00:00:00.000,AUSTRALIAN DOLLAR - CHICAGO MERCANTILE EXCHANGE,33214,77963,110099,55987,162440,2022-11-15,-44749,54112
2022-11-22T00:00:00.000,AUSTRALIAN DOLLAR - CHICAGO MERCANTILE EXCHANGE,32825,75611,104123,54109,156807,2022-11-22,-42786,50014
2022-11-29T00:00:00.000,AUSTRALIAN DOLLAR - CHICAGO MERCANTILE EXCHANGE,35045,79675,104506,53600,159378,2022-11-29,-44630,50906
2022-12-06T00:00:00.000,AUSTRALIAN DOLLAR - CHICAGO MERCANTILE EXCHANGE,36334,76897,101160,58340,158755,2022-12-06,-40563,42820
2022-12-13T00:00:00.000,AUSTRALIAN DOLLAR - CHICAGO MERCANTILE EXCHANGE,35825,73662,105480,62635,172269,2022-12-13,-37837,42845
2022-12-20T00:00:00.000,AUSTRALIAN DOLLAR - CHICAGO MERCANTILE EXCHANGE,31779,65894,75507,37079,129256,2022-12-20,-34115,38428
2022-12-27T00:00:00.000,AUSTRALIAN DOLLAR - CHICAGO MERCANTILE EXCHANGE,32955,69746,72829,34548,129195,2022-12-27,-36791,38281
2023-01-03T00:00:00.000,AUSTRALIAN DOLLAR - CHICAGO MERCANTILE EXCHANGE,35208,71475,74724,35129,132960,2023-01-03,-36267,39595
2023-01-10T00:00:00.000,AUSTRALIAN DOLLAR - CHICAGO MERCANTILE EXCHANGE,30210,63900,71696,39486,126028,2023-01-10,-33690,32210
2023-01-17T00:00:00.000,AUSTRALIAN DOLLAR - CHICAGO MERCANTILE EXCHANGE,28593,62213,71052,45116,128213,2023-01-17,-33620,25936
2023-01-24T00:00:00.000,AUSTRALIAN DOLLAR - CHICAGO MERCANTILE EXCHANGE,29466,62637,74818,45112,129490,2023-01-24,-33171,29706
2023-01-31T00:00:00.000,AUSTRALIAN DOLLAR - CHICAGO MERCANTILE EXCHANGE,36337,66929,72741,49579,136304,2023-01-31,-30592,23162
2023-02-07T00:00:00.000,AUSTRALIAN DOLLAR - CHICAGO MERCANTILE EXCHANGE,30044,58149,64682,41941,124006,2023-02-07,-28105,22741
2023-02-14T00:00:00.000,AUSTRALIAN DOLLAR - CHICAGO MERCANTILE EXCHANGE,30752,59659,66335,42600,126033,2023-02-14,-28907,23735
2023-02-21T00:00:00.000,AUSTRALIAN DOLLAR - CHICAGO MERCANTILE EXCHANGE,38492,63280,60543,35494,123456,2023-02-21,-24788,25049
2023-02-28T00:00:00.000,AUSTRALIAN DOLLAR - CHICAGO MERCANTILE EXCHANGE,41071,65236,63222,34644,126681,2023-02-28,-24165,28578
2023-03-07T00:00:00.000,AUSTRALIAN DOLLAR - CHICAGO MERCANTILE EXCHANGE,54307,79131,69770,33771,157990,2023-03-07,-24824,35999
2023-03-14T00:00:00.000,AUSTRALIAN DOLLAR - CHICAGO MERCANTILE EXCHANGE,41685,81776,86614,33485,150058,2023-03-14,-40091,53129
2023-03-21T00:00:00.000,AUSTRALIAN DOLLAR - CHICAGO MERCANTILE EXCHANGE,41183,79642,87354,36800,151836,2023-03-21,-38459,50554
2023-03-28T00:00:00.000,AUSTRALIAN DOLLAR - CHICAGO MERCANTILE EXCHANGE,43813,79166,83523,37693,151238,2023-03-28,-35353,45830
2023-04-04T00:00:00.000,AUSTRALIAN DOLLAR - CHICAGO MERCANTILE EXCHANGE,46687,73920,80257,43420,151242,2023-04-04,-27233,36837
2023-04-11T00:00:00.000,AUSTRALIAN DOLLAR - CHICAGO MERCANTILE EXCHANGE,45481,83418,86468,39398,159441,2023-04-11,-37937,47070
2023-04-18T00:00:00.000,AUSTRALIAN DOLLAR - CHICAGO MERCANTILE EXCHANGE,44610,86966,88628,38071,159708,2023-04-18,-42356,50557
2023-04-25T00:00:00.000,AUSTRALIAN DOLLAR - CHICAGO MERCANTILE EXCHANGE,54241,93703,98900,45154,178757,2023-04-25,-39462,53746
2023-05-02T00:00:00.000,AUSTRALIAN DOLLAR - CHICAGO MERCANTILE EXCHANGE,52340,97350,102454,45902,181229,2023-05-02,-45010,56552
2023-05-09T00:00:00.000,AUSTRALIAN DOLLAR - CHICAGO MERCANTILE EXCHANGE,41225,90418,98698,41801,165532,2023-05-09,-49193,56897
2023-05-16T00:00:00.000,AUSTRALIAN DOLLAR - CHICAGO MERCANTILE EXCHANGE,43903,97497,98069,36167,167020,2023-05-16,-53594,61902
2023-05-23T00:00:00.000,AUSTRALIAN DOLLAR - CHICAGO MERCANTILE EXCHANGE,53419,102500,102079,42036,180138,2023-05-23,-49081,60043
2023-05-30T00:00:00.000,AUSTRALIAN DOLLAR - CHICAGO MERCANTILE EXCHANGE,68969,113095,109462,50362,204963,2023-05-30,-44126,59100
2023-06-06T00:00:00.000,AUSTRALIAN DOLLAR - CHICAGO MERCANTILE EXCHANGE,54501,110969,119775,52279,209680,2023-06-06,-56468,67496
2023-06-13T00:00:00.000,AUSTRALIAN DOLLAR - CHICAGO MERCANTILE EXCHANGE,38758,100503,109260,35353,182562,2023-06-13,-61745,73907
2023-06-20T00:00:00.000,AUSTRALIAN DOLLAR - CHICAGO MERCANTILE EXCHANGE,45743,95359,79300,28314,149898,2023-06-20,-49616,50986
2023-06-27T00:00:00.000,AUSTRALIAN DOLLAR - CHICAGO MERCANTILE EXCHANGE,45225,84649,67857,29035,136335,2023-06-27,-39424,38822
2023-07-03T00:00:00.000,AUSTRALIAN DOLLAR - CHICAGO MERCANTILE EXCHANGE,50170,94752,82076,30702,153744,2023-07-03,-44582,51374
2023-07-11T00:00:00.000,AUSTRALIAN DOLLAR - CHICAGO MERCANTILE EXCHANGE,43661,88745,87458,33423,152495,2023-07-11,-45084,54035
2023-07-18T00:00:00.000,AUSTRALIAN DOLLAR - CHICAGO MERCANTILE EXCHANGE,38252,88653,84937,33892,148592,2023-07-18,-50401,51045
2023-07-25T00:00:00.000,AUSTRALIAN DOLLAR - CHICAGO MERCANTILE EXCHANGE,39108,90309,80237,30676,146423,2023-07-25,-51201,49561
2023-08-01T00:00:00.000,AUSTRALIAN DOLLAR - CHICAGO MERCANTILE EXCHANGE,46612,98404,90885,33615,161298,2023-08-01,-51792,57270
2023-08-08T00:00:00.000,AUSTRALIAN DOLLAR - CHICAGO MERCANTILE EXCHANGE,61091,104283,96999,41154,182842,2023-08-08,-43192,55845
2023-08-15T00:00:00.000,AUSTRALIAN DOLLAR - CHICAGO MERCANTILE EXCHANGE,68623,122020,109110,43852,204458,2023-08-15,-53397,65258
2023-08-22T00:00:00.000,AUSTRALIAN DOLLAR - CHICAGO MERCANTILE EXCHANGE,72034,135820,125129,48235,226955,2023-08-22,-63786,76894
2023-08-29T00:00:00.000,AUSTRALIAN DOLLAR - CHICAGO MERCANTILE EXCHANGE,61376,131561,130388,49782,223489,2023-08-29,-70185,80606
2023-09-05T00:00:00.000,AUSTRALIAN DOLLAR - CHICAGO MERCANTILE EXCHANGE,54032,137569,146176,50810,241201,2023-09-05,-83537,95366
2023-09-12T00:00:00.000,AUSTRALIAN DOLLAR - CHICAGO MERCANTILE EXCHANGE,47309,126842,164961,69971,256219,2023-09-12,-79533,94990
2023-09-19T00:00:00.000,AUSTRALIAN DOLLAR - CHICAGO MERCANTILE EXCHANGE,36780,133726,158199,48187,221229,2023-09-19,-96946,110012
2023-09-26T00:00:00.000,AUSTRALIAN DOLLAR - CHICAGO MERCANTILE EXCHANGE,36104,122919,151041,48791,211882,2023-09-26,-86815,102250
2023-10-03T00:00:00.000,AUSTRALIAN DOLLAR - CHICAGO MERCANTILE EXCHANGE,39465,121452,142572,45306,207782,2023-10-03,-81987,97266
2023-10-10T00:00:00.000,AUSTRALIAN DOLLAR - CHICAGO MERCANTILE EXCHANGE,31827,108404,134148,43039,190133,2023-10-10,-76577,91109
2023-10-17T00:00:00.000,AUSTRALIAN DOLLAR - CHICAGO MERCANTILE EXCHANGE,31565,112304,141329,44197,196044,2023-10-17,-80739,97132
2023-10-24T00:00:00.000,AUSTRALIAN DOLLAR - CHICAGO MERCANTILE EXCHANGE,28018,111099,142753,43900,194666,2023-10-24,-83081,98853
2023-10-31T00:00:00.000,AUSTRALIAN DOLLAR - CHICAGO MERCANTILE EXCHANGE,32805,107915,135553,49121,196866,2023-10-31,-75110,86432
2023-11-07T00:00:00.000,AUSTRALIAN DOLLAR - CHICAGO MERCANTILE EXCHANGE,34049,99612,126869,53602,192496,2023-11-07,-65563,73267
2023-11-14T00:00:00.000,AUSTRALIAN DOLLAR - CHICAGO MERCANTILE EXCHANGE,32728,103684,132639,53582,197469,2023-11-14,-70956,79057
2023-11-21T00:00:00.000,AUSTRALIAN DOLLAR - CHICAGO MERCANTILE EXCHANGE,29565,107535,131742,49738,196598,2023-11-21,-77970,82004
2023-11-28T00:00:00.000,AUSTRALIAN DOLLAR - CHICAGO MERCANTILE EXCHANGE,29203,100422,131213,57424,197053,2023-11-28,-71219,73789
2023-12-05T00:00:00.000,AUSTRALIAN DOLLAR - CHICAGO MERCANTILE EXCHANGE,32886,90567,124388,69489,195569,2023-12-05,-57681,54899
2023-12-12T00:00:00.000,AUSTRALIAN DOLLAR - CHICAGO MERCANTILE EXCHANGE,30967,83307,140172,85304,208927,2023-12-12,-52340,54868
2023-12-19T00:00:00.000,AUSTRALIAN DOLLAR - CHICAGO MERCANTILE EXCHANGE,35277,85954,83462,37154,147665,2023-12-19,-50677,46308
2023-12-26T00:00:00.000,AUSTRALIAN DOLLAR - CHICAGO MERCANTILE EXCHANGE,39011,90314,83467,40405,152735,2023-12-26,-51303,43062
2024-01-02T00:00:00.000,AUSTRALIAN DOLLAR - CHICAGO MERCANTILE EXCHANGE,44442,87335,82030,51735,157003,2024-01-02,-42893,30295
2024-01-09T00:00:00.000,AUSTRALIAN DOLLAR - CHICAGO MERCANTILE EXCHANGE,47326,79600,77374,56304,156375,2024-01-09,-32274,21070
2024-01-16T00:00:00.000,AUSTRALIAN DOLLAR - CHICAGO MERCANTILE EXCHANGE,45812,93669,83911,44867,163442,2024-01-16,-47857,39044
2024-01-23T00:00:00.000,AUSTRALIAN DOLLAR - CHICAGO MERCANTILE EXCHANGE,42853,96973,87611,34962,161999,2024-01-23,-54120,52649
2024-01-30T00:00:00.000,AUSTRALIAN DOLLAR - CHICAGO MERCANTILE EXCHANGE,36956,95251,97888,39041,165531,2024-01-30,-58295,58847
2024-02-06T00:00:00.000,AUSTRALIAN DOLLAR - CHICAGO MERCANTILE EXCHANGE,39242,111055,115517,35486,180793,2024-02-06,-71813,80031
2024-02-13T00:00:00.000,AUSTRALIAN DOLLAR - CHICAGO MERCANTILE EXCHANGE,47405,126381,128465,37480,199485,2024-02-13,-78976,90985
2024-02-20T00:00:00.000,AUSTRALIAN DOLLAR - CHICAGO MERCANTILE EXCHANGE,49100,130975,131694,39083,205656,2024-02-20,-81875,92611
2024-02-27T00:00:00.000,AUSTRALIAN DOLLAR - CHICAGO MERCANTILE EXCHANGE,49640,128816,129292,39515,204992,2024-02-27,-79176,89777
2024-03-05T00:00:00.000,AUSTRALIAN DOLLAR - CHICAGO MERCANTILE EXCHANGE,53966,138709,151903,56158,234196,2024-03-05,-84743,95745
2024-03-12T00:00:00.000,AUSTRALIAN DOLLAR - CHICAGO MERCANTILE EXCHANGE,41591,132431,151731,54053,229723,2024-03-12,-90840,97678
2024-03-19T00:00:00.000,AUSTRALIAN DOLLAR - CHICAGO MERCANTILE EXCHANGE,38207,145745,158919,42857,220921,2024-03-19,-107538,116062
2024-03-26T00:00:00.000,AUSTRALIAN DOLLAR - CHICAGO MERCANTILE EXCHANGE,34438,139890,162079,44539,218982,2024-03-26,-105452,117540
2024-04-02T00:00:00.000,AUSTRALIAN DOLLAR - CHICAGO MERCANTILE EXCHANGE,34557,137242,164790,50704,224894,2024-04-02,-102685,114086
2024-04-09T00:00:00.000,AUSTRALIAN DOLLAR - CHICAGO MERCANTILE EXCHANGE,30556,122897,151421,49811,208938,2024-04-09,-92341,101610
2024-04-16T00:00:00.000,AUSTRALIAN DOLLAR - CHICAGO MERCANTILE EXCHANGE,42365,143448,169334,52990,234919,2024-04-16,-101083,116344
2024-04-23T00:00:00.000,AUSTRALIAN DOLLAR - CHICAGO MERCANTILE EXCHANGE,43429,139668,174015,59139,239278,2024-04-23,-96239,114876
2024-04-30T00:00:00.000,AUSTRALIAN DOLLAR - CHICAGO MERCANTILE EXCHANGE,41293,124528,157629,65235,224573,2024-04-30,-83235,92394
2024-05-07T00:00:00.000,AUSTRALIAN DOLLAR - CHICAGO MERCANTILE EXCHANGE,49480,113996,135023,62501,209670,2024-05-07,-64516,72522
2024-05-14T00:00:00.000,AUSTRALIAN DOLLAR - CHICAGO MERCANTILE EXCHANGE,40059,117230,131596,54454,201798,2024-05-14,-77171,77142
2024-05-21T00:00:00.000,AUSTRALIAN DOLLAR - CHICAGO MERCANTILE EXCHANGE,50536,106769,115463,63870,196609,2024-05-21,-56233,51593
2024-05-28T00:00:00.000,AUSTRALIAN DOLLAR - CHICAGO MERCANTILE EXCHANGE,53892,103808,112209,62849,193678,2024-05-28,-49916,49360
2024-06-04T00:00:00.000,AUSTRALIAN DOLLAR - CHICAGO MERCANTILE EXCHANGE,51661,102964,117000,70077,199796,2024-06-04,-51303,46923
2024-06-11T00:00:00.000,AUSTRALIAN DOLLAR - CHICAGO MERCANTILE EXCHANGE,45540,110325,125453,63410,212796,2024-06-11,-64785,62043
2024-06-18T00:00:00.000,AUSTRALIAN DOLLAR - CHICAGO MERCANTILE EXCHANGE,55699,97355,86558,50174,174695,2024-06-18,-41656,36384
2024-06-25T00:00:00.000,AUSTRALIAN DOLLAR - CHICAGO MERCANTILE EXCHANGE,64620,88296,82549,63206,181071,2024-06-25,-23676,19343
2024-07-02T00:00:00.000,AUSTRALIAN DOLLAR - CHICAGO MERCANTILE EXCHANGE,77951,93787,88004,76711,197799,2024-07-02,-15836,11293
2024-07-09T00:00:00.000,AUSTRALIAN DOLLAR - CHICAGO MERCANTILE EXCHANGE,98997,96584,89192,101324,225017,2024-07-09,2413,-12132
2024-07-16T00:00:00.000,AUSTRALIAN DOLLAR - CHICAGO MERCANTILE EXCHANGE,106312,95199,84403,112286,229593,2024-07-16,11113,-27883
2024-07-23T00:00:00.000,AUSTRALIAN DOLLAR - CHICAGO MERCANTILE EXCHANGE,96973,105787,90711,94754,226258,2024-07-23,-8814,-4043
2024-07-30T00:00:00.000,AUSTRALIAN DOLLAR - CHICAGO MERCANTILE EXCHANGE,79236,110606,94451,61621,205852,2024-07-30,-31370,32830
2024-08-06T00:00:00.000,AUSTRALIAN DOLLAR - CHICAGO MERCANTILE EXCHANGE,68193,108392,97019,52276,192634,2024-08-06,-40199,44743
2024-08-13T00:00:00.000,AUSTRALIAN DOLLAR - CHICAGO MERCANTILE EXCHANGE,65028,107644,94084,45603,188298,2024-08-13,-42616,48481
2024-08-20T00:00:00.000,AUSTRALIAN DOLLAR - CHICAGO MERCANTILE EXCHANGE,70554,109439,89429,51063,187360,2024-08-20,-38885,38366
2024-08-27T00:00:00.000,AUSTRALIAN DOLLAR - CHICAGO MERCANTILE EXCHANGE,81486,100645,87629,80407,204850,2024-08-27,-19159,7222
2024-09-03T00:00:00.000,AUSTRALIAN DOLLAR - CHICAGO MERCANTILE EXCHANGE,87118,94982,87254,94066,213538,2024-09-03,-7864,-6812
2024-09-10T00:00:00.000,AUSTRALIAN DOLLAR - CHICAGO MERCANTILE EXCHANGE,74259,88301,114426,111806,230013,2024-09-10,-14042,2620
2024-09-17T00:00:00.000,AUSTRALIAN DOLLAR - CHICAGO MERCANTILE EXCHANGE,53941,94063,85069,53091,169684,2024-09-17,-40122,31978
2024-09-24T00:00:00.000,AUSTRALIAN DOLLAR - CHICAGO MERCANTILE EXCHANGE,81924,93172,58488,63132,176442,2024-09-24,-11248,-4644
2024-10-01T00:00:00.000,AUSTRALIAN DOLLAR - CHICAGO MERCANTILE EXCHANGE,101462,86934,61915,95766,201032,2024-10-01,14528,-33851
2024-10-08T00:00:00.000,AUSTRALIAN DOLLAR - CHICAGO MERCANTILE EXCHANGE,111561,78139,59057,109310,205706,2024-10-08,33422,-50253
2024-10-15T00:00:00.000,AUSTRALIAN DOLLAR - CHICAGO MERCANTILE EXCHANGE,99051,79782,56412,94490,193289,2024-10-15,19269,-38078
2024-10-22T00:00:00.000,AUSTRALIAN DOLLAR - CHICAGO MERCANTILE EXCHANGE,102509,74830,51835,93365,186950,2024-10-22,27679,-41530
2024-10-29T00:00:00.000,AUSTRALIAN DOLLAR - CHICAGO MERCANTILE EXCHANGE,93677,66161,57807,95665,183977,2024-10-29,27516,-37858
2024-11-05T00:00:00.000,AUSTRALIAN DOLLAR - CHICAGO MERCANTILE EXCHANGE,91488,60512,59108,90867,177416,2024-11-05,30976,-31759
2024-11-12T00:00:00.000,AUSTRALIAN DOLLAR - CHICAGO MERCANTILE EXCHANGE,83555,53760,59537,92171,171880,2024-11-12,29795,-32634
2024-11-19T00:00:00.000,AUSTRALIAN DOLLAR - CHICAGO MERCANTILE EXCHANGE,86703,55105,64987,92093,181688,2024-11-19,31598,-27106
2024-11-26T00:00:00.000,AUSTRALIAN DOLLAR - CHICAGO MERCANTILE EXCHANGE,88694,56918,67173,94631,185533,2024-11-26,31776,-27458
2024-12-03T00:00:00.000,AUSTRALIAN DOLLAR - CHICAGO MERCANTILE EXCHANGE,86699,65298,71206,93492,190247,2024-12-03,21401,-22286
2024-12-10T00:00:00.000,AUSTRALIAN DOLLAR - CHICAGO MERCANTILE EXCHANGE,88751,80266,111884,112619,239026,2024-12-10,8485,-735
2024-12-17T00:00:00.000,AUSTRALIAN DOLLAR - CHICAGO MERCANTILE EXCHANGE,32929,94460,111276,40177,172661,2024-12-17,-61531,71099
2024-12-24T00:00:00.000,AUSTRALIAN DOLLAR - CHICAGO MERCANTILE EXCHANGE,31414,99584,117514,39314,177789,2024-12-24,-68170,78200
2024-12-31T00:00:00.000,AUSTRALIAN DOLLAR - CHICAGO MERCANTILE EXCHANGE,35248,106659,116636,38137,182872,2024-12-31,-71411,78499
2025-01-07T00:00:00.000,AUSTRALIAN DOLLAR - CHICAGO MERCANTILE EXCHANGE,33116,106549,133477,50470,197764,2025-01-07,-73433,83007
2025-01-14T00:00:00.000,AUSTRALIAN DOLLAR - CHICAGO MERCANTILE EXCHANGE,26135,103766,134239,46942,192020,2025-01-14,-77631,87297
2025-01-21T00:00:00.000,AUSTRALIAN DOLLAR - CHICAGO MERCANTILE EXCHANGE,31179,102475,127375,47576,190211,2025-01-21,-71296,79799
2025-01-28T00:00:00.000,AUSTRALIAN DOLLAR - CHICAGO MERCANTILE EXCHANGE,32196,104027,129574,50573,192011,2025-01-28,-71831,79001
2025-02-04T00:00:00.000,AUSTRALIAN DOLLAR - CHICAGO MERCANTILE EXCHANGE,35330,110639,139494,55993,204869,2025-02-04,-75309,83501
2025-02-11T00:00:00.000,AUSTRALIAN DOLLAR - CHICAGO MERCANTILE EXCHANGE,40368,105953,123991,53547,196295,2025-02-11,-65585,70444
2025-02-18T00:00:00.000,AUSTRALIAN DOLLAR - CHICAGO MERCANTILE EXCHANGE,46918,103641,110010,49657,189686,2025-02-18,-56723,60353
2025-02-25T00:00:00.000,AUSTRALIAN DOLLAR - CHICAGO MERCANTILE EXCHANGE,50873,96453,105108,52776,185971,2025-02-25,-45580,52332
2025-03-04T00:00:00.000,AUSTRALIAN DOLLAR - CHICAGO MERCANTILE EXCHANGE,55151,103384,111644,54615,202272,2025-03-04,-48233,57029
2025-03-11T00:00:00.000,AUSTRALIAN DOLLAR - CHICAGO MERCANTILE EXCHANGE,52171,100397,163521,108120,258738,2025-03-11,-48226,55401
2025-03-18T00:00:00.000,AUSTRALIAN DOLLAR - CHICAGO MERCANTILE EXCHANGE,27628,98077,117162,46203,180546,2025-03-18,-70449,70959
2025-03-25T00:00:00.000,AUSTRALIAN DOLLAR - CHICAGO MERCANTILE EXCHANGE,28124,105570,119381,37052,180087,2025-03-25,-77446,82329
2025-04-01T00:00:00.000,AUSTRALIAN DOLLAR - CHICAGO MERCANTILE EXCHANGE,26211,102074,119373,40221,182766,2025-04-01,-75863,79152
2025-04-08T00:00:00.000,AUSTRALIAN DOLLAR - CHICAGO MERCANTILE EXCHANGE,28493,91793,127546,57341,194476,2025-04-08,-63300,70205
2025-04-15T00:00:00.000,AUSTRALIAN DOLLAR - CHICAGO MERCANTILE EXCHANGE,19740,78588,123729,59997,178747,2025-04-15,-58848,63732
2025-04-22T00:00:00.000,AUSTRALIAN DOLLAR - CHICAGO MERCANTILE EXCHANGE,27175,81757,125583,75153,190798,2025-04-22,-54582,50430
2025-04-29T00:00:00.000,AUSTRALIAN DOLLAR - CHICAGO MERCANTILE EXCHANGE,26602,76545,123079,74276,184804,2025-04-29,-49943,48803
2025-05-06T00:00:00.000,AUSTRALIAN DOLLAR - CHICAGO MERCANTILE EXCHANGE,26243,74615,121539,71826,183057,2025-05-06,-48372,49713
2025-05-13T00:00:00.000,AUSTRALIAN DOLLAR - CHICAGO MERCANTILE EXCHANGE,25507,74853,119964,69081,180460,2025-05-13,-49346,50883
2025-05-20T00:00:00.000,AUSTRALIAN DOLLAR - CHICAGO MERCANTILE EXCHANGE,20997,80074,121279,61743,177853,2025-05-20,-59077,59536
2025-05-27T00:00:00.000,AUSTRALIAN DOLLAR - CHICAGO MERCANTILE EXCHANGE,21572,82752,119718,63303,179292,2025-05-27,-61180,56415
2025-06-03T00:00:00.000,AUSTRALIAN DOLLAR - CHICAGO MERCANTILE EXCHANGE,23969,87124,130735,69540,202595,2025-06-03,-63155,61195
2025-06-10T00:00:00.000,AUSTRALIAN DOLLAR - CHICAGO MERCANTILE EXCHANGE,23997,93941,153541,89771,224272,2025-06-10,-69944,63770
2025-06-17T00:00:00.000,AUSTRALIAN DOLLAR - CHICAGO MERCANTILE EXCHANGE,21194,90584,94487,29107,147471,2025-06-17,-69390,65380
2025-06-24T00:00:00.000,AUSTRALIAN DOLLAR - CHICAGO MERCANTILE EXCHANGE,23249,95811,97992,27517,151032,2025-06-24,-72562,70475
2025-07-01T00:00:00.000,AUSTRALIAN DOLLAR - CHICAGO MERCANTILE EXCHANGE,25539,95629,93083,27084,151338,2025-07-01,-70090,65999
2025-07-08T00:00:00.000,AUSTRALIAN DOLLAR - CHICAGO MERCANTILE EXCHANGE,23272,97586,95712,27567,153390,2025-07-08,-74314,68145
2025-07-15T00:00:00.000,AUSTRALIAN DOLLAR - CHICAGO MERCANTILE EXCHANGE,21233,96152,97063,24535,150487,2025-07-15,-74919,72528
2025-07-22T00:00:00.000,AUSTRALIAN DOLLAR - CHICAGO MERCANTILE EXCHANGE,25066,106321,105142,27801,161394,2025-07-22,-81255,77341
2025-07-29T00:00:00.000,AUSTRALIAN DOLLAR - CHICAGO MERCANTILE EXCHANGE,26506,104600,102997,27955,159680,2025-07-29,-78094,75042
2025-08-05T00:00:00.000,AUSTRALIAN DOLLAR - CHICAGO MERCANTILE EXCHANGE,23988,107548,110361,27816,163900,2025-08-05,-83560,82545
2025-08-12T00:00:00.000,AUSTRALIAN DOLLAR - CHICAGO MERCANTILE EXCHANGE,25631,113536,114396,30163,171294,2025-08-12,-87905,84233
2025-08-19T00:00:00.000,AUSTRALIAN DOLLAR - CHICAGO MERCANTILE EXCHANGE,31668,126555,124358,30962,185901,2025-08-19,-94887,93396
2025-08-26T00:00:00.000,AUSTRALIAN DOLLAR - CHICAGO MERCANTILE EXCHANGE,28700,129290,135250,33965,191207,2025-08-26,-100590,101285
2025-09-02T00:00:00.000,AUSTRALIAN DOLLAR - CHICAGO MERCANTILE EXCHANGE,29677,112360,124987,45873,185048,2025-09-02,-82683,79114
2025-09-09T00:00:00.000,AUSTRALIAN DOLLAR - CHICAGO MERCANTILE EXCHANGE,32200,111431,141051,67830,208092,2025-09-09,-79231,73221
2025-09-16T00:00:00.000,AUSTRALIAN DOLLAR - CHICAGO MERCANTILE EXCHANGE,40276,91436,82083,41432,154790,2025-09-16,-51160,40651
2025-09-23T00:00:00.000,AUSTRALIAN DOLLAR - CHICAGO MERCANTILE EXCHANGE,41994,101584,89563,40649,160854,2025-09-23,-59590,48914
2025-09-30T00:00:00.000,AUSTRALIAN DOLLAR - CHICAGO MERCANTILE EXCHANGE,41713,106319,97084,43192,167976,2025-09-30,-64606,53892
2025-10-07T00:00:00.000,AUSTRALIAN DOLLAR - CHICAGO MERCANTILE EXCHANGE,47717,105522,91184,49383,170970,2025-10-07,-57805,41801
2025-10-14T00:00:00.000,AUSTRALIAN DOLLAR - CHICAGO MERCANTILE EXCHANGE,50324,109902,89806,39328,170002,2025-10-14,-59578,50478
2025-10-21T00:00:00.000,AUSTRALIAN DOLLAR - CHICAGO MERCANTILE EXCHANGE,51794,117558,94799,36580,173878,2025-10-21,-65764,58219
2025-10-28T00:00:00.000,AUSTRALIAN DOLLAR - CHICAGO MERCANTILE EXCHANGE,41715,115649,102393,35731,173436,2025-10-28,-73934,66662
2025-11-04T00:00:00.000,AUSTRALIAN DOLLAR - CHICAGO MERCANTILE EXCHANGE,50360,121936,100810,35707,180801,2025-11-04,-71576,65103
2025-11-10T00:00:00.000,AUSTRALIAN DOLLAR - CHICAGO MERCANTILE EXCHANGE,43114,121741,104992,34248,179467,2025-11-10,-78627,70744
2025-11-18T00:00:00.000,AUSTRALIAN DOLLAR - CHICAGO MERCANTILE EXCHANGE,45721,121577,103569,36764,179341,2025-11-18,-75856,66805
2025-11-25T00:00:00.000,AUSTRALIAN DOLLAR - CHICAGO MERCANTILE EXCHANGE,43918,128094,114486,38934,192678,2025-11-25,-84176,75552
2025-12-02T00:00:00.000,AUSTRALIAN DOLLAR - CHICAGO MERCANTILE EXCHANGE,45868,129261,120635,50354,202574,2025-12-02,-83393,70281
2025-12-09T00:00:00.000,AUSTRALIAN DOLLAR - CHICAGO MERCANTILE EXCHANGE,57569,120516,184216,139130,296662,2025-12-09,-62947,45086
2025-12-16T00:00:00.000,AUSTRALIAN DOLLAR - CHICAGO MERCANTILE EXCHANGE,67640,89535,103738,102167,293796,2025-12-16,-21895,1571
2025-12-23T00:00:00.000,AUSTRALIAN DOLLAR - CHICAGO MERCANTILE EXCHANGE,70657,92255,106231,102459,217163,2025-12-23,-21598,3772
2025-12-30T00:00:00.000,AUSTRALIAN DOLLAR - CHICAGO MERCANTILE EXCHANGE,77497,98713,105384,106222,223804,2025-12-30,-21216,-838
2026-01-06T00:00:00.000,AUSTRALIAN DOLLAR - CHICAGO MERCANTILE EXCHANGE,80491,99451,106793,110036,230926,2026-01-06,-18960,-3243
2026-01-13T00:00:00.000,AUSTRALIAN DOLLAR - CHICAGO MERCANTILE EXCHANGE,83955,102801,103295,106905,229456,2026-01-13,-18846,-3610
2026-01-20T00:00:00.000,AUSTRALIAN DOLLAR - CHICAGO MERCANTILE EXCHANGE,85759,99770,100608,112395,230657,2026-01-20,-14011,-11787
2026-01-27T00:00:00.000,AUSTRALIAN DOLLAR - CHICAGO MERCANTILE EXCHANGE,109806,102660,100026,128335,252055,2026-01-27,7146,-28309
2026-02-03T00:00:00.000,AUSTRALIAN DOLLAR - CHICAGO MERCANTILE EXCHANGE,118751,92633,92582,140642,254240,2026-02-03,26118,-48060
2026-02-10T00:00:00.000,AUSTRALIAN DOLLAR - CHICAGO MERCANTILE EXCHANGE,112766,79557,87293,146429,247194,2026-02-10,33209,-59136
2026-02-17T00:00:00.000,AUSTRALIAN DOLLAR - CHICAGO MERCANTILE EXCHANGE,117820,71889,82854,156843,256213,2026-02-17,45931,-73989
2026-02-24T00:00:00.000,AUSTRALIAN DOLLAR - CHICAGO MERCANTILE EXCHANGE,121661,69017,75380,152693,248697,2026-02-24,52644,-77313
2026-03-03T00:00:00.000,AUSTRALIAN DOLLAR - CHICAGO MERCANTILE EXCHANGE,136515,68753,72991,162240,267280,2026-03-03,67762,-89249
2026-03-10T00:00:00.000,AUSTRALIAN DOLLAR - CHICAGO MERCANTILE EXCHANGE,121394,67197,124347,206532,315898,2026-03-10,54197,-82185
2026-03-17T00:00:00.000,AUSTRALIAN DOLLAR - CHICAGO MERCANTILE EXCHANGE,136074,67013,83769,177541,265675,2026-03-17,69061,-93772
2026-03-24T00:00:00.000,AUSTRALIAN DOLLAR - CHICAGO MERCANTILE EXCHANGE,132629,61757,80063,174430,257694,2026-03-24,70872,-94367
2026-03-31T00:00:00.000,AUSTRALIAN DOLLAR - CHICAGO MERCANTILE EXCHANGE,141775,60269,79251,188292,263962,2026-03-31,81506,-109041
2026-04-07T00:00:00.000,AUSTRALIAN DOLLAR - CHICAGO MERCANTILE EXCHANGE,137959,67146,81872,179219,264658,2026-04-07,70813,-97347
2026-04-14T00:00:00.000,AUSTRALIAN DOLLAR - CHICAGO MERCANTILE EXCHANGE,129517,64442,88824,179640,263918,2026-04-14,65075,-90816
2026-04-21T00:00:00.000,AUSTRALIAN DOLLAR - CHICAGO MERCANTILE EXCHANGE,128811,63994,100168,193366,275415,2026-04-21,64817,-93198
