report_date_as_yyyy_mm_dd,market_and_exchange_names,noncomm_positions_long_all,noncomm_positions_short_all,comm_positions_long_all,comm_positions_short_all,open_interest_all,date,spec_net,comm_net
2010-01-05T00:00:00.000,CANADIAN DOLLAR - CHICAGO MERCANTILE EXCHANGE,51736,11540,13715,80381,107554,2010-01-05,40196,-66666
2010-01-12T00:00:00.000,CANADIAN DOLLAR - CHICAGO MERCANTILE EXCHANGE,60219,11524,15139,89153,117310,2010-01-12,48695,-74014
2010-01-19T00:00:00.000,CANADIAN DOLLAR - CHICAGO MERCANTILE EXCHANGE,58048,11245,17807,91505,120271,2010-01-19,46803,-73698
2010-01-26T00:00:00.000,CANADIAN DOLLAR - CHICAGO MERCANTILE EXCHANGE,35659,9850,17315,65469,91375,2010-01-26,25809,-48154
2010-02-02T00:00:00.000,CANADIAN DOLLAR - CHICAGO MERCANTILE EXCHANGE,25639,10284,20658,53799,82692,2010-02-02,15355,-33141
2010-02-09T00:00:00.000,CANADIAN DOLLAR - CHICAGO MERCANTILE EXCHANGE,24285,15422,23962,51289,84317,2010-02-09,8863,-27327
2010-02-16T00:00:00.000,CANADIAN DOLLAR - CHICAGO MERCANTILE EXCHANGE,35026,11571,19153,65881,93330,2010-02-16,23455,-46728
2010-02-23T00:00:00.000,CANADIAN DOLLAR - CHICAGO MERCANTILE EXCHANGE,40224,11803,19273,72712,100629,2010-02-23,28421,-53439
2010-03-02T00:00:00.000,CANADIAN DOLLAR - CHICAGO MERCANTILE EXCHANGE,47170,8881,21003,83479,109517,2010-03-02,38289,-62476
2010-03-09T00:00:00.000,CANADIAN DOLLAR - CHICAGO MERCANTILE EXCHANGE,71350,9951,25132,113034,138991,2010-03-09,61399,-87902
2010-03-16T00:00:00.000,CANADIAN DOLLAR - CHICAGO MERCANTILE EXCHANGE,80982,11342,50877,145795,180184,2010-03-16,69640,-94918
2010-03-23T00:00:00.000,CANADIAN DOLLAR - CHICAGO MERCANTILE EXCHANGE,90278,17251,14953,120060,152885,2010-03-23,73027,-105107
2010-03-30T00:00:00.000,CANADIAN DOLLAR - CHICAGO MERCANTILE EXCHANGE,88595,18299,18473,119260,152133,2010-03-30,70296,-100787
2010-04-06T00:00:00.000,CANADIAN DOLLAR - CHICAGO MERCANTILE EXCHANGE,88881,19569,17564,116038,151537,2010-04-06,69312,-98474
2010-04-13T00:00:00.000,CANADIAN DOLLAR - CHICAGO MERCANTILE EXCHANGE,87918,17443,19767,120177,153401,2010-04-13,70475,-100410
2010-04-20T00:00:00.000,CANADIAN DOLLAR - CHICAGO MERCANTILE EXCHANGE,82664,13008,17808,119302,149360,2010-04-20,69656,-101494
2010-04-27T00:00:00.000,CANADIAN DOLLAR - CHICAGO MERCANTILE EXCHANGE,72366,13168,24191,114293,144191,2010-04-27,59198,-90102
2010-05-04T00:00:00.000,CANADIAN DOLLAR - CHICAGO MERCANTILE EXCHANGE,65431,13419,25697,106160,137181,2010-05-04,52012,-80463
2010-05-11T00:00:00.000,CANADIAN DOLLAR - CHICAGO MERCANTILE EXCHANGE,58010,7556,26666,98039,122092,2010-05-11,50454,-71373
2010-05-18T00:00:00.000,CANADIAN DOLLAR - CHICAGO MERCANTILE EXCHANGE,53254,8369,33225,100637,124952,2010-05-18,44885,-67412
2010-05-25T00:00:00.000,CANADIAN DOLLAR - CHICAGO MERCANTILE EXCHANGE,40113,16241,41847,88535,122642,2010-05-25,23872,-46688
2010-06-01T00:00:00.000,CANADIAN DOLLAR - CHICAGO MERCANTILE EXCHANGE,37262,15108,40741,82665,117450,2010-06-01,22154,-41924
2010-06-08T00:00:00.000,CANADIAN DOLLAR - CHICAGO MERCANTILE EXCHANGE,36775,14265,44943,88477,121438,2010-06-08,22510,-43534
2010-06-15T00:00:00.000,CANADIAN DOLLAR - CHICAGO MERCANTILE EXCHANGE,37460,10106,47624,95293,127919,2010-06-15,27354,-47669
2010-06-22T00:00:00.000,CANADIAN DOLLAR - CHICAGO MERCANTILE EXCHANGE,38499,12146,13163,60779,86397,2010-06-22,26353,-47616
2010-06-29T00:00:00.000,CANADIAN DOLLAR - CHICAGO MERCANTILE EXCHANGE,31575,15681,20026,58490,88461,2010-06-29,15894,-38464
2010-07-06T00:00:00.000,CANADIAN DOLLAR - CHICAGO MERCANTILE EXCHANGE,28549,20455,29407,55809,92565,2010-07-06,8094,-26402
2010-07-13T00:00:00.000,CANADIAN DOLLAR - CHICAGO MERCANTILE EXCHANGE,27952,5914,23275,66041,87394,2010-07-13,22038,-42766
2010-07-20T00:00:00.000,CANADIAN DOLLAR - CHICAGO MERCANTILE EXCHANGE,23739,7315,21328,60385,83317,2010-07-20,16424,-39057
2010-07-27T00:00:00.000,CANADIAN DOLLAR - CHICAGO MERCANTILE EXCHANGE,27045,3177,20687,65523,85121,2010-07-27,23868,-44836
2010-08-03T00:00:00.000,CANADIAN DOLLAR - CHICAGO MERCANTILE EXCHANGE,40335,6153,18145,77619,99262,2010-08-03,34182,-59474
2010-08-10T00:00:00.000,CANADIAN DOLLAR - CHICAGO MERCANTILE EXCHANGE,46616,5437,16265,85481,105543,2010-08-10,41179,-69216
2010-08-17T00:00:00.000,CANADIAN DOLLAR - CHICAGO MERCANTILE EXCHANGE,34446,4932,22906,73403,94908,2010-08-17,29514,-50497
2010-08-24T00:00:00.000,CANADIAN DOLLAR - CHICAGO MERCANTILE EXCHANGE,24889,8742,33640,67045,94976,2010-08-24,16147,-33405
2010-08-31T00:00:00.000,CANADIAN DOLLAR - CHICAGO MERCANTILE EXCHANGE,26957,31721,42949,56058,108003,2010-08-31,-4764,-13109
2010-09-07T00:00:00.000,CANADIAN DOLLAR - CHICAGO MERCANTILE EXCHANGE,27734,27282,43989,62136,107378,2010-09-07,452,-18147
2010-09-14T00:00:00.000,CANADIAN DOLLAR - CHICAGO MERCANTILE EXCHANGE,29057,11362,44462,80313,110946,2010-09-14,17695,-35851
2010-09-21T00:00:00.000,CANADIAN DOLLAR - CHICAGO MERCANTILE EXCHANGE,46985,17170,17441,70177,101524,2010-09-21,29815,-52736
2010-09-28T00:00:00.000,CANADIAN DOLLAR - CHICAGO MERCANTILE EXCHANGE,43078,15208,17957,72977,101260,2010-09-28,27870,-55020
2010-10-05T00:00:00.000,CANADIAN DOLLAR - CHICAGO MERCANTILE EXCHANGE,62909,20231,16843,85492,120045,2010-10-05,42678,-68649
2010-10-12T00:00:00.000,CANADIAN DOLLAR - CHICAGO MERCANTILE EXCHANGE,63283,19497,19986,89438,123851,2010-10-12,43786,-69452
2010-10-19T00:00:00.000,CANADIAN DOLLAR - CHICAGO MERCANTILE EXCHANGE,47852,17112,22985,80111,112791,2010-10-19,30740,-57126
2010-10-26T00:00:00.000,CANADIAN DOLLAR - CHICAGO MERCANTILE EXCHANGE,37802,17927,23710,69433,102269,2010-10-26,19875,-45723
2010-11-02T00:00:00.000,CANADIAN DOLLAR - CHICAGO MERCANTILE EXCHANGE,41890,18525,21972,70265,104809,2010-11-02,23365,-48293
2010-11-09T00:00:00.000,CANADIAN DOLLAR - CHICAGO MERCANTILE EXCHANGE,62533,25195,23211,86147,128710,2010-11-09,37338,-62936
2010-11-16T00:00:00.000,CANADIAN DOLLAR - CHICAGO MERCANTILE EXCHANGE,58390,19949,25324,87484,124587,2010-11-16,38441,-62160
2010-11-23T00:00:00.000,CANADIAN DOLLAR - CHICAGO MERCANTILE EXCHANGE,36797,14298,30250,72936,105442,2010-11-23,22499,-42686
2010-11-30T00:00:00.000,CANADIAN DOLLAR - CHICAGO MERCANTILE EXCHANGE,30999,11844,29282,70943,100245,2010-11-30,19155,-41661
2010-12-07T00:00:00.000,CANADIAN DOLLAR - CHICAGO MERCANTILE EXCHANGE,47003,13281,28147,85525,114999,2010-12-07,33722,-57378
2010-12-14T00:00:00.000,CANADIAN DOLLAR - CHICAGO MERCANTILE EXCHANGE,44840,11444,45814,107497,142291,2010-12-14,33396,-61683
2010-12-21T00:00:00.000,CANADIAN DOLLAR - CHICAGO MERCANTILE EXCHANGE,39665,14717,12976,63827,91294,2010-12-21,24948,-50851
2010-12-28T00:00:00.000,CANADIAN DOLLAR - CHICAGO MERCANTILE EXCHANGE,58142,23355,13470,75069,113223,2010-12-28,34787,-61599
2011-01-04T00:00:00.000,CANADIAN DOLLAR - CHICAGO MERCANTILE EXCHANGE,65421,27073,12903,78154,120758,2011-01-04,38348,-65251
2011-01-11T00:00:00.000,CANADIAN DOLLAR - CHICAGO MERCANTILE EXCHANGE,70872,23115,12570,89446,129480,2011-01-11,47757,-76876
2011-01-18T00:00:00.000,CANADIAN DOLLAR - CHICAGO MERCANTILE EXCHANGE,67614,23559,13829,89185,128185,2011-01-18,44055,-75356
2011-01-25T00:00:00.000,CANADIAN DOLLAR - CHICAGO MERCANTILE EXCHANGE,54075,22356,16727,81426,117899,2011-01-25,31719,-64699
2011-02-01T00:00:00.000,CANADIAN DOLLAR - CHICAGO MERCANTILE EXCHANGE,55186,21372,15872,82109,119488,2011-02-01,33814,-66237
2011-02-08T00:00:00.000,CANADIAN DOLLAR - CHICAGO MERCANTILE EXCHANGE,72899,33109,17467,93827,141604,2011-02-08,39790,-76360
2011-02-15T00:00:00.000,CANADIAN DOLLAR - CHICAGO MERCANTILE EXCHANGE,77018,4928,17558,119384,140822,2011-02-15,72090,-101826
2011-02-22T00:00:00.000,CANADIAN DOLLAR - CHICAGO MERCANTILE EXCHANGE,72774,4426,17913,119042,140610,2011-02-22,68348,-101129
2011-03-01T00:00:00.000,CANADIAN DOLLAR - CHICAGO MERCANTILE EXCHANGE,78365,5538,16779,123061,148414,2011-03-01,72827,-106282
2011-03-08T00:00:00.000,CANADIAN DOLLAR - CHICAGO MERCANTILE EXCHANGE,81253,3709,37451,152641,174715,2011-03-08,77544,-115190
2011-03-15T00:00:00.000,CANADIAN DOLLAR - CHICAGO MERCANTILE EXCHANGE,60789,3798,74231,165059,189157,2011-03-15,56991,-90828
2011-03-22T00:00:00.000,CANADIAN DOLLAR - CHICAGO MERCANTILE EXCHANGE,49722,3745,21588,99515,118442,2011-03-22,45977,-77927
2011-03-29T00:00:00.000,CANADIAN DOLLAR - CHICAGO MERCANTILE EXCHANGE,52886,1641,20231,102773,119128,2011-03-29,51245,-82542
2011-04-05T00:00:00.000,CANADIAN DOLLAR - CHICAGO MERCANTILE EXCHANGE,68876,3846,17432,117936,138257,2011-04-05,65030,-100504
2011-04-12T00:00:00.000,CANADIAN DOLLAR - CHICAGO MERCANTILE EXCHANGE,66354,2613,22824,123079,142022,2011-04-12,63741,-100255
2011-04-19T00:00:00.000,CANADIAN DOLLAR - CHICAGO MERCANTILE EXCHANGE,67489,2454,23480,123045,141961,2011-04-19,65035,-99565
2011-04-26T00:00:00.000,CANADIAN DOLLAR - CHICAGO MERCANTILE EXCHANGE,61493,2430,24838,122485,138939,2011-04-26,59063,-97647
2011-05-03T00:00:00.000,CANADIAN DOLLAR - CHICAGO MERCANTILE EXCHANGE,59863,5822,30740,118338,139919,2011-05-03,54041,-87598
2011-05-10T00:00:00.000,CANADIAN DOLLAR - CHICAGO MERCANTILE EXCHANGE,42698,5495,30104,99527,121478,2011-05-10,37203,-69423
2011-05-17T00:00:00.000,CANADIAN DOLLAR - CHICAGO MERCANTILE EXCHANGE,36008,9717,40314,97727,123386,2011-05-17,26291,-57413
2011-05-24T00:00:00.000,CANADIAN DOLLAR - CHICAGO MERCANTILE EXCHANGE,31219,9942,41488,94763,120245,2011-05-24,21277,-53275
2011-05-31T00:00:00.000,CANADIAN DOLLAR - CHICAGO MERCANTILE EXCHANGE,35657,9255,41643,100975,125654,2011-05-31,26402,-59332
2011-06-07T00:00:00.000,CANADIAN DOLLAR - CHICAGO MERCANTILE EXCHANGE,32631,19109,51857,88565,129110,2011-06-07,13522,-36708
2011-06-14T00:00:00.000,CANADIAN DOLLAR - CHICAGO MERCANTILE EXCHANGE,33746,14891,54875,103612,142172,2011-06-14,18855,-48737
2011-06-21T00:00:00.000,CANADIAN DOLLAR - CHICAGO MERCANTILE EXCHANGE,19983,17779,24090,51741,87905,2011-06-21,2204,-27651
2011-06-28T00:00:00.000,CANADIAN DOLLAR - CHICAGO MERCANTILE EXCHANGE,21896,23759,28565,46695,92360,2011-06-28,-1863,-18130
2011-07-05T00:00:00.000,CANADIAN DOLLAR - CHICAGO MERCANTILE EXCHANGE,31346,24525,25473,63589,105967,2011-07-05,6821,-38116
2011-07-12T00:00:00.000,CANADIAN DOLLAR - CHICAGO MERCANTILE EXCHANGE,39535,24201,24080,70701,111624,2011-07-12,15334,-46621
2011-07-19T00:00:00.000,CANADIAN DOLLAR - CHICAGO MERCANTILE EXCHANGE,52623,24859,25093,81777,124719,2011-07-19,27764,-56684
2011-07-26T00:00:00.000,CANADIAN DOLLAR - CHICAGO MERCANTILE EXCHANGE,52884,16743,27531,93417,128807,2011-07-26,36141,-65886
2011-08-02T00:00:00.000,CANADIAN DOLLAR - CHICAGO MERCANTILE EXCHANGE,57482,16445,27593,97892,133150,2011-08-02,41037,-70299
2011-08-09T00:00:00.000,CANADIAN DOLLAR - CHICAGO MERCANTILE EXCHANGE,38872,15168,35943,80076,118973,2011-08-09,23704,-44133
2011-08-16T00:00:00.000,CANADIAN DOLLAR - CHICAGO MERCANTILE EXCHANGE,23153,19032,39061,60465,103509,2011-08-16,4121,-21404
2011-08-23T00:00:00.000,CANADIAN DOLLAR - CHICAGO MERCANTILE EXCHANGE,23368,14564,38944,64812,104672,2011-08-23,8804,-25868
2011-08-30T00:00:00.000,CANADIAN DOLLAR - CHICAGO MERCANTILE EXCHANGE,24823,10884,40827,71626,107237,2011-08-30,13939,-30799
2011-09-06T00:00:00.000,CANADIAN DOLLAR - CHICAGO MERCANTILE EXCHANGE,18441,16360,48193,67166,109190,2011-09-06,2081,-18973
2011-09-13T00:00:00.000,CANADIAN DOLLAR - CHICAGO MERCANTILE EXCHANGE,17337,23640,55828,64452,117403,2011-09-13,-6303,-8624
2011-09-20T00:00:00.000,CANADIAN DOLLAR - CHICAGO MERCANTILE EXCHANGE,20422,25880,54981,67965,123057,2011-09-20,-5458,-12984
2011-09-27T00:00:00.000,CANADIAN DOLLAR - CHICAGO MERCANTILE EXCHANGE,21320,41870,32338,21145,86146,2011-09-27,-20550,11193
2011-10-04T00:00:00.000,CANADIAN DOLLAR - CHICAGO MERCANTILE EXCHANGE,22713,38395,47148,36124,103733,2011-10-04,-15682,11024
2011-10-11T00:00:00.000,CANADIAN DOLLAR - CHICAGO MERCANTILE EXCHANGE,23922,48835,74038,48096,122945,2011-10-11,-24913,25942
2011-10-18T00:00:00.000,CANADIAN DOLLAR - CHICAGO MERCANTILE EXCHANGE,23343,48138,74197,48610,123074,2011-10-18,-24795,25587
2011-10-25T00:00:00.000,CANADIAN DOLLAR - CHICAGO MERCANTILE EXCHANGE,25368,43291,69325,51351,120187,2011-10-25,-17923,17974
2011-11-01T00:00:00.000,CANADIAN DOLLAR - CHICAGO MERCANTILE EXCHANGE,27420,42240,64477,56340,119841,2011-11-01,-14820,8137
2011-11-08T00:00:00.000,CANADIAN DOLLAR - CHICAGO MERCANTILE EXCHANGE,28003,43571,64301,57537,122069,2011-11-08,-15568,6764
2011-11-15T00:00:00.000,CANADIAN DOLLAR - CHICAGO MERCANTILE EXCHANGE,28819,46034,66149,56849,123967,2011-11-15,-17215,9300
2011-11-22T00:00:00.000,CANADIAN DOLLAR - CHICAGO MERCANTILE EXCHANGE,29041,51185,73856,54766,129151,2011-11-22,-22144,19090
2011-11-29T00:00:00.000,CANADIAN DOLLAR - CHICAGO MERCANTILE EXCHANGE,30069,56938,86803,62064,143231,2011-11-29,-26869,24739
2011-12-06T00:00:00.000,CANADIAN DOLLAR - CHICAGO MERCANTILE EXCHANGE,31022,51193,91372,74694,150326,2011-12-06,-20171,16678
2011-12-13T00:00:00.000,CANADIAN DOLLAR - CHICAGO MERCANTILE EXCHANGE,35787,49172,105069,95658,173429,2011-12-13,-13385,9411
2011-12-20T00:00:00.000,CANADIAN DOLLAR - CHICAGO MERCANTILE EXCHANGE,21428,48296,90485,93717,174254,2011-12-20,-26868,-3232
2011-12-27T00:00:00.000,CANADIAN DOLLAR - CHICAGO MERCANTILE EXCHANGE,28132,49944,64290,45089,118735,2011-12-27,-21812,19201
2012-01-03T00:00:00.000,CANADIAN DOLLAR - CHICAGO MERCANTILE EXCHANGE,27665,51036,64236,45736,119763,2012-01-03,-23371,18500
2012-01-10T00:00:00.000,CANADIAN DOLLAR - CHICAGO MERCANTILE EXCHANGE,23039,51688,67906,48899,120997,2012-01-10,-28649,19007
2012-01-17T00:00:00.000,CANADIAN DOLLAR - CHICAGO MERCANTILE EXCHANGE,25118,53848,70249,47130,123101,2012-01-17,-28730,23119
2012-01-24T00:00:00.000,CANADIAN DOLLAR - CHICAGO MERCANTILE EXCHANGE,29772,48681,54912,48032,117164,2012-01-24,-18909,6880
2012-01-31T00:00:00.000,CANADIAN DOLLAR - CHICAGO MERCANTILE EXCHANGE,30140,49549,54905,48260,119270,2012-01-31,-19409,6645
2012-02-07T00:00:00.000,CANADIAN DOLLAR - CHICAGO MERCANTILE EXCHANGE,37065,34881,46984,65258,122955,2012-02-07,2184,-18274
2012-02-14T00:00:00.000,CANADIAN DOLLAR - CHICAGO MERCANTILE EXCHANGE,38465,28899,45270,69895,122896,2012-02-14,9566,-24625
2012-02-21T00:00:00.000,CANADIAN DOLLAR - CHICAGO MERCANTILE EXCHANGE,47784,33672,40420,72938,129249,2012-02-21,14112,-32518
2012-02-28T00:00:00.000,CANADIAN DOLLAR - CHICAGO MERCANTILE EXCHANGE,50763,28283,45369,86896,136553,2012-02-28,22480,-41527
2012-03-06T00:00:00.000,CANADIAN DOLLAR - CHICAGO MERCANTILE EXCHANGE,55906,29874,47002,92186,146771,2012-03-06,26032,-45184
2012-03-13T00:00:00.000,CANADIAN DOLLAR - CHICAGO MERCANTILE EXCHANGE,59548,32827,61100,111626,172856,2012-03-13,26721,-50526
2012-03-20T00:00:00.000,CANADIAN DOLLAR - CHICAGO MERCANTILE EXCHANGE,62768,20453,64621,127121,189870,2012-03-20,42315,-62500
2012-03-27T00:00:00.000,CANADIAN DOLLAR - CHICAGO MERCANTILE EXCHANGE,53432,29695,30438,75445,122621,2012-03-27,23737,-45007
2012-04-03T00:00:00.000,CANADIAN DOLLAR - CHICAGO MERCANTILE EXCHANGE,57291,27804,29195,80582,126333,2012-04-03,29487,-51387
2012-04-10T00:00:00.000,CANADIAN DOLLAR - CHICAGO MERCANTILE EXCHANGE,47992,20025,29950,71160,113833,2012-04-10,27967,-41210
2012-04-17T00:00:00.000,CANADIAN DOLLAR - CHICAGO MERCANTILE EXCHANGE,58319,20291,31141,89592,128841,2012-04-17,38028,-58451
2012-04-24T00:00:00.000,CANADIAN DOLLAR - CHICAGO MERCANTILE EXCHANGE,63028,18804,30013,98096,134899,2012-04-24,44224,-68083
2012-05-01T00:00:00.000,CANADIAN DOLLAR - CHICAGO MERCANTILE EXCHANGE,84458,14235,28754,131303,163036,2012-05-01,70223,-102549
2012-05-08T00:00:00.000,CANADIAN DOLLAR - CHICAGO MERCANTILE EXCHANGE,69914,9819,35823,116152,148415,2012-05-08,60095,-80329
2012-05-15T00:00:00.000,CANADIAN DOLLAR - CHICAGO MERCANTILE EXCHANGE,66286,15281,37358,103874,140173,2012-05-15,51005,-66516
2012-05-22T00:00:00.000,CANADIAN DOLLAR - CHICAGO MERCANTILE EXCHANGE,57577,19022,38781,86973,130992,2012-05-22,38555,-48192
2012-05-29T00:00:00.000,CANADIAN DOLLAR - CHICAGO MERCANTILE EXCHANGE,48793,14708,45130,84629,126626,2012-05-29,34085,-39499
2012-06-05T00:00:00.000,CANADIAN DOLLAR - CHICAGO MERCANTILE EXCHANGE,39559,24653,63694,81024,137391,2012-06-05,14906,-17330
2012-06-12T00:00:00.000,CANADIAN DOLLAR - CHICAGO MERCANTILE EXCHANGE,31308,21688,66261,77184,135037,2012-06-12,9620,-10923
2012-06-19T00:00:00.000,CANADIAN DOLLAR - CHICAGO MERCANTILE EXCHANGE,27808,19607,67917,79033,131671,2012-06-19,8201,-11116
2012-06-26T00:00:00.000,CANADIAN DOLLAR - CHICAGO MERCANTILE EXCHANGE,27778,18501,39527,46752,95821,2012-06-26,9277,-7225
2012-07-03T00:00:00.000,CANADIAN DOLLAR - CHICAGO MERCANTILE EXCHANGE,22923,14225,40158,49308,93160,2012-07-03,8698,-9150
2012-07-10T00:00:00.000,CANADIAN DOLLAR - CHICAGO MERCANTILE EXCHANGE,24673,20335,46123,50960,100606,2012-07-10,4338,-4837
2012-07-17T00:00:00.000,CANADIAN DOLLAR - CHICAGO MERCANTILE EXCHANGE,23628,24836,50361,50189,103963,2012-07-17,-1208,172
2012-07-24T00:00:00.000,CANADIAN DOLLAR - CHICAGO MERCANTILE EXCHANGE,29695,32127,52846,50324,111062,2012-07-24,-2432,2522
2012-07-31T00:00:00.000,CANADIAN DOLLAR - CHICAGO MERCANTILE EXCHANGE,30652,18203,36868,59582,101082,2012-07-31,12449,-22714
2012-08-07T00:00:00.000,CANADIAN DOLLAR - CHICAGO MERCANTILE EXCHANGE,43190,24068,32069,64622,109258,2012-08-07,19122,-32553
2012-08-14T00:00:00.000,CANADIAN DOLLAR - CHICAGO MERCANTILE EXCHANGE,53894,25301,29523,75171,123658,2012-08-14,28593,-45648
2012-08-21T00:00:00.000,CANADIAN DOLLAR - CHICAGO MERCANTILE EXCHANGE,76008,25141,28897,103360,150410,2012-08-21,50867,-74463
2012-08-28T00:00:00.000,CANADIAN DOLLAR - CHICAGO MERCANTILE EXCHANGE,86639,25703,32156,116124,163842,2012-08-28,60936,-83968
2012-09-04T00:00:00.000,CANADIAN DOLLAR - CHICAGO MERCANTILE EXCHANGE,89309,22754,36806,123990,171278,2012-09-04,66555,-87184
2012-09-11T00:00:00.000,CANADIAN DOLLAR - CHICAGO MERCANTILE EXCHANGE,116546,14686,70866,199989,254598,2012-09-11,101860,-129123
2012-09-18T00:00:00.000,CANADIAN DOLLAR - CHICAGO MERCANTILE EXCHANGE,126688,14807,111793,250531,296999,2012-09-18,111881,-138738
2012-09-25T00:00:00.000,CANADIAN DOLLAR - CHICAGO MERCANTILE EXCHANGE,123643,18297,36716,173003,210066,2012-09-25,105346,-136287
2012-10-02T00:00:00.000,CANADIAN DOLLAR - CHICAGO MERCANTILE EXCHANGE,112706,11530,38350,167515,196895,2012-10-02,101176,-129165
2012-10-09T00:00:00.000,CANADIAN DOLLAR - CHICAGO MERCANTILE EXCHANGE,106300,10672,40463,162272,192593,2012-10-09,95628,-121809
2012-10-16T00:00:00.000,CANADIAN DOLLAR - CHICAGO MERCANTILE EXCHANGE,106369,12619,38298,157782,189466,2012-10-16,93750,-119484
2012-10-23T00:00:00.000,CANADIAN DOLLAR - CHICAGO MERCANTILE EXCHANGE,98566,9478,41195,149052,178102,2012-10-23,89088,-107857
2012-10-30T00:00:00.000,CANADIAN DOLLAR - CHICAGO MERCANTILE EXCHANGE,86306,7535,39783,139753,167010,2012-10-30,78771,-99970
2012-11-06T00:00:00.000,CANADIAN DOLLAR - CHICAGO MERCANTILE EXCHANGE,82882,8120,46619,137784,166422,2012-11-06,74762,-91165
2012-11-13T00:00:00.000,CANADIAN DOLLAR - CHICAGO MERCANTILE EXCHANGE,75935,9816,55425,137441,168339,2012-11-13,66119,-82016
2012-11-20T00:00:00.000,CANADIAN DOLLAR - CHICAGO MERCANTILE EXCHANGE,72893,11447,61171,135820,169517,2012-11-20,61446,-74649
2012-11-27T00:00:00.000,CANADIAN DOLLAR - CHICAGO MERCANTILE EXCHANGE,72663,10284,59723,138285,170497,2012-11-27,62379,-78562
2012-12-04T00:00:00.000,CANADIAN DOLLAR - CHICAGO MERCANTILE EXCHANGE,66356,9285,58434,137757,167343,2012-12-04,57071,-79323
2012-12-11T00:00:00.000,CANADIAN DOLLAR - CHICAGO MERCANTILE EXCHANGE,74220,11687,57844,144751,178087,2012-12-11,62533,-86907
2012-12-18T00:00:00.000,CANADIAN DOLLAR - CHICAGO MERCANTILE EXCHANGE,81493,7215,81681,183505,219922,2012-12-18,74278,-101824
2012-12-24T00:00:00.000,CANADIAN DOLLAR - CHICAGO MERCANTILE EXCHANGE,72777,9425,26014,114327,140965,2012-12-24,63352,-88313
2012-12-31T00:00:00.000,CANADIAN DOLLAR - CHICAGO MERCANTILE EXCHANGE,73678,7752,25407,113539,137247,2012-12-31,65926,-88132
2013-01-08T00:00:00.000,CANADIAN DOLLAR - CHICAGO MERCANTILE EXCHANGE,70435,6430,24292,115271,137314,2013-01-08,64005,-90979
2013-01-15T00:00:00.000,CANADIAN DOLLAR - CHICAGO MERCANTILE EXCHANGE,73099,4431,25542,125179,144716,2013-01-15,68668,-99637
2013-01-22T00:00:00.000,CANADIAN DOLLAR - CHICAGO MERCANTILE EXCHANGE,66225,8273,29132,115969,141710,2013-01-22,57952,-86837
2013-01-29T00:00:00.000,CANADIAN DOLLAR - CHICAGO MERCANTILE EXCHANGE,53915,18858,57342,98176,144927,2013-01-29,35057,-40834
2013-02-05T00:00:00.000,CANADIAN DOLLAR - CHICAGO MERCANTILE EXCHANGE,44538,16777,65520,98384,141807,2013-02-05,27761,-32864
2013-02-12T00:00:00.000,CANADIAN DOLLAR - CHICAGO MERCANTILE EXCHANGE,39324,12759,67842,99304,140109,2013-02-12,26565,-31462
2013-02-19T00:00:00.000,CANADIAN DOLLAR - CHICAGO MERCANTILE EXCHANGE,46033,26654,76550,96554,156182,2013-02-19,19379,-20004
2013-02-26T00:00:00.000,CANADIAN DOLLAR - CHICAGO MERCANTILE EXCHANGE,42171,63604,123275,93736,195893,2013-02-26,-21433,29539
2013-03-05T00:00:00.000,CANADIAN DOLLAR - CHICAGO MERCANTILE EXCHANGE,39564,86227,151458,92287,221062,2013-03-05,-46663,59171
2013-03-12T00:00:00.000,CANADIAN DOLLAR - CHICAGO MERCANTILE EXCHANGE,37020,90417,181721,114056,249150,2013-03-12,-53397,67665
2013-03-19T00:00:00.000,CANADIAN DOLLAR - CHICAGO MERCANTILE EXCHANGE,39417,104748,235665,159023,308970,2013-03-19,-65331,76642
2013-03-26T00:00:00.000,CANADIAN DOLLAR - CHICAGO MERCANTILE EXCHANGE,26286,88931,105065,33549,160847,2013-03-26,-62645,71516
2013-04-02T00:00:00.000,CANADIAN DOLLAR - CHICAGO MERCANTILE EXCHANGE,26212,90756,105344,34219,163150,2013-04-02,-64544,71125
2013-04-09T00:00:00.000,CANADIAN DOLLAR - CHICAGO MERCANTILE EXCHANGE,24056,95189,110957,32125,161861,2013-04-09,-71133,78832
2013-04-16T00:00:00.000,CANADIAN DOLLAR - CHICAGO MERCANTILE EXCHANGE,26003,101916,119246,33403,171111,2013-04-16,-75913,85843
2013-04-23T00:00:00.000,CANADIAN DOLLAR - CHICAGO MERCANTILE EXCHANGE,27940,99619,117167,33999,171804,2013-04-23,-71679,83168
2013-04-30T00:00:00.000,CANADIAN DOLLAR - CHICAGO MERCANTILE EXCHANGE,23246,91094,110577,36690,161473,2013-04-30,-67848,73887
2013-05-07T00:00:00.000,CANADIAN DOLLAR - CHICAGO MERCANTILE EXCHANGE,25741,77657,92646,40955,149014,2013-05-07,-51916,51691
2013-05-14T00:00:00.000,CANADIAN DOLLAR - CHICAGO MERCANTILE EXCHANGE,28352,72769,80107,40993,142482,2013-05-14,-44417,39114
2013-05-21T00:00:00.000,CANADIAN DOLLAR - CHICAGO MERCANTILE EXCHANGE,30686,64538,84231,40103,141531,2013-05-21,-33852,44128
2013-05-28T00:00:00.000,CANADIAN DOLLAR - CHICAGO MERCANTILE EXCHANGE,28298,61657,88719,39653,144725,2013-05-28,-33359,49066
2013-06-04T00:00:00.000,CANADIAN DOLLAR - CHICAGO MERCANTILE EXCHANGE,22351,62127,97317,39310,141838,2013-06-04,-39776,58007
2013-06-11T00:00:00.000,CANADIAN DOLLAR - CHICAGO MERCANTILE EXCHANGE,17343,53250,98780,50091,145729,2013-06-11,-35907,48689
2013-06-18T00:00:00.000,CANADIAN DOLLAR - CHICAGO MERCANTILE EXCHANGE,15470,41557,100129,64909,145484,2013-06-18,-26087,35220
2013-06-25T00:00:00.000,CANADIAN DOLLAR - CHICAGO MERCANTILE EXCHANGE,27186,37824,60951,36596,109819,2013-06-25,-10638,24355
2013-07-02T00:00:00.000,CANADIAN DOLLAR - CHICAGO MERCANTILE EXCHANGE,35398,51648,70456,36286,126754,2013-07-02,-16250,34170
2013-07-09T00:00:00.000,CANADIAN DOLLAR - CHICAGO MERCANTILE EXCHANGE,37260,61089,80806,39418,140106,2013-07-09,-23829,41388
2013-07-16T00:00:00.000,CANADIAN DOLLAR - CHICAGO MERCANTILE EXCHANGE,32187,52230,80511,43701,133870,2013-07-16,-20043,36810
2013-07-23T00:00:00.000,CANADIAN DOLLAR - CHICAGO MERCANTILE EXCHANGE,22262,39020,74122,45717,119597,2013-07-23,-16758,28405
2013-07-30T00:00:00.000,CANADIAN DOLLAR - CHICAGO MERCANTILE EXCHANGE,20729,32163,66544,44162,111005,2013-07-30,-11434,22382
2013-08-06T00:00:00.000,CANADIAN DOLLAR - CHICAGO MERCANTILE EXCHANGE,22629,33065,62191,41327,106787,2013-08-06,-10436,20864
2013-08-13T00:00:00.000,CANADIAN DOLLAR - CHICAGO MERCANTILE EXCHANGE,21751,30832,60271,41643,105303,2013-08-13,-9081,18628
2013-08-20T00:00:00.000,CANADIAN DOLLAR - CHICAGO MERCANTILE EXCHANGE,26559,36103,60065,39126,108282,2013-08-20,-9544,20939
2013-08-27T00:00:00.000,CANADIAN DOLLAR - CHICAGO MERCANTILE EXCHANGE,35375,60334,75703,34516,133392,2013-08-27,-24959,41187
2013-09-03T00:00:00.000,CANADIAN DOLLAR - CHICAGO MERCANTILE EXCHANGE,31879,66518,87628,38349,143241,2013-09-03,-34639,49279
2013-09-10T00:00:00.000,CANADIAN DOLLAR - CHICAGO MERCANTILE EXCHANGE,24621,55563,89696,47283,137986,2013-09-10,-30942,42413
2013-09-17T00:00:00.000,CANADIAN DOLLAR - CHICAGO MERCANTILE EXCHANGE,25286,44050,90759,67900,142925,2013-09-17,-18764,22859
2013-09-24T00:00:00.000,CANADIAN DOLLAR - CHICAGO MERCANTILE EXCHANGE,40278,45953,51746,47538,119624,2013-09-24,-5675,4208
2013-10-01T00:00:00.000,CANADIAN DOLLAR - CHICAGO MERCANTILE EXCHANGE,43734,44689,50999,52742,122732,2013-10-01,-955,-1743
2013-10-08T00:00:00.000,CANADIAN DOLLAR - CHICAGO MERCANTILE EXCHANGE,33857,42520,58507,48234,118332,2013-10-08,-8663,10273
2013-10-15T00:00:00.000,CANADIAN DOLLAR - CHICAGO MERCANTILE EXCHANGE,28436,39250,59892,43593,112544,2013-10-15,-10814,16299
2013-10-22T00:00:00.000,CANADIAN DOLLAR - CHICAGO MERCANTILE EXCHANGE,28906,34270,53694,48168,109316,2013-10-22,-5364,5526
2013-10-29T00:00:00.000,CANADIAN DOLLAR - CHICAGO MERCANTILE EXCHANGE,27233,42470,63565,42044,116157,2013-10-29,-15237,21521
2013-11-05T00:00:00.000,CANADIAN DOLLAR - CHICAGO MERCANTILE EXCHANGE,26803,44805,65070,39903,117253,2013-11-05,-18002,25167
2013-11-12T00:00:00.000,CANADIAN DOLLAR - CHICAGO MERCANTILE EXCHANGE,29306,45398,61948,38416,118952,2013-11-12,-16092,23532
2013-11-19T00:00:00.000,CANADIAN DOLLAR - CHICAGO MERCANTILE EXCHANGE,31656,47991,62818,39597,121813,2013-11-19,-16335,23221
2013-11-26T00:00:00.000,CANADIAN DOLLAR - CHICAGO MERCANTILE EXCHANGE,28143,56923,74321,33319,129471,2013-11-26,-28780,41002
2013-12-03T00:00:00.000,CANADIAN DOLLAR - CHICAGO MERCANTILE EXCHANGE,32589,74172,85823,29393,145767,2013-12-03,-41583,56430
2013-12-10T00:00:00.000,CANADIAN DOLLAR - CHICAGO MERCANTILE EXCHANGE,31049,88563,102583,27153,160759,2013-12-10,-57514,75430
2013-12-17T00:00:00.000,CANADIAN DOLLAR - CHICAGO MERCANTILE EXCHANGE,25133,90633,128256,46736,187136,2013-12-17,-65500,81520
2013-12-24T00:00:00.000,CANADIAN DOLLAR - CHICAGO MERCANTILE EXCHANGE,28191,86623,97141,23032,149359,2013-12-24,-58432,74109
2013-12-31T00:00:00.000,CANADIAN DOLLAR - CHICAGO MERCANTILE EXCHANGE,28206,86162,96555,22616,149037,2013-12-31,-57956,73939
2014-01-07T00:00:00.000,CANADIAN DOLLAR - CHICAGO MERCANTILE EXCHANGE,30535,91077,100257,22587,156950,2014-01-07,-60542,77670
2014-01-14T00:00:00.000,CANADIAN DOLLAR - CHICAGO MERCANTILE EXCHANGE,34212,101557,108454,24143,171370,2014-01-14,-67345,84311
2014-01-21T00:00:00.000,CANADIAN DOLLAR - CHICAGO MERCANTILE EXCHANGE,29423,99750,112401,22597,169456,2014-01-21,-70327,89804
2014-01-28T00:00:00.000,CANADIAN DOLLAR - CHICAGO MERCANTILE EXCHANGE,25976,88765,100271,24102,157214,2014-01-28,-62789,76169
2014-02-04T00:00:00.000,CANADIAN DOLLAR - CHICAGO MERCANTILE EXCHANGE,29439,89739,103483,24231,160625,2014-02-04,-60300,79252
2014-02-11T00:00:00.000,CANADIAN DOLLAR - CHICAGO MERCANTILE EXCHANGE,27745,86673,100937,27304,157495,2014-02-11,-58928,73633
2014-02-18T00:00:00.000,CANADIAN DOLLAR - CHICAGO MERCANTILE EXCHANGE,27756,92756,98317,21647,154862,2014-02-18,-65000,76670
2014-02-25T00:00:00.000,CANADIAN DOLLAR - CHICAGO MERCANTILE EXCHANGE,24865,83456,87922,20063,141519,2014-02-25,-58591,67859
2014-03-04T00:00:00.000,CANADIAN DOLLAR - CHICAGO MERCANTILE EXCHANGE,23306,84402,92528,22654,147033,2014-03-04,-61096,69874
2014-03-11T00:00:00.000,CANADIAN DOLLAR - CHICAGO MERCANTILE EXCHANGE,25180,77371,91067,28072,153639,2014-03-11,-52191,62995
2014-03-18T00:00:00.000,CANADIAN DOLLAR - CHICAGO MERCANTILE EXCHANGE,27751,97556,108340,32003,186782,2014-03-18,-69805,76337
2014-03-25T00:00:00.000,CANADIAN DOLLAR - CHICAGO MERCANTILE EXCHANGE,40441,73656,66564,16585,133246,2014-03-25,-33215,49979
2014-04-01T00:00:00.000,CANADIAN DOLLAR - CHICAGO MERCANTILE EXCHANGE,27549,64543,64673,16945,117966,2014-04-01,-36994,47728
2014-04-08T00:00:00.000,CANADIAN DOLLAR - CHICAGO MERCANTILE EXCHANGE,28704,63011,63008,20281,120336,2014-04-08,-34307,42727
2014-04-15T00:00:00.000,CANADIAN DOLLAR - CHICAGO MERCANTILE EXCHANGE,28288,63714,61985,24143,119525,2014-04-15,-35426,37842
2014-04-22T00:00:00.000,CANADIAN DOLLAR - CHICAGO MERCANTILE EXCHANGE,27529,62984,61316,25231,118707,2014-04-22,-35455,36085
2014-04-29T00:00:00.000,CANADIAN DOLLAR - CHICAGO MERCANTILE EXCHANGE,30093,60388,60536,30531,123589,2014-04-29,-30295,30005
2014-05-06T00:00:00.000,CANADIAN DOLLAR - CHICAGO MERCANTILE EXCHANGE,28044,59644,61606,29890,122287,2014-05-06,-31600,31716
2014-05-13T00:00:00.000,CANADIAN DOLLAR - CHICAGO MERCANTILE EXCHANGE,26986,53023,62277,33491,121632,2014-05-13,-26037,28786
2014-05-20T00:00:00.000,CANADIAN DOLLAR - CHICAGO MERCANTILE EXCHANGE,26500,53034,63083,32758,121268,2014-05-20,-26534,30325
2014-05-27T00:00:00.000,CANADIAN DOLLAR - CHICAGO MERCANTILE EXCHANGE,32581,54391,63738,41669,129989,2014-05-27,-21810,22069
2014-06-03T00:00:00.000,CANADIAN DOLLAR - CHICAGO MERCANTILE EXCHANGE,32519,55250,66011,40421,130275,2014-06-03,-22731,25590
2014-06-10T00:00:00.000,CANADIAN DOLLAR - CHICAGO MERCANTILE EXCHANGE,30303,54411,62263,34236,125832,2014-06-10,-24108,28027
2014-06-17T00:00:00.000,CANADIAN DOLLAR - CHICAGO MERCANTILE EXCHANGE,34582,56115,47778,38467,132209,2014-06-17,-21533,9311
2014-06-24T00:00:00.000,CANADIAN DOLLAR - CHICAGO MERCANTILE EXCHANGE,40595,45915,29794,25254,103193,2014-06-24,-5320,4540
2014-07-01T00:00:00.000,CANADIAN DOLLAR - CHICAGO MERCANTILE EXCHANGE,44755,42060,30835,40158,111438,2014-07-01,2695,-9323
2014-07-08T00:00:00.000,CANADIAN DOLLAR - CHICAGO MERCANTILE EXCHANGE,58245,47950,32588,53286,128555,2014-07-08,10295,-20698
2014-07-15T00:00:00.000,CANADIAN DOLLAR - CHICAGO MERCANTILE EXCHANGE,60353,44732,33209,57233,129787,2014-07-15,15621,-24024
2014-07-22T00:00:00.000,CANADIAN DOLLAR - CHICAGO MERCANTILE EXCHANGE,62078,41497,33108,59514,129188,2014-07-22,20581,-26406
2014-07-29T00:00:00.000,CANADIAN DOLLAR - CHICAGO MERCANTILE EXCHANGE,56459,33768,33594,60469,122619,2014-07-29,22691,-26875
2014-08-05T00:00:00.000,CANADIAN DOLLAR - CHICAGO MERCANTILE EXCHANGE,48944,27489,36570,56354,115261,2014-08-05,21455,-19784
2014-08-12T00:00:00.000,CANADIAN DOLLAR - CHICAGO MERCANTILE EXCHANGE,44053,26055,35969,49629,108979,2014-08-12,17998,-13660
2014-08-19T00:00:00.000,CANADIAN DOLLAR - CHICAGO MERCANTILE EXCHANGE,41844,34563,40948,44290,113301,2014-08-19,7281,-3342
2014-08-26T00:00:00.000,CANADIAN DOLLAR - CHICAGO MERCANTILE EXCHANGE,38522,32859,40150,43604,108441,2014-08-26,5663,-3454
2014-09-02T00:00:00.000,CANADIAN DOLLAR - CHICAGO MERCANTILE EXCHANGE,35333,26142,39648,49022,105984,2014-09-02,9191,-9374
2014-09-09T00:00:00.000,CANADIAN DOLLAR - CHICAGO MERCANTILE EXCHANGE,33400,21770,40549,46908,102951,2014-09-09,11630,-6359
2014-09-16T00:00:00.000,CANADIAN DOLLAR - CHICAGO MERCANTILE EXCHANGE,37347,29803,47031,43828,110275,2014-09-16,7544,3203
2014-09-23T00:00:00.000,CANADIAN DOLLAR - CHICAGO MERCANTILE EXCHANGE,27673,24609,24196,17628,76530,2014-09-23,3064,6568
2014-09-30T00:00:00.000,CANADIAN DOLLAR - CHICAGO MERCANTILE EXCHANGE,33014,37580,29652,15494,89376,2014-09-30,-4566,14158
2014-10-07T00:00:00.000,CANADIAN DOLLAR - CHICAGO MERCANTILE EXCHANGE,39174,46626,35995,15364,100900,2014-10-07,-7452,20631
2014-10-14T00:00:00.000,CANADIAN DOLLAR - CHICAGO MERCANTILE EXCHANGE,35688,51855,42330,12537,104060,2014-10-14,-16167,29793
2014-10-21T00:00:00.000,CANADIAN DOLLAR - CHICAGO MERCANTILE EXCHANGE,28837,50371,47671,10901,102170,2014-10-21,-21534,36770
2014-10-28T00:00:00.000,CANADIAN DOLLAR - CHICAGO MERCANTILE EXCHANGE,26093,47498,45385,11140,99309,2014-10-28,-21405,34245
2014-11-04T00:00:00.000,CANADIAN DOLLAR - CHICAGO MERCANTILE EXCHANGE,29627,49042,49104,13437,104720,2014-11-04,-19415,35667
2014-11-11T00:00:00.000,CANADIAN DOLLAR - CHICAGO MERCANTILE EXCHANGE,32668,54514,49367,13356,108445,2014-11-11,-21846,36011
2014-11-18T00:00:00.000,CANADIAN DOLLAR - CHICAGO MERCANTILE EXCHANGE,32082,51599,49125,14172,106914,2014-11-18,-19517,34953
2014-11-25T00:00:00.000,CANADIAN DOLLAR - CHICAGO MERCANTILE EXCHANGE,32106,48447,45070,15753,102393,2014-11-25,-16341,29317
2014-12-02T00:00:00.000,CANADIAN DOLLAR - CHICAGO MERCANTILE EXCHANGE,28533,46922,47891,14619,101752,2014-12-02,-18389,33272
2014-12-09T00:00:00.000,CANADIAN DOLLAR - CHICAGO MERCANTILE EXCHANGE,33406,47768,49178,18624,109650,2014-12-09,-14362,30554
2014-12-16T00:00:00.000,CANADIAN DOLLAR - CHICAGO MERCANTILE EXCHANGE,32397,48091,55795,21609,129475,2014-12-16,-15694,34186
2014-12-23T00:00:00.000,CANADIAN DOLLAR - CHICAGO MERCANTILE EXCHANGE,33904,46091,41241,12050,98477,2014-12-23,-12187,29191
2014-12-30T00:00:00.000,CANADIAN DOLLAR - CHICAGO MERCANTILE EXCHANGE,32726,46759,41904,11945,97308,2014-12-30,-14033,29959
2015-01-06T00:00:00.000,CANADIAN DOLLAR - CHICAGO MERCANTILE EXCHANGE,31275,48362,48606,14516,103775,2015-01-06,-17087,34090
2015-01-13T00:00:00.000,CANADIAN DOLLAR - CHICAGO MERCANTILE EXCHANGE,27599,48778,52263,14608,105003,2015-01-13,-21179,37655
2015-01-20T00:00:00.000,CANADIAN DOLLAR - CHICAGO MERCANTILE EXCHANGE,24238,53318,59282,13578,111631,2015-01-20,-29080,45704
2015-01-27T00:00:00.000,CANADIAN DOLLAR - CHICAGO MERCANTILE EXCHANGE,28914,52877,56159,15004,112718,2015-01-27,-23963,41155
2015-02-03T00:00:00.000,CANADIAN DOLLAR - CHICAGO MERCANTILE EXCHANGE,24553,51874,60231,15559,113662,2015-02-03,-27321,44672
2015-02-10T00:00:00.000,CANADIAN DOLLAR - CHICAGO MERCANTILE EXCHANGE,21176,54509,66616,16113,115744,2015-02-10,-33333,50503
2015-02-17T00:00:00.000,CANADIAN DOLLAR - CHICAGO MERCANTILE EXCHANGE,19998,52840,64638,15648,111614,2015-02-17,-32842,48990
2015-02-24T00:00:00.000,CANADIAN DOLLAR - CHICAGO MERCANTILE EXCHANGE,22423,58668,69197,17737,118014,2015-02-24,-36245,51460
2015-03-03T00:00:00.000,CANADIAN DOLLAR - CHICAGO MERCANTILE EXCHANGE,24332,63195,69531,17566,121344,2015-03-03,-38863,51965
2015-03-10T00:00:00.000,CANADIAN DOLLAR - CHICAGO MERCANTILE EXCHANGE,22011,61041,86736,25940,146639,2015-03-10,-39030,60796
2015-03-17T00:00:00.000,CANADIAN DOLLAR - CHICAGO MERCANTILE EXCHANGE,21001,53823,112562,57523,158576,2015-03-17,-32822,55039
2015-03-24T00:00:00.000,CANADIAN DOLLAR - CHICAGO MERCANTILE EXCHANGE,19193,51849,64097,14614,106731,2015-03-24,-32656,49483
2015-03-31T00:00:00.000,CANADIAN DOLLAR - CHICAGO MERCANTILE EXCHANGE,18771,48389,66324,21992,110447,2015-03-31,-29618,44332
2015-04-07T00:00:00.000,CANADIAN DOLLAR - CHICAGO MERCANTILE EXCHANGE,22081,52100,67159,23581,114881,2015-04-07,-30019,43578
2015-04-14T00:00:00.000,CANADIAN DOLLAR - CHICAGO MERCANTILE EXCHANGE,23020,53598,66797,24088,118686,2015-04-14,-30578,42709
2015-04-21T00:00:00.000,CANADIAN DOLLAR - CHICAGO MERCANTILE EXCHANGE,33343,60394,64497,30901,126801,2015-04-21,-27051,33596
2015-04-28T00:00:00.000,CANADIAN DOLLAR - CHICAGO MERCANTILE EXCHANGE,33858,54767,64232,39337,128938,2015-04-28,-20909,24895
2015-05-05T00:00:00.000,CANADIAN DOLLAR - CHICAGO MERCANTILE EXCHANGE,30028,40108,63415,49852,122108,2015-05-05,-10080,13563
2015-05-12T00:00:00.000,CANADIAN DOLLAR - CHICAGO MERCANTILE EXCHANGE,29133,33115,62731,62038,123908,2015-05-12,-3982,693
2015-05-19T00:00:00.000,CANADIAN DOLLAR - CHICAGO MERCANTILE EXCHANGE,25184,20836,64147,65543,117811,2015-05-19,4348,-1396
2015-05-26T00:00:00.000,CANADIAN DOLLAR - CHICAGO MERCANTILE EXCHANGE,30695,23362,63657,64022,121908,2015-05-26,7333,-365
2015-06-02T00:00:00.000,CANADIAN DOLLAR - CHICAGO MERCANTILE EXCHANGE,30095,31120,66197,53863,123127,2015-06-02,-1025,12334
2015-06-09T00:00:00.000,CANADIAN DOLLAR - CHICAGO MERCANTILE EXCHANGE,21004,34749,68560,45882,118799,2015-06-09,-13745,22678
2015-06-16T00:00:00.000,CANADIAN DOLLAR - CHICAGO MERCANTILE EXCHANGE,22484,34765,71354,48392,118620,2015-06-16,-12281,22962
2015-06-23T00:00:00.000,CANADIAN DOLLAR - CHICAGO MERCANTILE EXCHANGE,18270,35849,38597,14191,81380,2015-06-23,-17579,24406
2015-06-30T00:00:00.000,CANADIAN DOLLAR - CHICAGO MERCANTILE EXCHANGE,23105,46555,44418,13665,91797,2015-06-30,-23450,30753
2015-07-07T00:00:00.000,CANADIAN DOLLAR - CHICAGO MERCANTILE EXCHANGE,35928,68196,63010,15557,120095,2015-07-07,-32268,47453
2015-07-14T00:00:00.000,CANADIAN DOLLAR - CHICAGO MERCANTILE EXCHANGE,38177,78903,76754,16026,138431,2015-07-14,-40726,60728
2015-07-21T00:00:00.000,CANADIAN DOLLAR - CHICAGO MERCANTILE EXCHANGE,41443,85011,87887,20556,153762,2015-07-21,-43568,67331
2015-07-28T00:00:00.000,CANADIAN DOLLAR - CHICAGO MERCANTILE EXCHANGE,35195,91262,104368,23333,162118,2015-07-28,-56067,81035
2015-08-04T00:00:00.000,CANADIAN DOLLAR - CHICAGO MERCANTILE EXCHANGE,33993,98173,112225,24505,170087,2015-08-04,-64180,87720
2015-08-11T00:00:00.000,CANADIAN DOLLAR - CHICAGO MERCANTILE EXCHANGE,28546,95951,118620,28840,172252,2015-08-11,-67405,89780
2015-08-18T00:00:00.000,CANADIAN DOLLAR - CHICAGO MERCANTILE EXCHANGE,21407,88201,114630,28552,161743,2015-08-18,-66794,86078
2015-08-25T00:00:00.000,CANADIAN DOLLAR - CHICAGO MERCANTILE EXCHANGE,29555,89267,114631,33823,168819,2015-08-25,-59712,80808
2015-09-01T00:00:00.000,CANADIAN DOLLAR - CHICAGO MERCANTILE EXCHANGE,28964,84083,108541,31967,161893,2015-09-01,-55119,76574
2015-09-08T00:00:00.000,CANADIAN DOLLAR - CHICAGO MERCANTILE EXCHANGE,29506,78146,98424,29844,159492,2015-09-08,-48640,68580
2015-09-15T00:00:00.000,CANADIAN DOLLAR - CHICAGO MERCANTILE EXCHANGE,28509,75592,118341,49009,188043,2015-09-15,-47083,69332
2015-09-22T00:00:00.000,CANADIAN DOLLAR - CHICAGO MERCANTILE EXCHANGE,40901,79295,72839,15226,136213,2015-09-22,-38394,57613
2015-09-29T00:00:00.000,CANADIAN DOLLAR - CHICAGO MERCANTILE EXCHANGE,36211,78446,79347,16456,139431,2015-09-29,-42235,62891
2015-10-06T00:00:00.000,CANADIAN DOLLAR - CHICAGO MERCANTILE EXCHANGE,29276,64286,69479,17933,121676,2015-10-06,-35010,51546
2015-10-13T00:00:00.000,CANADIAN DOLLAR - CHICAGO MERCANTILE EXCHANGE,28207,62156,62925,18203,116800,2015-10-13,-33949,44722
2015-10-20T00:00:00.000,CANADIAN DOLLAR - CHICAGO MERCANTILE EXCHANGE,31368,58480,63314,28764,121148,2015-10-20,-27112,34550
2015-10-27T00:00:00.000,CANADIAN DOLLAR - CHICAGO MERCANTILE EXCHANGE,34134,53029,65506,33537,122885,2015-10-27,-18895,31969
2015-11-03T00:00:00.000,CANADIAN DOLLAR - CHICAGO MERCANTILE EXCHANGE,32017,51508,65076,32432,119629,2015-11-03,-19491,32644
2015-11-10T00:00:00.000,CANADIAN DOLLAR - CHICAGO MERCANTILE EXCHANGE,45787,63694,67270,31668,134360,2015-11-10,-17907,35602
2015-11-17T00:00:00.000,CANADIAN DOLLAR - CHICAGO MERCANTILE EXCHANGE,45589,73941,75090,25123,141785,2015-11-17,-28352,49967
2015-11-24T00:00:00.000,CANADIAN DOLLAR - CHICAGO MERCANTILE EXCHANGE,41304,79921,80182,23034,143742,2015-11-24,-38617,57148
2015-12-01T00:00:00.000,CANADIAN DOLLAR - CHICAGO MERCANTILE EXCHANGE,38349,77329,83205,24352,145547,2015-12-01,-38980,58853
2015-12-08T00:00:00.000,CANADIAN DOLLAR - CHICAGO MERCANTILE EXCHANGE,48776,88914,86698,24721,162857,2015-12-08,-40138,61977
2015-12-15T00:00:00.000,CANADIAN DOLLAR - CHICAGO MERCANTILE EXCHANGE,44262,95271,118379,46407,189775,2015-12-15,-51009,71972
2015-12-22T00:00:00.000,CANADIAN DOLLAR - CHICAGO MERCANTILE EXCHANGE,43455,99482,97189,20440,163581,2015-12-22,-56027,76749
2015-12-29T00:00:00.000,CANADIAN DOLLAR - CHICAGO MERCANTILE EXCHANGE,47598,108385,101821,21148,172137,2015-12-29,-60787,80673
2016-01-05T00:00:00.000,CANADIAN DOLLAR - CHICAGO MERCANTILE EXCHANGE,40898,101028,101060,21325,166610,2016-01-05,-60130,79735
2016-01-12T00:00:00.000,CANADIAN DOLLAR - CHICAGO MERCANTILE EXCHANGE,38837,98051,102793,24084,166273,2016-01-12,-59214,78709
2016-01-19T00:00:00.000,CANADIAN DOLLAR - CHICAGO MERCANTILE EXCHANGE,33064,99450,105244,22763,165344,2016-01-19,-66386,82481
2016-01-26T00:00:00.000,CANADIAN DOLLAR - CHICAGO MERCANTILE EXCHANGE,32767,99586,105878,24681,165240,2016-01-26,-66819,81197
2016-02-02T00:00:00.000,CANADIAN DOLLAR - CHICAGO MERCANTILE EXCHANGE,30069,82489,103015,32595,157362,2016-02-02,-52420,70420
2016-02-09T00:00:00.000,CANADIAN DOLLAR - CHICAGO MERCANTILE EXCHANGE,27279,79214,104221,44583,157150,2016-02-09,-51935,59638
2016-02-16T00:00:00.000,CANADIAN DOLLAR - CHICAGO MERCANTILE EXCHANGE,29077,74162,103804,51417,158608,2016-02-16,-45085,52387
2016-02-23T00:00:00.000,CANADIAN DOLLAR - CHICAGO MERCANTILE EXCHANGE,31487,68427,100612,57111,157921,2016-02-23,-36940,43501
2016-03-01T00:00:00.000,CANADIAN DOLLAR - CHICAGO MERCANTILE EXCHANGE,31018,61496,102244,64669,159107,2016-03-01,-30478,37575
2016-03-08T00:00:00.000,CANADIAN DOLLAR - CHICAGO MERCANTILE EXCHANGE,30550,56331,105413,78193,174347,2016-03-08,-25781,27220
2016-03-15T00:00:00.000,CANADIAN DOLLAR - CHICAGO MERCANTILE EXCHANGE,31584,48410,108483,91330,169228,2016-03-15,-16826,17153
2016-03-22T00:00:00.000,CANADIAN DOLLAR - CHICAGO MERCANTILE EXCHANGE,21807,36816,46885,37226,98997,2016-03-22,-15009,9659
2016-03-29T00:00:00.000,CANADIAN DOLLAR - CHICAGO MERCANTILE EXCHANGE,28146,34326,45660,42001,101099,2016-03-29,-6180,3659
2016-04-05T00:00:00.000,CANADIAN DOLLAR - CHICAGO MERCANTILE EXCHANGE,29565,29468,44400,50888,105335,2016-04-05,97,-6488
2016-04-12T00:00:00.000,CANADIAN DOLLAR - CHICAGO MERCANTILE EXCHANGE,28968,26583,45199,55301,107755,2016-04-12,2385,-10102
2016-04-19T00:00:00.000,CANADIAN DOLLAR - CHICAGO MERCANTILE EXCHANGE,32473,25165,46801,64866,114198,2016-04-19,7308,-18065
2016-04-26T00:00:00.000,CANADIAN DOLLAR - CHICAGO MERCANTILE EXCHANGE,37104,25105,47268,72952,121080,2016-04-26,11999,-25684
2016-05-03T00:00:00.000,CANADIAN DOLLAR - CHICAGO MERCANTILE EXCHANGE,39840,20897,47204,77949,123864,2016-05-03,18943,-30745
2016-05-10T00:00:00.000,CANADIAN DOLLAR - CHICAGO MERCANTILE EXCHANGE,42040,16166,48293,82183,124765,2016-05-10,25874,-33890
2016-05-17T00:00:00.000,CANADIAN DOLLAR - CHICAGO MERCANTILE EXCHANGE,37009,14303,50005,83532,124370,2016-05-17,22706,-33527
2016-05-24T00:00:00.000,CANADIAN DOLLAR - CHICAGO MERCANTILE EXCHANGE,32834,12787,55464,81059,123789,2016-05-24,20047,-25595
2016-05-31T00:00:00.000,CANADIAN DOLLAR - CHICAGO MERCANTILE EXCHANGE,38753,12494,51879,82201,126518,2016-05-31,26259,-30322
2016-06-07T00:00:00.000,CANADIAN DOLLAR - CHICAGO MERCANTILE EXCHANGE,37421,15884,52674,82076,135330,2016-06-07,21537,-29402
2016-06-14T00:00:00.000,CANADIAN DOLLAR - CHICAGO MERCANTILE EXCHANGE,42394,23954,74637,115547,177711,2016-06-14,18440,-40910
2016-06-21T00:00:00.000,CANADIAN DOLLAR - CHICAGO MERCANTILE EXCHANGE,40664,38069,44071,58205,118157,2016-06-21,2595,-14134
2016-06-28T00:00:00.000,CANADIAN DOLLAR - CHICAGO MERCANTILE EXCHANGE,38675,30726,44473,59912,114425,2016-06-28,7949,-15439
2016-07-05T00:00:00.000,CANADIAN DOLLAR - CHICAGO MERCANTILE EXCHANGE,41031,29514,43551,61699,116494,2016-07-05,11517,-18148
2016-07-12T00:00:00.000,CANADIAN DOLLAR - CHICAGO MERCANTILE EXCHANGE,39963,22788,42740,65261,114230,2016-07-12,17175,-22521
2016-07-19T00:00:00.000,CANADIAN DOLLAR - CHICAGO MERCANTILE EXCHANGE,43086,21018,42753,70432,117603,2016-07-19,22068,-27679
2016-07-26T00:00:00.000,CANADIAN DOLLAR - CHICAGO MERCANTILE EXCHANGE,44023,20843,43091,66035,118079,2016-07-26,23180,-22944
2016-08-02T00:00:00.000,CANADIAN DOLLAR - CHICAGO MERCANTILE EXCHANGE,41711,23953,42005,63882,115825,2016-08-02,17758,-21877
2016-08-09T00:00:00.000,CANADIAN DOLLAR - CHICAGO MERCANTILE EXCHANGE,43647,28281,42636,58173,115796,2016-08-09,15366,-15537
2016-08-16T00:00:00.000,CANADIAN DOLLAR - CHICAGO MERCANTILE EXCHANGE,46118,33645,43388,66154,124610,2016-08-16,12473,-22766
2016-08-23T00:00:00.000,CANADIAN DOLLAR - CHICAGO MERCANTILE EXCHANGE,50097,33363,43820,75437,131618,2016-08-23,16734,-31617
2016-08-30T00:00:00.000,CANADIAN DOLLAR - CHICAGO MERCANTILE EXCHANGE,46808,24408,42757,76792,125716,2016-08-30,22400,-34035
2016-09-06T00:00:00.000,CANADIAN DOLLAR - CHICAGO MERCANTILE EXCHANGE,44136,23231,43384,73389,122747,2016-09-06,20905,-30005
2016-09-13T00:00:00.000,CANADIAN DOLLAR - CHICAGO MERCANTILE EXCHANGE,45790,28732,48174,66685,124676,2016-09-13,17058,-18511
2016-09-20T00:00:00.000,CANADIAN DOLLAR - CHICAGO MERCANTILE EXCHANGE,57216,40913,53400,67179,137204,2016-09-20,16303,-13779
2016-09-27T00:00:00.000,CANADIAN DOLLAR - CHICAGO MERCANTILE EXCHANGE,34579,46194,44542,25681,105130,2016-09-27,-11615,18861
2016-10-04T00:00:00.000,CANADIAN DOLLAR - CHICAGO MERCANTILE EXCHANGE,32585,46662,45693,25329,104219,2016-10-04,-14077,20364
2016-10-11T00:00:00.000,CANADIAN DOLLAR - CHICAGO MERCANTILE EXCHANGE,30809,42513,46146,26621,104002,2016-10-11,-11704,19525
2016-10-18T00:00:00.000,CANADIAN DOLLAR - CHICAGO MERCANTILE EXCHANGE,23679,37977,43075,27569,95793,2016-10-18,-14298,15506
2016-10-25T00:00:00.000,CANADIAN DOLLAR - CHICAGO MERCANTILE EXCHANGE,33274,46598,50812,29164,113501,2016-10-25,-13324,21648
2016-11-01T00:00:00.000,CANADIAN DOLLAR - CHICAGO MERCANTILE EXCHANGE,35723,51683,56569,31799,121156,2016-11-01,-15960,24770
2016-11-08T00:00:00.000,CANADIAN DOLLAR - CHICAGO MERCANTILE EXCHANGE,32850,54162,60639,30561,120993,2016-11-08,-21312,30078
2016-11-15T00:00:00.000,CANADIAN DOLLAR - CHICAGO MERCANTILE EXCHANGE,34293,52892,64713,32179,125532,2016-11-15,-18599,32534
2016-11-22T00:00:00.000,CANADIAN DOLLAR - CHICAGO MERCANTILE EXCHANGE,28260,45722,64108,34537,118667,2016-11-22,-17462,29571
2016-11-29T00:00:00.000,CANADIAN DOLLAR - CHICAGO MERCANTILE EXCHANGE,25010,43586,61735,34553,114416,2016-11-29,-18576,27182
2016-12-06T00:00:00.000,CANADIAN DOLLAR - CHICAGO MERCANTILE EXCHANGE,21538,39696,56070,33177,107289,2016-12-06,-18158,22893
2016-12-13T00:00:00.000,CANADIAN DOLLAR - CHICAGO MERCANTILE EXCHANGE,24035,45904,54943,34822,114265,2016-12-13,-21869,20121
2016-12-20T00:00:00.000,CANADIAN DOLLAR - CHICAGO MERCANTILE EXCHANGE,22246,34000,52784,38842,106080,2016-12-20,-11754,13942
2016-12-27T00:00:00.000,CANADIAN DOLLAR - CHICAGO MERCANTILE EXCHANGE,36597,38195,30039,21370,93212,2016-12-27,-1598,8669
2017-01-03T00:00:00.000,CANADIAN DOLLAR - CHICAGO MERCANTILE EXCHANGE,39546,43417,33109,18938,98751,2017-01-03,-3871,14171
2017-01-10T00:00:00.000,CANADIAN DOLLAR - CHICAGO MERCANTILE EXCHANGE,28405,36340,33421,22096,90632,2017-01-10,-7935,11325
2017-01-17T00:00:00.000,CANADIAN DOLLAR - CHICAGO MERCANTILE EXCHANGE,32064,37520,37227,32371,100307,2017-01-17,-5456,4856
2017-01-24T00:00:00.000,CANADIAN DOLLAR - CHICAGO MERCANTILE EXCHANGE,36175,33656,34655,37697,99574,2017-01-24,2519,-3042
2017-01-31T00:00:00.000,CANADIAN DOLLAR - CHICAGO MERCANTILE EXCHANGE,44939,41467,36065,46014,114274,2017-01-31,3472,-9949
2017-02-07T00:00:00.000,CANADIAN DOLLAR - CHICAGO MERCANTILE EXCHANGE,46127,37577,37515,56453,118424,2017-02-07,8550,-18938
2017-02-14T00:00:00.000,CANADIAN DOLLAR - CHICAGO MERCANTILE EXCHANGE,53152,33812,37935,66128,125056,2017-02-14,19340,-28193
2017-02-21T00:00:00.000,CANADIAN DOLLAR - CHICAGO MERCANTILE EXCHANGE,58780,34196,38291,70811,131522,2017-02-21,24584,-32520
2017-02-28T00:00:00.000,CANADIAN DOLLAR - CHICAGO MERCANTILE EXCHANGE,63125,33035,37216,74841,135442,2017-02-28,30090,-37625
2017-03-07T00:00:00.000,CANADIAN DOLLAR - CHICAGO MERCANTILE EXCHANGE,65616,36396,44006,72465,147601,2017-03-07,29220,-28459
2017-03-14T00:00:00.000,CANADIAN DOLLAR - CHICAGO MERCANTILE EXCHANGE,74620,53162,73482,86268,176379,2017-03-14,21458,-12786
2017-03-21T00:00:00.000,CANADIAN DOLLAR - CHICAGO MERCANTILE EXCHANGE,30293,54696,60428,27964,119123,2017-03-21,-24403,32464
2017-03-28T00:00:00.000,CANADIAN DOLLAR - CHICAGO MERCANTILE EXCHANGE,30419,58636,63563,27122,121699,2017-03-28,-28217,36441
2017-04-04T00:00:00.000,CANADIAN DOLLAR - CHICAGO MERCANTILE EXCHANGE,38535,68760,66642,27932,133688,2017-04-04,-30225,38710
2017-04-11T00:00:00.000,CANADIAN DOLLAR - CHICAGO MERCANTILE EXCHANGE,31432,63766,65672,27077,126412,2017-04-11,-32334,38595
2017-04-18T00:00:00.000,CANADIAN DOLLAR - CHICAGO MERCANTILE EXCHANGE,37306,70558,71513,29346,136614,2017-04-18,-33252,42167
2017-04-25T00:00:00.000,CANADIAN DOLLAR - CHICAGO MERCANTILE EXCHANGE,52545,95187,81341,28596,165504,2017-04-25,-42642,52745
2017-05-02T00:00:00.000,CANADIAN DOLLAR - CHICAGO MERCANTILE EXCHANGE,66565,114269,93666,32196,192692,2017-05-02,-47704,61470
2017-05-09T00:00:00.000,CANADIAN DOLLAR - CHICAGO MERCANTILE EXCHANGE,47412,133627,132142,32866,214946,2017-05-09,-86215,99276
2017-05-16T00:00:00.000,CANADIAN DOLLAR - CHICAGO MERCANTILE EXCHANGE,39130,137130,145253,36569,219483,2017-05-16,-98000,108684
2017-05-23T00:00:00.000,CANADIAN DOLLAR - CHICAGO MERCANTILE EXCHANGE,29681,128790,147449,35345,208304,2017-05-23,-99109,112104
2017-05-30T00:00:00.000,CANADIAN DOLLAR - CHICAGO MERCANTILE EXCHANGE,23711,121898,144726,35352,200273,2017-05-30,-98187,109374
2017-06-06T00:00:00.000,CANADIAN DOLLAR - CHICAGO MERCANTILE EXCHANGE,26492,120993,145121,39283,210933,2017-06-06,-94501,105838
2017-06-13T00:00:00.000,CANADIAN DOLLAR - CHICAGO MERCANTILE EXCHANGE,26781,115376,134249,36156,204115,2017-06-13,-88595,98093
2017-06-20T00:00:00.000,CANADIAN DOLLAR - CHICAGO MERCANTILE EXCHANGE,28507,111388,156474,70708,219496,2017-06-20,-82881,85766
2017-06-27T00:00:00.000,CANADIAN DOLLAR - CHICAGO MERCANTILE EXCHANGE,28698,78193,78927,30949,143798,2017-06-27,-49495,47978
2017-07-03T00:00:00.000,CANADIAN DOLLAR - CHICAGO MERCANTILE EXCHANGE,34300,73672,71029,38736,145079,2017-07-03,-39372,32293
2017-07-11T00:00:00.000,CANADIAN DOLLAR - CHICAGO MERCANTILE EXCHANGE,46080,54684,70170,76801,161065,2017-07-11,-8604,-6631
2017-07-18T00:00:00.000,CANADIAN DOLLAR - CHICAGO MERCANTILE EXCHANGE,60000,51957,65157,87484,169522,2017-07-18,8043,-22327
2017-07-25T00:00:00.000,CANADIAN DOLLAR - CHICAGO MERCANTILE EXCHANGE,70385,43772,61163,102679,177330,2017-07-25,26613,-41516
2017-08-01T00:00:00.000,CANADIAN DOLLAR - CHICAGO MERCANTILE EXCHANGE,82885,42247,58579,120063,190622,2017-08-01,40638,-61484
2017-08-08T00:00:00.000,CANADIAN DOLLAR - CHICAGO MERCANTILE EXCHANGE,98237,35416,58066,143051,205963,2017-08-08,62821,-84985
2017-08-15T00:00:00.000,CANADIAN DOLLAR - CHICAGO MERCANTILE EXCHANGE,86455,35106,59593,128702,192026,2017-08-15,51349,-69109
2017-08-22T00:00:00.000,CANADIAN DOLLAR - CHICAGO MERCANTILE EXCHANGE,80965,29866,61276,127582,186960,2017-08-22,51099,-66306
2017-08-29T00:00:00.000,CANADIAN DOLLAR - CHICAGO MERCANTILE EXCHANGE,86806,33639,59983,128659,191798,2017-08-29,53167,-68676
2017-09-05T00:00:00.000,CANADIAN DOLLAR - CHICAGO MERCANTILE EXCHANGE,94732,41088,62321,133671,203353,2017-09-05,53644,-71350
2017-09-12T00:00:00.000,CANADIAN DOLLAR - CHICAGO MERCANTILE EXCHANGE,91645,41146,78318,152389,227931,2017-09-12,50499,-74071
2017-09-19T00:00:00.000,CANADIAN DOLLAR - CHICAGO MERCANTILE EXCHANGE,100675,41829,149713,229684,299169,2017-09-19,58846,-79971
2017-09-26T00:00:00.000,CANADIAN DOLLAR - CHICAGO MERCANTILE EXCHANGE,102688,28083,33487,130317,181913,2017-09-26,74605,-96830
2017-10-03T00:00:00.000,CANADIAN DOLLAR - CHICAGO MERCANTILE EXCHANGE,97204,22076,35298,132354,177263,2017-10-03,75128,-97056
2017-10-10T00:00:00.000,CANADIAN DOLLAR - CHICAGO MERCANTILE EXCHANGE,97068,20676,33076,130611,175817,2017-10-10,76392,-97535
2017-10-17T00:00:00.000,CANADIAN DOLLAR - CHICAGO MERCANTILE EXCHANGE,94507,19421,35726,131461,174347,2017-10-17,75086,-95735
2017-10-24T00:00:00.000,CANADIAN DOLLAR - CHICAGO MERCANTILE EXCHANGE,96561,24229,33619,123307,172673,2017-10-24,72332,-89688
2017-10-31T00:00:00.000,CANADIAN DOLLAR - CHICAGO MERCANTILE EXCHANGE,84309,26470,32021,103799,157542,2017-10-31,57839,-71778
2017-11-07T00:00:00.000,CANADIAN DOLLAR - CHICAGO MERCANTILE EXCHANGE,75460,24571,32552,94493,147706,2017-11-07,50889,-61941
2017-11-14T00:00:00.000,CANADIAN DOLLAR - CHICAGO MERCANTILE EXCHANGE,70473,23138,35157,93122,143841,2017-11-14,47335,-57965
2017-11-21T00:00:00.000,CANADIAN DOLLAR - CHICAGO MERCANTILE EXCHANGE,67324,22199,34230,96416,143596,2017-11-21,45125,-62186
2017-11-28T00:00:00.000,CANADIAN DOLLAR - CHICAGO MERCANTILE EXCHANGE,67882,22224,35966,97790,145257,2017-11-28,45658,-61824
2017-12-05T00:00:00.000,CANADIAN DOLLAR - CHICAGO MERCANTILE EXCHANGE,66467,24001,39258,95363,147099,2017-12-05,42466,-56105
2017-12-12T00:00:00.000,CANADIAN DOLLAR - CHICAGO MERCANTILE EXCHANGE,62198,20238,45454,98941,149275,2017-12-12,41960,-53487
2017-12-19T00:00:00.000,CANADIAN DOLLAR - CHICAGO MERCANTILE EXCHANGE,68451,22550,49332,104903,155022,2017-12-19,45901,-55571
2017-12-26T00:00:00.000,CANADIAN DOLLAR - CHICAGO MERCANTILE EXCHANGE,42372,25026,35963,66442,116559,2017-12-26,17346,-30479
2018-01-02T00:00:00.000,CANADIAN DOLLAR - CHICAGO MERCANTILE EXCHANGE,49297,34558,37528,68410,126829,2018-01-02,14739,-30882
2018-01-09T00:00:00.000,CANADIAN DOLLAR - CHICAGO MERCANTILE EXCHANGE,58581,41120,44166,85917,147839,2018-01-09,17461,-41751
2018-01-16T00:00:00.000,CANADIAN DOLLAR - CHICAGO MERCANTILE EXCHANGE,61473,43917,54231,94301,160810,2018-01-16,17556,-40070
2018-01-23T00:00:00.000,CANADIAN DOLLAR - CHICAGO MERCANTILE EXCHANGE,69446,46889,53866,100460,168849,2018-01-23,22557,-46594
2018-01-30T00:00:00.000,CANADIAN DOLLAR - CHICAGO MERCANTILE EXCHANGE,75296,41831,56192,113618,176871,2018-01-30,33465,-57426
2018-02-06T00:00:00.000,CANADIAN DOLLAR - CHICAGO MERCANTILE EXCHANGE,69492,29328,55913,116475,167890,2018-02-06,40164,-60562
2018-02-13T00:00:00.000,CANADIAN DOLLAR - CHICAGO MERCANTILE EXCHANGE,62535,30006,52333,102577,155262,2018-02-13,32529,-50244
2018-02-20T00:00:00.000,CANADIAN DOLLAR - CHICAGO MERCANTILE EXCHANGE,49373,26246,52401,95370,144832,2018-02-20,23127,-42969
2018-02-27T00:00:00.000,CANADIAN DOLLAR - CHICAGO MERCANTILE EXCHANGE,54279,32059,48621,86754,145351,2018-02-27,22220,-38133
2018-03-06T00:00:00.000,CANADIAN DOLLAR - CHICAGO MERCANTILE EXCHANGE,54233,34668,46346,68976,139318,2018-03-06,19565,-22630
2018-03-13T00:00:00.000,CANADIAN DOLLAR - CHICAGO MERCANTILE EXCHANGE,59919,40499,50424,73576,154478,2018-03-13,19420,-23152
2018-03-20T00:00:00.000,CANADIAN DOLLAR - CHICAGO MERCANTILE EXCHANGE,78744,54184,64019,85763,180240,2018-03-20,24560,-21744
2018-03-27T00:00:00.000,CANADIAN DOLLAR - CHICAGO MERCANTILE EXCHANGE,33518,60568,63273,30405,127568,2018-03-27,-27050,32868
2018-04-03T00:00:00.000,CANADIAN DOLLAR - CHICAGO MERCANTILE EXCHANGE,29558,61430,64223,31105,127509,2018-04-03,-31872,33118
2018-04-10T00:00:00.000,CANADIAN DOLLAR - CHICAGO MERCANTILE EXCHANGE,28027,59699,63718,32275,124621,2018-04-10,-31672,31443
2018-04-17T00:00:00.000,CANADIAN DOLLAR - CHICAGO MERCANTILE EXCHANGE,28575,58899,62509,39619,128174,2018-04-17,-30324,22890
2018-04-24T00:00:00.000,CANADIAN DOLLAR - CHICAGO MERCANTILE EXCHANGE,23559,48703,61316,39466,120406,2018-04-24,-25144,21850
2018-05-01T00:00:00.000,CANADIAN DOLLAR - CHICAGO MERCANTILE EXCHANGE,25940,53475,62784,33539,121676,2018-05-01,-27535,29245
2018-05-08T00:00:00.000,CANADIAN DOLLAR - CHICAGO MERCANTILE EXCHANGE,33156,57017,63390,35913,128877,2018-05-08,-23861,27477
2018-05-15T00:00:00.000,CANADIAN DOLLAR - CHICAGO MERCANTILE EXCHANGE,30419,54075,64838,37415,128708,2018-05-15,-23656,27423
2018-05-22T00:00:00.000,CANADIAN DOLLAR - CHICAGO MERCANTILE EXCHANGE,23555,49767,71081,47695,136118,2018-05-22,-26212,23386
2018-05-29T00:00:00.000,CANADIAN DOLLAR - CHICAGO MERCANTILE EXCHANGE,32696,48386,81293,62316,147495,2018-05-29,-15690,18977
2018-06-05T00:00:00.000,CANADIAN DOLLAR - CHICAGO MERCANTILE EXCHANGE,35266,51305,90417,70056,158317,2018-06-05,-16039,20361
2018-06-12T00:00:00.000,CANADIAN DOLLAR - CHICAGO MERCANTILE EXCHANGE,30168,45156,89911,69870,156985,2018-06-12,-14988,20041
2018-06-19T00:00:00.000,CANADIAN DOLLAR - CHICAGO MERCANTILE EXCHANGE,45738,59752,85775,92059,190384,2018-06-19,-14014,-6284
2018-06-26T00:00:00.000,CANADIAN DOLLAR - CHICAGO MERCANTILE EXCHANGE,40866,73665,86272,45363,159233,2018-06-26,-32799,40909
2018-07-03T00:00:00.000,CANADIAN DOLLAR - CHICAGO MERCANTILE EXCHANGE,26934,76382,100077,41926,158341,2018-07-03,-49448,58151
2018-07-10T00:00:00.000,CANADIAN DOLLAR - CHICAGO MERCANTILE EXCHANGE,26586,79473,101315,42120,159504,2018-07-10,-52887,59195
2018-07-17T00:00:00.000,CANADIAN DOLLAR - CHICAGO MERCANTILE EXCHANGE,25594,73078,101031,42490,157927,2018-07-17,-47484,58541
2018-07-24T00:00:00.000,CANADIAN DOLLAR - CHICAGO MERCANTILE EXCHANGE,20084,64595,97689,48540,151441,2018-07-24,-44511,49149
2018-07-31T00:00:00.000,CANADIAN DOLLAR - CHICAGO MERCANTILE EXCHANGE,23679,55248,84857,49753,140253,2018-07-31,-31569,35104
2018-08-07T00:00:00.000,CANADIAN DOLLAR - CHICAGO MERCANTILE EXCHANGE,33269,58167,79517,49789,144934,2018-08-07,-24898,29728
2018-08-14T00:00:00.000,CANADIAN DOLLAR - CHICAGO MERCANTILE EXCHANGE,30627,56825,80789,49506,144705,2018-08-14,-26198,31283
2018-08-21T00:00:00.000,CANADIAN DOLLAR - CHICAGO MERCANTILE EXCHANGE,32271,59292,79257,52465,145677,2018-08-21,-27021,26792
2018-08-28T00:00:00.000,CANADIAN DOLLAR - CHICAGO MERCANTILE EXCHANGE,34111,58900,78787,53377,147679,2018-08-28,-24789,25410
2018-09-04T00:00:00.000,CANADIAN DOLLAR - CHICAGO MERCANTILE EXCHANGE,34748,61055,83790,53216,151238,2018-09-04,-26307,30574
2018-09-11T00:00:00.000,CANADIAN DOLLAR - CHICAGO MERCANTILE EXCHANGE,30506,57448,97457,62750,158974,2018-09-11,-26942,34707
2018-09-18T00:00:00.000,CANADIAN DOLLAR - CHICAGO MERCANTILE EXCHANGE,25979,56090,92956,35472,150538,2018-09-18,-30111,57484
2018-09-25T00:00:00.000,CANADIAN DOLLAR - CHICAGO MERCANTILE EXCHANGE,31812,51344,51398,34867,115727,2018-09-25,-19532,16531
2018-10-02T00:00:00.000,CANADIAN DOLLAR - CHICAGO MERCANTILE EXCHANGE,41940,60424,48865,38578,127333,2018-10-02,-18484,10287
2018-10-09T00:00:00.000,CANADIAN DOLLAR - CHICAGO MERCANTILE EXCHANGE,38867,51012,49286,41083,121489,2018-10-09,-12145,8203
2018-10-16T00:00:00.000,CANADIAN DOLLAR - CHICAGO MERCANTILE EXCHANGE,32202,43221,49320,42446,115386,2018-10-16,-11019,6874
2018-10-23T00:00:00.000,CANADIAN DOLLAR - CHICAGO MERCANTILE EXCHANGE,32031,39259,53794,45636,118053,2018-10-23,-7228,8158
2018-10-30T00:00:00.000,CANADIAN DOLLAR - CHICAGO MERCANTILE EXCHANGE,29436,39091,56057,47585,118508,2018-10-30,-9655,8472
2018-11-06T00:00:00.000,CANADIAN DOLLAR - CHICAGO MERCANTILE EXCHANGE,33753,36385,49033,48112,116284,2018-11-06,-2632,921
2018-11-13T00:00:00.000,CANADIAN DOLLAR - CHICAGO MERCANTILE EXCHANGE,36773,39564,53110,47212,121999,2018-11-13,-2791,5898
2018-11-20T00:00:00.000,CANADIAN DOLLAR - CHICAGO MERCANTILE EXCHANGE,39059,45348,68576,57302,140651,2018-11-20,-6289,11274
2018-11-27T00:00:00.000,CANADIAN DOLLAR - CHICAGO MERCANTILE EXCHANGE,41427,50057,71616,56020,145122,2018-11-27,-8630,15596
2018-12-04T00:00:00.000,CANADIAN DOLLAR - CHICAGO MERCANTILE EXCHANGE,38736,51672,83381,64076,156750,2018-12-04,-12936,19305
2018-12-11T00:00:00.000,CANADIAN DOLLAR - CHICAGO MERCANTILE EXCHANGE,41672,53341,84808,62493,161530,2018-12-11,-11669,22315
2018-12-18T00:00:00.000,CANADIAN DOLLAR - CHICAGO MERCANTILE EXCHANGE,51566,59023,108148,69667,191476,2018-12-18,-7457,38481
2018-12-24T00:00:00.000,CANADIAN DOLLAR - CHICAGO MERCANTILE EXCHANGE,27887,72579,99624,46527,159195,2018-12-24,-44692,53097
2018-12-31T00:00:00.000,CANADIAN DOLLAR - CHICAGO MERCANTILE EXCHANGE,34330,84979,104762,45172,170168,2018-12-31,-50649,59590
2019-01-08T00:00:00.000,CANADIAN DOLLAR - CHICAGO MERCANTILE EXCHANGE,19287,85289,116348,39134,167005,2019-01-08,-66002,77214
2019-01-15T00:00:00.000,CANADIAN DOLLAR - CHICAGO MERCANTILE EXCHANGE,17006,76530,105916,40853,155691,2019-01-15,-59524,65063
2019-01-22T00:00:00.000,CANADIAN DOLLAR - CHICAGO MERCANTILE EXCHANGE,16727,72823,102840,40096,151010,2019-01-22,-56096,62744
2019-01-29T00:00:00.000,CANADIAN DOLLAR - CHICAGO MERCANTILE EXCHANGE,16523,72913,104343,40248,151146,2019-01-29,-56390,64095
2019-02-05T00:00:00.000,CANADIAN DOLLAR - CHICAGO MERCANTILE EXCHANGE,19808,61845,91960,44384,141538,2019-02-05,-42037,47576
2019-02-12T00:00:00.000,CANADIAN DOLLAR - CHICAGO MERCANTILE EXCHANGE,21433,58970,92005,48601,141172,2019-02-12,-37537,43404
2019-02-19T00:00:00.000,CANADIAN DOLLAR - CHICAGO MERCANTILE EXCHANGE,22989,59426,90735,48953,142620,2019-02-19,-36437,41782
2019-02-26T00:00:00.000,CANADIAN DOLLAR - CHICAGO MERCANTILE EXCHANGE,21553,60730,98049,53588,147621,2019-02-26,-39177,44461
2019-03-05T00:00:00.000,CANADIAN DOLLAR - CHICAGO MERCANTILE EXCHANGE,18210,58654,98021,49449,146552,2019-03-05,-40444,48572
2019-03-12T00:00:00.000,CANADIAN DOLLAR - CHICAGO MERCANTILE EXCHANGE,20276,61329,100572,48039,159939,2019-03-12,-41053,52533
2019-03-19T00:00:00.000,CANADIAN DOLLAR - CHICAGO MERCANTILE EXCHANGE,16267,64041,112933,50942,167282,2019-03-19,-47774,61991
2019-03-26T00:00:00.000,CANADIAN DOLLAR - CHICAGO MERCANTILE EXCHANGE,21194,60765,93842,44583,144311,2019-03-26,-39571,49259
2019-04-02T00:00:00.000,CANADIAN DOLLAR - CHICAGO MERCANTILE EXCHANGE,24619,68942,96434,45321,151140,2019-04-02,-44323,51113
2019-04-09T00:00:00.000,CANADIAN DOLLAR - CHICAGO MERCANTILE EXCHANGE,24681,67883,93053,45966,149544,2019-04-09,-43202,47087
2019-04-16T00:00:00.000,CANADIAN DOLLAR - CHICAGO MERCANTILE EXCHANGE,18256,67418,97019,41698,145041,2019-04-16,-49162,55321
2019-04-23T00:00:00.000,CANADIAN DOLLAR - CHICAGO MERCANTILE EXCHANGE,23222,70715,99165,43362,152998,2019-04-23,-47493,55803
2019-04-30T00:00:00.000,CANADIAN DOLLAR - CHICAGO MERCANTILE EXCHANGE,19445,66190,103426,47365,154565,2019-04-30,-46745,56061
2019-05-07T00:00:00.000,CANADIAN DOLLAR - CHICAGO MERCANTILE EXCHANGE,20117,66232,98696,45798,151258,2019-05-07,-46115,52898
2019-05-14T00:00:00.000,CANADIAN DOLLAR - CHICAGO MERCANTILE EXCHANGE,18457,66045,98370,44964,148058,2019-05-14,-47588,53406
2019-05-21T00:00:00.000,CANADIAN DOLLAR - CHICAGO MERCANTILE EXCHANGE,16282,58518,88138,43023,140682,2019-05-21,-42236,45115
2019-05-28T00:00:00.000,CANADIAN DOLLAR - CHICAGO MERCANTILE EXCHANGE,15878,55301,89942,45632,140449,2019-05-28,-39423,44310
2019-06-04T00:00:00.000,CANADIAN DOLLAR - CHICAGO MERCANTILE EXCHANGE,15330,57089,99023,55664,151970,2019-06-04,-41759,43359
2019-06-11T00:00:00.000,CANADIAN DOLLAR - CHICAGO MERCANTILE EXCHANGE,25597,58437,96453,69782,159212,2019-06-11,-32840,26671
2019-06-18T00:00:00.000,CANADIAN DOLLAR - CHICAGO MERCANTILE EXCHANGE,19796,57867,70537,67737,160795,2019-06-18,-38071,2800
2019-06-25T00:00:00.000,CANADIAN DOLLAR - CHICAGO MERCANTILE EXCHANGE,24750,39540,71645,69078,137543,2019-06-25,-14790,2567
2019-07-02T00:00:00.000,CANADIAN DOLLAR - CHICAGO MERCANTILE EXCHANGE,45057,38764,70570,90343,157998,2019-07-02,6293,-19773
2019-07-09T00:00:00.000,CANADIAN DOLLAR - CHICAGO MERCANTILE EXCHANGE,48734,39508,74021,99594,164842,2019-07-09,9226,-25573
2019-07-16T00:00:00.000,CANADIAN DOLLAR - CHICAGO MERCANTILE EXCHANGE,63098,42134,74284,116508,182946,2019-07-16,20964,-42224
2019-07-23T00:00:00.000,CANADIAN DOLLAR - CHICAGO MERCANTILE EXCHANGE,69694,38944,74876,121515,187397,2019-07-23,30750,-46639
2019-07-30T00:00:00.000,CANADIAN DOLLAR - CHICAGO MERCANTILE EXCHANGE,66305,44583,75564,113887,182478,2019-07-30,21722,-38323
2019-08-06T00:00:00.000,CANADIAN DOLLAR - CHICAGO MERCANTILE EXCHANGE,63598,39432,72567,104262,172657,2019-08-06,24166,-31695
2019-08-13T00:00:00.000,CANADIAN DOLLAR - CHICAGO MERCANTILE EXCHANGE,50065,35865,73207,98380,160861,2019-08-13,14200,-25173
2019-08-20T00:00:00.000,CANADIAN DOLLAR - CHICAGO MERCANTILE EXCHANGE,47368,34331,71980,92293,155837,2019-08-20,13037,-20313
2019-08-27T00:00:00.000,CANADIAN DOLLAR - CHICAGO MERCANTILE EXCHANGE,48292,37387,72672,92086,158921,2019-08-27,10905,-19414
2019-09-03T00:00:00.000,CANADIAN DOLLAR - CHICAGO MERCANTILE EXCHANGE,48206,42857,80697,91268,167396,2019-09-03,5349,-10571
2019-09-10T00:00:00.000,CANADIAN DOLLAR - CHICAGO MERCANTILE EXCHANGE,54971,43448,82997,108864,183058,2019-09-10,11523,-25867
2019-09-17T00:00:00.000,CANADIAN DOLLAR - CHICAGO MERCANTILE EXCHANGE,62004,42181,83296,111040,187795,2019-09-17,19823,-27744
2019-09-24T00:00:00.000,CANADIAN DOLLAR - CHICAGO MERCANTILE EXCHANGE,40323,35731,48674,59118,123017,2019-09-24,4592,-10444
2019-10-01T00:00:00.000,CANADIAN DOLLAR - CHICAGO MERCANTILE EXCHANGE,46303,39976,49998,63454,130937,2019-10-01,6327,-13456
2019-10-08T00:00:00.000,CANADIAN DOLLAR - CHICAGO MERCANTILE EXCHANGE,49071,43758,53697,59579,136105,2019-10-08,5313,-5882
2019-10-15T00:00:00.000,CANADIAN DOLLAR - CHICAGO MERCANTILE EXCHANGE,58007,45046,54260,76985,149079,2019-10-15,12961,-22725
2019-10-22T00:00:00.000,CANADIAN DOLLAR - CHICAGO MERCANTILE EXCHANGE,71410,38017,57738,106358,170305,2019-10-22,33393,-48620
2019-10-29T00:00:00.000,CANADIAN DOLLAR - CHICAGO MERCANTILE EXCHANGE,81982,38393,63589,127040,189971,2019-10-29,43589,-63451
2019-11-05T00:00:00.000,CANADIAN DOLLAR - CHICAGO MERCANTILE EXCHANGE,87774,33772,64506,137583,192882,2019-11-05,54002,-73077
2019-11-12T00:00:00.000,CANADIAN DOLLAR - CHICAGO MERCANTILE EXCHANGE,73671,31298,70603,127432,182793,2019-11-12,42373,-56829
2019-11-19T00:00:00.000,CANADIAN DOLLAR - CHICAGO MERCANTILE EXCHANGE,65040,36175,68701,110343,172759,2019-11-19,28865,-41642
2019-11-26T00:00:00.000,CANADIAN DOLLAR - CHICAGO MERCANTILE EXCHANGE,60930,40586,67607,99823,167350,2019-11-26,20344,-32216
2019-12-03T00:00:00.000,CANADIAN DOLLAR - CHICAGO MERCANTILE EXCHANGE,64040,42569,79966,110194,184060,2019-12-03,21471,-30228
2019-12-10T00:00:00.000,CANADIAN DOLLAR - CHICAGO MERCANTILE EXCHANGE,55285,34544,69682,101534,169219,2019-12-10,20741,-31852
2019-12-17T00:00:00.000,CANADIAN DOLLAR - CHICAGO MERCANTILE EXCHANGE,47523,36332,85984,121501,189458,2019-12-17,11191,-35517
2019-12-24T00:00:00.000,CANADIAN DOLLAR - CHICAGO MERCANTILE EXCHANGE,51478,42981,65276,95855,158666,2019-12-24,8497,-30579
2019-12-31T00:00:00.000,CANADIAN DOLLAR - CHICAGO MERCANTILE EXCHANGE,63961,52048,61553,101602,175666,2019-12-31,11913,-40049
2020-01-07T00:00:00.000,CANADIAN DOLLAR - CHICAGO MERCANTILE EXCHANGE,68756,42389,70831,120354,189996,2020-01-07,26367,-49523
2020-01-14T00:00:00.000,CANADIAN DOLLAR - CHICAGO MERCANTILE EXCHANGE,70428,37576,69928,130028,190229,2020-01-14,32852,-60100
2020-01-21T00:00:00.000,CANADIAN DOLLAR - CHICAGO MERCANTILE EXCHANGE,74399,36105,68338,129088,188596,2020-01-21,38294,-60750
2020-01-28T00:00:00.000,CANADIAN DOLLAR - CHICAGO MERCANTILE EXCHANGE,76299,41709,68537,119269,185499,2020-01-28,34590,-50732
2020-02-04T00:00:00.000,CANADIAN DOLLAR - CHICAGO MERCANTILE EXCHANGE,67193,48630,63080,100666,174000,2020-02-04,18563,-37586
2020-02-11T00:00:00.000,CANADIAN DOLLAR - CHICAGO MERCANTILE EXCHANGE,68225,58520,57774,77069,166914,2020-02-11,9705,-19295
2020-02-18T00:00:00.000,CANADIAN DOLLAR - CHICAGO MERCANTILE EXCHANGE,61559,53742,64458,78962,164698,2020-02-18,7817,-14504
2020-02-25T00:00:00.000,CANADIAN DOLLAR - CHICAGO MERCANTILE EXCHANGE,63658,49034,66151,88098,168819,2020-02-25,14624,-21947
2020-03-03T00:00:00.000,CANADIAN DOLLAR - CHICAGO MERCANTILE EXCHANGE,55191,44612,65372,82628,160511,2020-03-03,10579,-17256
2020-03-10T00:00:00.000,CANADIAN DOLLAR - CHICAGO MERCANTILE EXCHANGE,48055,50045,89173,88883,175226,2020-03-10,-1990,290
2020-03-17T00:00:00.000,CANADIAN DOLLAR - CHICAGO MERCANTILE EXCHANGE,43114,52737,105434,80846,183137,2020-03-17,-9623,24588
2020-03-24T00:00:00.000,CANADIAN DOLLAR - CHICAGO MERCANTILE EXCHANGE,21323,50568,74060,42740,124226,2020-03-24,-29245,31320
2020-03-31T00:00:00.000,CANADIAN DOLLAR - CHICAGO MERCANTILE EXCHANGE,21517,43446,75075,48465,122891,2020-03-31,-21929,26610
2020-04-07T00:00:00.000,CANADIAN DOLLAR - CHICAGO MERCANTILE EXCHANGE,17052,41485,72887,43400,117523,2020-04-07,-24433,29487
2020-04-14T00:00:00.000,CANADIAN DOLLAR - CHICAGO MERCANTILE EXCHANGE,18038,41798,75178,43815,119798,2020-04-14,-23760,31363
2020-04-21T00:00:00.000,CANADIAN DOLLAR - CHICAGO MERCANTILE EXCHANGE,19804,43695,75330,41407,121213,2020-04-21,-23891,33923
2020-04-28T00:00:00.000,CANADIAN DOLLAR - CHICAGO MERCANTILE EXCHANGE,16032,45076,75079,39250,117660,2020-04-28,-29044,35829
2020-05-05T00:00:00.000,CANADIAN DOLLAR - CHICAGO MERCANTILE EXCHANGE,17007,49059,75117,39549,119300,2020-05-05,-32052,35568
2020-05-12T00:00:00.000,CANADIAN DOLLAR - CHICAGO MERCANTILE EXCHANGE,16995,49241,76154,38624,120453,2020-05-12,-32246,37530
2020-05-19T00:00:00.000,CANADIAN DOLLAR - CHICAGO MERCANTILE EXCHANGE,23142,58198,77910,40986,130099,2020-05-19,-35056,36924
2020-05-26T00:00:00.000,CANADIAN DOLLAR - CHICAGO MERCANTILE EXCHANGE,21844,55798,77827,41753,129849,2020-05-26,-33954,36074
2020-06-02T00:00:00.000,CANADIAN DOLLAR - CHICAGO MERCANTILE EXCHANGE,19774,52912,78954,46714,128476,2020-06-02,-33138,32240
2020-06-09T00:00:00.000,CANADIAN DOLLAR - CHICAGO MERCANTILE EXCHANGE,22298,47127,69735,44625,120459,2020-06-09,-24829,25110
2020-06-16T00:00:00.000,CANADIAN DOLLAR - CHICAGO MERCANTILE EXCHANGE,19695,45181,77777,53414,125654,2020-06-16,-25486,24363
2020-06-23T00:00:00.000,CANADIAN DOLLAR - CHICAGO MERCANTILE EXCHANGE,22852,43686,55180,37083,105412,2020-06-23,-20834,18097
2020-06-30T00:00:00.000,CANADIAN DOLLAR - CHICAGO MERCANTILE EXCHANGE,28174,48693,63828,44799,118197,2020-06-30,-20519,19029
2020-07-07T00:00:00.000,CANADIAN DOLLAR - CHICAGO MERCANTILE EXCHANGE,31660,48478,64037,46157,121226,2020-07-07,-16818,17880
2020-07-14T00:00:00.000,CANADIAN DOLLAR - CHICAGO MERCANTILE EXCHANGE,27642,47417,94450,75090,148003,2020-07-14,-19775,19360
2020-07-21T00:00:00.000,CANADIAN DOLLAR - CHICAGO MERCANTILE EXCHANGE,34284,50982,78161,68570,143606,2020-07-21,-16698,9591
2020-07-28T00:00:00.000,CANADIAN DOLLAR - CHICAGO MERCANTILE EXCHANGE,32105,44601,74931,70498,139397,2020-07-28,-12496,4433
2020-08-04T00:00:00.000,CANADIAN DOLLAR - CHICAGO MERCANTILE EXCHANGE,19907,43102,83036,69563,137101,2020-08-04,-23195,13473
2020-08-11T00:00:00.000,CANADIAN DOLLAR - CHICAGO MERCANTILE EXCHANGE,17256,46803,85901,68214,136885,2020-08-11,-29547,17687
2020-08-18T00:00:00.000,CANADIAN DOLLAR - CHICAGO MERCANTILE EXCHANGE,19497,53084,88099,66794,141600,2020-08-18,-33587,21305
2020-08-25T00:00:00.000,CANADIAN DOLLAR - CHICAGO MERCANTILE EXCHANGE,21590,50908,75116,57447,129557,2020-08-25,-29318,17669
2020-09-01T00:00:00.000,CANADIAN DOLLAR - CHICAGO MERCANTILE EXCHANGE,26590,53596,76403,66642,140520,2020-09-01,-27006,9761
2020-09-08T00:00:00.000,CANADIAN DOLLAR - CHICAGO MERCANTILE EXCHANGE,29626,46981,73353,69632,137618,2020-09-08,-17355,3721
2020-09-15T00:00:00.000,CANADIAN DOLLAR - CHICAGO MERCANTILE EXCHANGE,28909,45852,69085,82605,147273,2020-09-15,-16943,-13520
2020-09-22T00:00:00.000,CANADIAN DOLLAR - CHICAGO MERCANTILE EXCHANGE,23588,42470,61980,57005,117564,2020-09-22,-18882,4975
2020-09-29T00:00:00.000,CANADIAN DOLLAR - CHICAGO MERCANTILE EXCHANGE,21619,40567,59778,52569,113862,2020-09-29,-18948,7209
2020-10-06T00:00:00.000,CANADIAN DOLLAR - CHICAGO MERCANTILE EXCHANGE,20808,38855,62803,52103,113818,2020-10-06,-18047,10700
2020-10-13T00:00:00.000,CANADIAN DOLLAR - CHICAGO MERCANTILE EXCHANGE,24638,38202,63693,61172,121956,2020-10-13,-13564,2521
2020-10-20T00:00:00.000,CANADIAN DOLLAR - CHICAGO MERCANTILE EXCHANGE,24725,43800,64516,58059,123266,2020-10-20,-19075,6457
2020-10-27T00:00:00.000,CANADIAN DOLLAR - CHICAGO MERCANTILE EXCHANGE,24739,42808,64900,60423,122403,2020-10-27,-18069,4477
2020-11-03T00:00:00.000,CANADIAN DOLLAR - CHICAGO MERCANTILE EXCHANGE,21549,42235,70230,63111,124892,2020-11-03,-20686,7119
2020-11-10T00:00:00.000,CANADIAN DOLLAR - CHICAGO MERCANTILE EXCHANGE,25962,47311,71253,71346,136456,2020-11-10,-21349,-93
2020-11-17T00:00:00.000,CANADIAN DOLLAR - CHICAGO MERCANTILE EXCHANGE,26205,46564,72094,72587,136614,2020-11-17,-20359,-493
2020-11-24T00:00:00.000,CANADIAN DOLLAR - CHICAGO MERCANTILE EXCHANGE,31529,48375,70279,74745,140823,2020-11-24,-16846,-4466
2020-12-01T00:00:00.000,CANADIAN DOLLAR - CHICAGO MERCANTILE EXCHANGE,28702,49945,74790,79728,147803,2020-12-01,-21243,-4938
2020-12-08T00:00:00.000,CANADIAN DOLLAR - CHICAGO MERCANTILE EXCHANGE,34713,55451,77949,85688,163589,2020-12-08,-20738,-7739
2020-12-15T00:00:00.000,CANADIAN DOLLAR - CHICAGO MERCANTILE EXCHANGE,39856,55572,107352,122442,196230,2020-12-15,-15716,-15090
2020-12-21T00:00:00.000,CANADIAN DOLLAR - CHICAGO MERCANTILE EXCHANGE,43198,33113,69708,107047,156597,2020-12-21,10085,-37339
2020-12-29T00:00:00.000,CANADIAN DOLLAR - CHICAGO MERCANTILE EXCHANGE,42178,26810,69745,111061,154464,2020-12-29,15368,-41316
2021-01-05T00:00:00.000,CANADIAN DOLLAR - CHICAGO MERCANTILE EXCHANGE,41560,27036,71354,109613,156124,2021-01-05,14524,-38259
2021-01-12T00:00:00.000,CANADIAN DOLLAR - CHICAGO MERCANTILE EXCHANGE,43386,31313,70977,105045,156675,2021-01-12,12073,-34068
2021-01-19T00:00:00.000,CANADIAN DOLLAR - CHICAGO MERCANTILE EXCHANGE,43633,33307,69173,100943,154231,2021-01-19,10326,-31770
2021-01-26T00:00:00.000,CANADIAN DOLLAR - CHICAGO MERCANTILE EXCHANGE,53680,39910,70471,110818,168896,2021-01-26,13770,-40347
2021-02-02T00:00:00.000,CANADIAN DOLLAR - CHICAGO MERCANTILE EXCHANGE,46645,30549,69432,108690,158155,2021-02-02,16096,-39258
2021-02-09T00:00:00.000,CANADIAN DOLLAR - CHICAGO MERCANTILE EXCHANGE,44274,34746,68785,104440,158454,2021-02-09,9528,-35655
2021-02-16T00:00:00.000,CANADIAN DOLLAR - CHICAGO MERCANTILE EXCHANGE,45021,36857,68547,102135,159266,2021-02-16,8164,-33588
2021-02-23T00:00:00.000,CANADIAN DOLLAR - CHICAGO MERCANTILE EXCHANGE,46899,37767,68966,109887,166868,2021-02-23,9132,-40921
2021-03-02T00:00:00.000,CANADIAN DOLLAR - CHICAGO MERCANTILE EXCHANGE,51391,36064,67338,114438,168689,2021-03-02,15327,-47100
2021-03-09T00:00:00.000,CANADIAN DOLLAR - CHICAGO MERCANTILE EXCHANGE,50022,39041,70529,113146,173078,2021-03-09,10981,-42617
2021-03-16T00:00:00.000,CANADIAN DOLLAR - CHICAGO MERCANTILE EXCHANGE,50907,40644,82575,111850,186932,2021-03-16,10263,-29275
2021-03-23T00:00:00.000,CANADIAN DOLLAR - CHICAGO MERCANTILE EXCHANGE,46786,41683,67367,98986,162170,2021-03-23,5103,-31619
2021-03-30T00:00:00.000,CANADIAN DOLLAR - CHICAGO MERCANTILE EXCHANGE,48462,41944,68228,102279,164199,2021-03-30,6518,-34051
2021-04-06T00:00:00.000,CANADIAN DOLLAR - CHICAGO MERCANTILE EXCHANGE,47506,44816,71329,100750,166118,2021-04-06,2690,-29421
2021-04-13T00:00:00.000,CANADIAN DOLLAR - CHICAGO MERCANTILE EXCHANGE,48056,45650,71821,100166,166186,2021-04-13,2406,-28345
2021-04-20T00:00:00.000,CANADIAN DOLLAR - CHICAGO MERCANTILE EXCHANGE,53824,40578,71858,113008,173145,2021-04-20,13246,-41150
2021-04-27T00:00:00.000,CANADIAN DOLLAR - CHICAGO MERCANTILE EXCHANGE,56675,40953,72924,119629,180771,2021-04-27,15722,-46705
2021-05-04T00:00:00.000,CANADIAN DOLLAR - CHICAGO MERCANTILE EXCHANGE,74280,48333,69279,129984,196817,2021-05-04,25947,-60705
2021-05-11T00:00:00.000,CANADIAN DOLLAR - CHICAGO MERCANTILE EXCHANGE,79329,40700,72089,138338,201955,2021-05-11,38629,-66249
2021-05-18T00:00:00.000,CANADIAN DOLLAR - CHICAGO MERCANTILE EXCHANGE,82026,35914,73359,148337,207963,2021-05-18,46112,-74978
2021-05-25T00:00:00.000,CANADIAN DOLLAR - CHICAGO MERCANTILE EXCHANGE,84183,39372,76439,151974,213176,2021-05-25,44811,-75535
2021-06-01T00:00:00.000,CANADIAN DOLLAR - CHICAGO MERCANTILE EXCHANGE,89467,40695,83447,165928,228957,2021-06-01,48772,-82481
2021-06-08T00:00:00.000,CANADIAN DOLLAR - CHICAGO MERCANTILE EXCHANGE,80989,35708,81541,158724,220053,2021-06-08,45281,-77183
2021-06-15T00:00:00.000,CANADIAN DOLLAR - CHICAGO MERCANTILE EXCHANGE,73071,28817,129185,202106,252936,2021-06-15,44254,-72921
2021-06-22T00:00:00.000,CANADIAN DOLLAR - CHICAGO MERCANTILE EXCHANGE,69074,25849,88461,155151,202787,2021-06-22,43225,-66690
2021-06-29T00:00:00.000,CANADIAN DOLLAR - CHICAGO MERCANTILE EXCHANGE,68301,22500,83461,154243,196928,2021-06-29,45801,-70782
2021-07-06T00:00:00.000,CANADIAN DOLLAR - CHICAGO MERCANTILE EXCHANGE,69923,28745,86106,152773,202136,2021-07-06,41178,-66667
2021-07-13T00:00:00.000,CANADIAN DOLLAR - CHICAGO MERCANTILE EXCHANGE,63107,36731,91664,142114,198714,2021-07-13,26376,-50450
2021-07-20T00:00:00.000,CANADIAN DOLLAR - CHICAGO MERCANTILE EXCHANGE,59883,46968,89082,114958,189308,2021-07-20,12915,-25876
2021-07-27T00:00:00.000,CANADIAN DOLLAR - CHICAGO MERCANTILE EXCHANGE,47048,41674,88808,110050,174701,2021-07-27,5374,-21242
2021-08-03T00:00:00.000,CANADIAN DOLLAR - CHICAGO MERCANTILE EXCHANGE,46064,38604,85956,109045,170609,2021-08-03,7460,-23089
2021-08-10T00:00:00.000,CANADIAN DOLLAR - CHICAGO MERCANTILE EXCHANGE,45445,38980,85808,107979,171602,2021-08-10,6465,-22171
2021-08-17T00:00:00.000,CANADIAN DOLLAR - CHICAGO MERCANTILE EXCHANGE,46499,43839,93234,107876,177460,2021-08-17,2660,-14642
2021-08-24T00:00:00.000,CANADIAN DOLLAR - CHICAGO MERCANTILE EXCHANGE,44124,38247,89815,104550,171487,2021-08-24,5877,-14735
2021-08-31T00:00:00.000,CANADIAN DOLLAR - CHICAGO MERCANTILE EXCHANGE,40686,43534,92528,96630,170439,2021-08-31,-2848,-4102
2021-09-07T00:00:00.000,CANADIAN DOLLAR - CHICAGO MERCANTILE EXCHANGE,36704,42714,94316,100397,170506,2021-09-07,-6010,-6081
2021-09-14T00:00:00.000,CANADIAN DOLLAR - CHICAGO MERCANTILE EXCHANGE,36677,45960,102846,101422,175708,2021-09-14,-9283,1424
2021-09-21T00:00:00.000,CANADIAN DOLLAR - CHICAGO MERCANTILE EXCHANGE,18954,46831,64253,45399,118528,2021-09-21,-27877,18854
2021-09-28T00:00:00.000,CANADIAN DOLLAR - CHICAGO MERCANTILE EXCHANGE,21873,42108,62549,47716,118066,2021-09-28,-20235,14833
2021-10-05T00:00:00.000,CANADIAN DOLLAR - CHICAGO MERCANTILE EXCHANGE,18580,45446,65338,49883,120168,2021-10-05,-26866,15455
2021-10-12T00:00:00.000,CANADIAN DOLLAR - CHICAGO MERCANTILE EXCHANGE,22382,50242,66803,55075,127827,2021-10-12,-27860,11728
2021-10-19T00:00:00.000,CANADIAN DOLLAR - CHICAGO MERCANTILE EXCHANGE,40380,51304,72675,80512,153912,2021-10-19,-10924,-7837
2021-10-26T00:00:00.000,CANADIAN DOLLAR - CHICAGO MERCANTILE EXCHANGE,45977,42657,69913,96542,159475,2021-10-26,3320,-26629
2021-11-02T00:00:00.000,CANADIAN DOLLAR - CHICAGO MERCANTILE EXCHANGE,42037,37875,68542,95983,156194,2021-11-02,4162,-27441
2021-11-09T00:00:00.000,CANADIAN DOLLAR - CHICAGO MERCANTILE EXCHANGE,43961,38857,67021,93629,154720,2021-11-09,5104,-26608
2021-11-16T00:00:00.000,CANADIAN DOLLAR - CHICAGO MERCANTILE EXCHANGE,44147,35438,62689,89406,148955,2021-11-16,8709,-26717
2021-11-23T00:00:00.000,CANADIAN DOLLAR - CHICAGO MERCANTILE EXCHANGE,44320,47455,66164,77561,150275,2021-11-23,-3135,-11397
2021-11-30T00:00:00.000,CANADIAN DOLLAR - CHICAGO MERCANTILE EXCHANGE,41242,55317,72020,62169,148375,2021-11-30,-14075,9851
2021-12-07T00:00:00.000,CANADIAN DOLLAR - CHICAGO MERCANTILE EXCHANGE,41095,50453,72984,66847,155078,2021-12-07,-9358,6137
2021-12-14T00:00:00.000,CANADIAN DOLLAR - CHICAGO MERCANTILE EXCHANGE,38230,51358,74451,76510,186638,2021-12-14,-13128,-2059
2021-12-21T00:00:00.000,CANADIAN DOLLAR - CHICAGO MERCANTILE EXCHANGE,45925,55802,66483,59043,145562,2021-12-21,-9877,7440
2021-12-28T00:00:00.000,CANADIAN DOLLAR - CHICAGO MERCANTILE EXCHANGE,42528,52862,62717,55550,138692,2021-12-28,-10334,7167
2022-01-04T00:00:00.000,CANADIAN DOLLAR - CHICAGO MERCANTILE EXCHANGE,41905,52930,61198,52656,135633,2022-01-04,-11025,8542
2022-01-11T00:00:00.000,CANADIAN DOLLAR - CHICAGO MERCANTILE EXCHANGE,44284,51660,59569,57573,138571,2022-01-11,-7376,1996
2022-01-18T00:00:00.000,CANADIAN DOLLAR - CHICAGO MERCANTILE EXCHANGE,49792,42300,58921,72644,143371,2022-01-18,7492,-13723
2022-01-25T00:00:00.000,CANADIAN DOLLAR - CHICAGO MERCANTILE EXCHANGE,53129,40812,57492,77073,146448,2022-01-25,12317,-19581
2022-02-01T00:00:00.000,CANADIAN DOLLAR - CHICAGO MERCANTILE EXCHANGE,52386,34122,57524,83146,145082,2022-02-01,18264,-25622
2022-02-08T00:00:00.000,CANADIAN DOLLAR - CHICAGO MERCANTILE EXCHANGE,54762,39876,58404,75362,145208,2022-02-08,14886,-16958
2022-02-15T00:00:00.000,CANADIAN DOLLAR - CHICAGO MERCANTILE EXCHANGE,54424,42254,58524,73640,144815,2022-02-15,12170,-15116
2022-02-22T00:00:00.000,CANADIAN DOLLAR - CHICAGO MERCANTILE EXCHANGE,47661,38408,58345,72488,140305,2022-02-22,9253,-14143
2022-03-01T00:00:00.000,CANADIAN DOLLAR - CHICAGO MERCANTILE EXCHANGE,50881,36741,57576,79162,143507,2022-03-01,14140,-21586
2022-03-08T00:00:00.000,CANADIAN DOLLAR - CHICAGO MERCANTILE EXCHANGE,48492,40846,62360,77854,149425,2022-03-08,7646,-15494
2022-03-15T00:00:00.000,CANADIAN DOLLAR - CHICAGO MERCANTILE EXCHANGE,47406,29666,59344,72489,143863,2022-03-15,17740,-13145
2022-03-22T00:00:00.000,CANADIAN DOLLAR - CHICAGO MERCANTILE EXCHANGE,29314,34254,59269,66834,124090,2022-03-22,-4940,-7565
2022-03-29T00:00:00.000,CANADIAN DOLLAR - CHICAGO MERCANTILE EXCHANGE,32429,33964,76738,92256,147421,2022-03-29,-1535,-15518
2022-04-05T00:00:00.000,CANADIAN DOLLAR - CHICAGO MERCANTILE EXCHANGE,37325,30402,77906,108320,157562,2022-04-05,6923,-30414
2022-04-12T00:00:00.000,CANADIAN DOLLAR - CHICAGO MERCANTILE EXCHANGE,37724,25566,76922,110372,155390,2022-04-12,12158,-33450
2022-04-19T00:00:00.000,CANADIAN DOLLAR - CHICAGO MERCANTILE EXCHANGE,44063,22837,68989,108327,153302,2022-04-19,21226,-39338
2022-04-26T00:00:00.000,CANADIAN DOLLAR - CHICAGO MERCANTILE EXCHANGE,48787,27906,69995,100476,155362,2022-04-26,20881,-30481
2022-05-03T00:00:00.000,CANADIAN DOLLAR - CHICAGO MERCANTILE EXCHANGE,44670,35641,72629,85588,152779,2022-05-03,9029,-12959
2022-05-10T00:00:00.000,CANADIAN DOLLAR - CHICAGO MERCANTILE EXCHANGE,38679,44086,75215,72276,151009,2022-05-10,-5407,2939
2022-05-17T00:00:00.000,CANADIAN DOLLAR - CHICAGO MERCANTILE EXCHANGE,36069,50565,79825,67234,151585,2022-05-17,-14496,12591
2022-05-24T00:00:00.000,CANADIAN DOLLAR - CHICAGO MERCANTILE EXCHANGE,28999,41686,74953,68020,138508,2022-05-24,-12687,6933
2022-05-31T00:00:00.000,CANADIAN DOLLAR - CHICAGO MERCANTILE EXCHANGE,30520,37527,70006,70333,135929,2022-05-31,-7007,-327
2022-06-07T00:00:00.000,CANADIAN DOLLAR - CHICAGO MERCANTILE EXCHANGE,39288,40350,74044,87445,167373,2022-06-07,-1062,-13401
2022-06-14T00:00:00.000,CANADIAN DOLLAR - CHICAGO MERCANTILE EXCHANGE,56550,33348,79064,109348,175219,2022-06-14,23202,-30284
2022-06-21T00:00:00.000,CANADIAN DOLLAR - CHICAGO MERCANTILE EXCHANGE,42260,38155,67084,73662,140047,2022-06-21,4105,-6578
2022-06-28T00:00:00.000,CANADIAN DOLLAR - CHICAGO MERCANTILE EXCHANGE,45893,36796,65407,77654,142584,2022-06-28,9097,-12247
2022-07-05T00:00:00.000,CANADIAN DOLLAR - CHICAGO MERCANTILE EXCHANGE,45365,41072,67829,72362,145372,2022-07-05,4293,-4533
2022-07-12T00:00:00.000,CANADIAN DOLLAR - CHICAGO MERCANTILE EXCHANGE,41613,38108,64673,69326,139297,2022-07-12,3505,-4653
2022-07-19T00:00:00.000,CANADIAN DOLLAR - CHICAGO MERCANTILE EXCHANGE,42040,35373,67038,75784,142216,2022-07-19,6667,-8746
2022-07-26T00:00:00.000,CANADIAN DOLLAR - CHICAGO MERCANTILE EXCHANGE,46414,30645,61869,84066,144182,2022-07-26,15769,-22197
2022-08-02T00:00:00.000,CANADIAN DOLLAR - CHICAGO MERCANTILE EXCHANGE,48342,28065,59355,89762,145914,2022-08-02,20277,-30407
2022-08-09T00:00:00.000,CANADIAN DOLLAR - CHICAGO MERCANTILE EXCHANGE,46898,25675,59798,89541,143646,2022-08-09,21223,-29743
2022-08-16T00:00:00.000,CANADIAN DOLLAR - CHICAGO MERCANTILE EXCHANGE,51843,24976,58476,90605,147596,2022-08-16,26867,-32129
2022-08-23T00:00:00.000,CANADIAN DOLLAR - CHICAGO MERCANTILE EXCHANGE,53617,30390,61209,90892,152685,2022-08-23,23227,-29683
2022-08-30T00:00:00.000,CANADIAN DOLLAR - CHICAGO MERCANTILE EXCHANGE,58704,34525,61821,90860,158165,2022-08-30,24179,-29039
2022-09-06T00:00:00.000,CANADIAN DOLLAR - CHICAGO MERCANTILE EXCHANGE,57185,39275,66485,85401,160567,2022-09-06,17910,-18916
2022-09-13T00:00:00.000,CANADIAN DOLLAR - CHICAGO MERCANTILE EXCHANGE,48102,35677,66866,80342,149556,2022-09-13,12425,-13476
2022-09-20T00:00:00.000,CANADIAN DOLLAR - CHICAGO MERCANTILE EXCHANGE,47913,45857,73298,72406,160314,2022-09-20,2056,892
2022-09-27T00:00:00.000,CANADIAN DOLLAR - CHICAGO MERCANTILE EXCHANGE,33677,51343,75267,53560,140889,2022-09-27,-17666,21707
2022-10-04T00:00:00.000,CANADIAN DOLLAR - CHICAGO MERCANTILE EXCHANGE,36246,57653,70624,52677,141799,2022-10-04,-21407,17947
2022-10-11T00:00:00.000,CANADIAN DOLLAR - CHICAGO MERCANTILE EXCHANGE,32476,58148,77929,50563,144000,2022-10-11,-25672,27366
2022-10-18T00:00:00.000,CANADIAN DOLLAR - CHICAGO MERCANTILE EXCHANGE,35384,55957,78895,53792,146425,2022-10-18,-20573,25103
2022-10-25T00:00:00.000,CANADIAN DOLLAR - CHICAGO MERCANTILE EXCHANGE,35607,53762,74064,56011,143417,2022-10-25,-18155,18053
2022-11-01T00:00:00.000,CANADIAN DOLLAR - CHICAGO MERCANTILE EXCHANGE,38522,56171,74352,55077,147170,2022-11-01,-17649,19275
2022-11-08T00:00:00.000,CANADIAN DOLLAR - CHICAGO MERCANTILE EXCHANGE,39586,58050,75750,57820,147555,2022-11-08,-18464,17930
2022-11-15T00:00:00.000,CANADIAN DOLLAR - CHICAGO MERCANTILE EXCHANGE,37456,50376,70173,55944,139753,2022-11-15,-12920,14229
2022-11-22T00:00:00.000,CANADIAN DOLLAR - CHICAGO MERCANTILE EXCHANGE,36733,48405,65508,52844,134901,2022-11-22,-11672,12664
2022-11-29T00:00:00.000,CANADIAN DOLLAR - CHICAGO MERCANTILE EXCHANGE,35123,51239,66304,52353,136654,2022-11-29,-16116,13951
2022-12-06T00:00:00.000,CANADIAN DOLLAR - CHICAGO MERCANTILE EXCHANGE,30717,52807,79379,56474,148891,2022-12-06,-22090,22905
2022-12-13T00:00:00.000,CANADIAN DOLLAR - CHICAGO MERCANTILE EXCHANGE,31720,58968,87471,62547,169433,2022-12-13,-27248,24924
2022-12-20T00:00:00.000,CANADIAN DOLLAR - CHICAGO MERCANTILE EXCHANGE,39705,66666,94996,72010,180857,2022-12-20,-26961,22986
2022-12-27T00:00:00.000,CANADIAN DOLLAR - CHICAGO MERCANTILE EXCHANGE,28879,58912,78624,50198,140544,2022-12-27,-30033,28426
2023-01-03T00:00:00.000,CANADIAN DOLLAR - CHICAGO MERCANTILE EXCHANGE,25497,52263,77624,53083,138995,2023-01-03,-26766,24541
2023-01-10T00:00:00.000,CANADIAN DOLLAR - CHICAGO MERCANTILE EXCHANGE,22166,53121,75060,47795,133888,2023-01-10,-30955,27265
2023-01-17T00:00:00.000,CANADIAN DOLLAR - CHICAGO MERCANTILE EXCHANGE,20897,48156,75387,47899,132346,2023-01-17,-27259,27488
2023-01-24T00:00:00.000,CANADIAN DOLLAR - CHICAGO MERCANTILE EXCHANGE,25978,56690,77571,48412,137476,2023-01-24,-30712,29159
2023-01-31T00:00:00.000,CANADIAN DOLLAR - CHICAGO MERCANTILE EXCHANGE,26404,56588,77299,49662,140167,2023-01-31,-30184,27637
2023-02-07T00:00:00.000,CANADIAN DOLLAR - CHICAGO MERCANTILE EXCHANGE,33292,66383,80689,48743,149621,2023-02-07,-33091,31946
2023-02-14T00:00:00.000,CANADIAN DOLLAR - CHICAGO MERCANTILE EXCHANGE,24466,59960,88778,52420,149059,2023-02-14,-35494,36358
2023-02-21T00:00:00.000,CANADIAN DOLLAR - CHICAGO MERCANTILE EXCHANGE,21889,59392,90489,50736,151896,2023-02-21,-37503,39753
2023-02-28T00:00:00.000,CANADIAN DOLLAR - CHICAGO MERCANTILE EXCHANGE,31599,67673,97390,58930,165097,2023-02-28,-36074,38460
2023-03-07T00:00:00.000,CANADIAN DOLLAR - CHICAGO MERCANTILE EXCHANGE,62108,91310,104046,64577,203816,2023-03-07,-29202,39469
2023-03-14T00:00:00.000,CANADIAN DOLLAR - CHICAGO MERCANTILE EXCHANGE,60738,92453,146380,110011,244421,2023-03-14,-31715,36369
2023-03-21T00:00:00.000,CANADIAN DOLLAR - CHICAGO MERCANTILE EXCHANGE,18812,75633,127798,63349,178185,2023-03-21,-56821,64449
2023-03-28T00:00:00.000,CANADIAN DOLLAR - CHICAGO MERCANTILE EXCHANGE,19672,76497,124285,60868,176559,2023-03-28,-56825,63417
2023-04-04T00:00:00.000,CANADIAN DOLLAR - CHICAGO MERCANTILE EXCHANGE,16607,75116,118790,60642,169138,2023-04-04,-58509,58148
2023-04-11T00:00:00.000,CANADIAN DOLLAR - CHICAGO MERCANTILE EXCHANGE,16914,73493,116537,58332,164875,2023-04-11,-56579,58205
2023-04-18T00:00:00.000,CANADIAN DOLLAR - CHICAGO MERCANTILE EXCHANGE,17806,64039,96421,54227,148638,2023-04-18,-46233,42194
2023-04-25T00:00:00.000,CANADIAN DOLLAR - CHICAGO MERCANTILE EXCHANGE,24295,68086,93784,47906,151786,2023-04-25,-43791,45878
2023-05-02T00:00:00.000,CANADIAN DOLLAR - CHICAGO MERCANTILE EXCHANGE,27899,77995,110317,53730,171054,2023-05-02,-50096,56587
2023-05-09T00:00:00.000,CANADIAN DOLLAR - CHICAGO MERCANTILE EXCHANGE,29609,71872,94662,52705,159364,2023-05-09,-42263,41957
2023-05-16T00:00:00.000,CANADIAN DOLLAR - CHICAGO MERCANTILE EXCHANGE,28514,71504,98089,53556,161195,2023-05-16,-42990,44533
2023-05-23T00:00:00.000,CANADIAN DOLLAR - CHICAGO MERCANTILE EXCHANGE,20388,68914,103597,54457,159199,2023-05-23,-48526,49140
2023-05-30T00:00:00.000,CANADIAN DOLLAR - CHICAGO MERCANTILE EXCHANGE,37619,67533,107243,68206,179871,2023-05-30,-29914,39037
2023-06-06T00:00:00.000,CANADIAN DOLLAR - CHICAGO MERCANTILE EXCHANGE,21709,60038,106003,67547,168025,2023-06-06,-38329,38456
2023-06-13T00:00:00.000,CANADIAN DOLLAR - CHICAGO MERCANTILE EXCHANGE,15536,52204,98335,68959,167232,2023-06-13,-36668,29376
2023-06-20T00:00:00.000,CANADIAN DOLLAR - CHICAGO MERCANTILE EXCHANGE,28187,61730,114925,96167,184106,2023-06-20,-33543,18758
2023-06-27T00:00:00.000,CANADIAN DOLLAR - CHICAGO MERCANTILE EXCHANGE,50307,53154,73407,90141,167798,2023-06-27,-2847,-16734
2023-07-03T00:00:00.000,CANADIAN DOLLAR - CHICAGO MERCANTILE EXCHANGE,44178,39651,73437,92252,156284,2023-07-03,4527,-18815
2023-07-11T00:00:00.000,CANADIAN DOLLAR - CHICAGO MERCANTILE EXCHANGE,35072,30628,68935,82961,140395,2023-07-11,4444,-14026
2023-07-18T00:00:00.000,CANADIAN DOLLAR - CHICAGO MERCANTILE EXCHANGE,33877,33356,73833,86824,146171,2023-07-18,521,-12991
2023-07-25T00:00:00.000,CANADIAN DOLLAR - CHICAGO MERCANTILE EXCHANGE,42759,37229,73539,95635,156395,2023-07-25,5530,-22096
2023-08-01T00:00:00.000,CANADIAN DOLLAR - CHICAGO MERCANTILE EXCHANGE,36278,29913,72951,96220,152606,2023-08-01,6365,-23269
2023-08-08T00:00:00.000,CANADIAN DOLLAR - CHICAGO MERCANTILE EXCHANGE,29481,30104,73301,77918,140960,2023-08-08,-623,-4617
2023-08-15T00:00:00.000,CANADIAN DOLLAR - CHICAGO MERCANTILE EXCHANGE,37112,48523,85774,72005,157827,2023-08-15,-11411,13769
2023-08-22T00:00:00.000,CANADIAN DOLLAR - CHICAGO MERCANTILE EXCHANGE,35993,48063,92691,76558,166147,2023-08-22,-12070,16133
2023-08-29T00:00:00.000,CANADIAN DOLLAR - CHICAGO MERCANTILE EXCHANGE,42527,58288,94881,76942,177048,2023-08-29,-15761,17939
2023-09-05T00:00:00.000,CANADIAN DOLLAR - CHICAGO MERCANTILE EXCHANGE,45761,70724,103959,74498,189660,2023-09-05,-24963,29461
2023-09-12T00:00:00.000,CANADIAN DOLLAR - CHICAGO MERCANTILE EXCHANGE,40298,82181,131976,82701,217080,2023-09-12,-41883,49275
2023-09-19T00:00:00.000,CANADIAN DOLLAR - CHICAGO MERCANTILE EXCHANGE,19027,67054,184750,135946,246847,2023-09-19,-48027,48804
2023-09-26T00:00:00.000,CANADIAN DOLLAR - CHICAGO MERCANTILE EXCHANGE,17006,49702,120758,90939,175848,2023-09-26,-32696,29819
2023-10-03T00:00:00.000,CANADIAN DOLLAR - CHICAGO MERCANTILE EXCHANGE,21674,61825,127502,88921,189443,2023-10-03,-40151,38581
2023-10-10T00:00:00.000,CANADIAN DOLLAR - CHICAGO MERCANTILE EXCHANGE,20342,66831,124157,75737,179357,2023-10-10,-46489,48420
2023-10-17T00:00:00.000,CANADIAN DOLLAR - CHICAGO MERCANTILE EXCHANGE,21640,70179,125109,75003,183938,2023-10-17,-48539,50106
2023-10-24T00:00:00.000,CANADIAN DOLLAR - CHICAGO MERCANTILE EXCHANGE,22326,70965,127101,73501,184747,2023-10-24,-48639,53600
2023-10-31T00:00:00.000,CANADIAN DOLLAR - CHICAGO MERCANTILE EXCHANGE,25418,74750,133433,77381,198528,2023-10-31,-49332,56052
2023-11-07T00:00:00.000,CANADIAN DOLLAR - CHICAGO MERCANTILE EXCHANGE,17171,84892,145272,72704,200364,2023-11-07,-67721,72568
2023-11-14T00:00:00.000,CANADIAN DOLLAR - CHICAGO MERCANTILE EXCHANGE,18678,89081,152043,74345,206046,2023-11-14,-70403,77698
2023-11-21T00:00:00.000,CANADIAN DOLLAR - CHICAGO MERCANTILE EXCHANGE,19407,84847,145080,74997,203248,2023-11-21,-65440,70083
2023-11-28T00:00:00.000,CANADIAN DOLLAR - CHICAGO MERCANTILE EXCHANGE,18991,82233,143464,75927,200864,2023-11-28,-63242,67537
2023-12-05T00:00:00.000,CANADIAN DOLLAR - CHICAGO MERCANTILE EXCHANGE,19753,77601,141259,77969,197791,2023-12-05,-57848,63290
2023-12-12T00:00:00.000,CANADIAN DOLLAR - CHICAGO MERCANTILE EXCHANGE,19457,74702,153678,92485,213873,2023-12-12,-55245,61193
2023-12-19T00:00:00.000,CANADIAN DOLLAR - CHICAGO MERCANTILE EXCHANGE,28862,83195,148747,98170,214241,2023-12-19,-54333,50577
2023-12-26T00:00:00.000,CANADIAN DOLLAR - CHICAGO MERCANTILE EXCHANGE,41685,76406,98388,74440,176452,2023-12-26,-34721,23948
2024-01-02T00:00:00.000,CANADIAN DOLLAR - CHICAGO MERCANTILE EXCHANGE,50895,72026,97957,89637,184476,2024-01-02,-21131,8320
2024-01-09T00:00:00.000,CANADIAN DOLLAR - CHICAGO MERCANTILE EXCHANGE,42286,49666,93842,95629,171557,2024-01-09,-7380,-1787
2024-01-16T00:00:00.000,CANADIAN DOLLAR - CHICAGO MERCANTILE EXCHANGE,38738,52126,91783,86855,165998,2024-01-16,-13388,4928
2024-01-23T00:00:00.000,CANADIAN DOLLAR - CHICAGO MERCANTILE EXCHANGE,34310,42761,87877,84716,155138,2024-01-23,-8451,3161
2024-01-30T00:00:00.000,CANADIAN DOLLAR - CHICAGO MERCANTILE EXCHANGE,39101,41489,86763,90963,159376,2024-01-30,-2388,-4200
2024-02-06T00:00:00.000,CANADIAN DOLLAR - CHICAGO MERCANTILE EXCHANGE,32782,40518,94058,89646,160118,2024-02-06,-7736,4412
2024-02-13T00:00:00.000,CANADIAN DOLLAR - CHICAGO MERCANTILE EXCHANGE,35698,41180,92188,85230,161519,2024-02-13,-5482,6958
2024-02-20T00:00:00.000,CANADIAN DOLLAR - CHICAGO MERCANTILE EXCHANGE,37108,37971,88205,86860,157666,2024-02-20,-863,1345
2024-02-27T00:00:00.000,CANADIAN DOLLAR - CHICAGO MERCANTILE EXCHANGE,41158,42536,90546,91119,166484,2024-02-27,-1378,-573
2024-03-05T00:00:00.000,CANADIAN DOLLAR - CHICAGO MERCANTILE EXCHANGE,42590,62427,106182,82615,183697,2024-03-05,-19837,23567
2024-03-12T00:00:00.000,CANADIAN DOLLAR - CHICAGO MERCANTILE EXCHANGE,35964,66838,113942,83646,193223,2024-03-12,-30874,30296
2024-03-19T00:00:00.000,CANADIAN DOLLAR - CHICAGO MERCANTILE EXCHANGE,45761,82909,153407,111970,230592,2024-03-19,-37148,41437
2024-03-26T00:00:00.000,CANADIAN DOLLAR - CHICAGO MERCANTILE EXCHANGE,37915,88205,121200,66723,190995,2024-03-26,-50290,54477
2024-04-02T00:00:00.000,CANADIAN DOLLAR - CHICAGO MERCANTILE EXCHANGE,44220,95443,120307,67826,197171,2024-04-02,-51223,52481
2024-04-09T00:00:00.000,CANADIAN DOLLAR - CHICAGO MERCANTILE EXCHANGE,34741,88126,127944,69604,192964,2024-04-09,-53385,58340
2024-04-16T00:00:00.000,CANADIAN DOLLAR - CHICAGO MERCANTILE EXCHANGE,37067,119882,166834,75262,237526,2024-04-16,-82815,91572
2024-04-23T00:00:00.000,CANADIAN DOLLAR - CHICAGO MERCANTILE EXCHANGE,35873,112323,157017,72555,226747,2024-04-23,-76450,84462
2024-04-30T00:00:00.000,CANADIAN DOLLAR - CHICAGO MERCANTILE EXCHANGE,33793,96994,144359,73869,211555,2024-04-30,-63201,70490
2024-05-07T00:00:00.000,CANADIAN DOLLAR - CHICAGO MERCANTILE EXCHANGE,32945,102166,148390,76545,216708,2024-05-07,-69221,71845
2024-05-14T00:00:00.000,CANADIAN DOLLAR - CHICAGO MERCANTILE EXCHANGE,34286,114589,147626,69406,220840,2024-05-14,-80303,78220
2024-05-21T00:00:00.000,CANADIAN DOLLAR - CHICAGO MERCANTILE EXCHANGE,35399,126223,164291,72434,234491,2024-05-21,-90824,91857
2024-05-28T00:00:00.000,CANADIAN DOLLAR - CHICAGO MERCANTILE EXCHANGE,37299,123884,189745,99392,264401,2024-05-28,-86585,90353
2024-06-04T00:00:00.000,CANADIAN DOLLAR - CHICAGO MERCANTILE EXCHANGE,37360,128999,193449,93545,265761,2024-06-04,-91639,99904
2024-06-11T00:00:00.000,CANADIAN DOLLAR - CHICAGO MERCANTILE EXCHANGE,37310,166803,231560,93499,307387,2024-06-11,-129493,138061
2024-06-18T00:00:00.000,CANADIAN DOLLAR - CHICAGO MERCANTILE EXCHANGE,22778,170709,292398,134019,351458,2024-06-18,-147931,158379
2024-06-25T00:00:00.000,CANADIAN DOLLAR - CHICAGO MERCANTILE EXCHANGE,27790,150202,214107,87777,278437,2024-06-25,-122412,126330
2024-07-02T00:00:00.000,CANADIAN DOLLAR - CHICAGO MERCANTILE EXCHANGE,21850,142202,205557,81054,263465,2024-07-02,-120352,124503
2024-07-09T00:00:00.000,CANADIAN DOLLAR - CHICAGO MERCANTILE EXCHANGE,20263,131475,198168,84860,257288,2024-07-09,-111212,113308
2024-07-16T00:00:00.000,CANADIAN DOLLAR - CHICAGO MERCANTILE EXCHANGE,24734,157207,219027,81448,280941,2024-07-16,-132473,137579
2024-07-23T00:00:00.000,CANADIAN DOLLAR - CHICAGO MERCANTILE EXCHANGE,24087,185690,253851,85187,315684,2024-07-23,-161603,168664
2024-07-30T00:00:00.000,CANADIAN DOLLAR - CHICAGO MERCANTILE EXCHANGE,23726,219989,289776,85990,351856,2024-07-30,-196263,203786
2024-08-06T00:00:00.000,CANADIAN DOLLAR - CHICAGO MERCANTILE EXCHANGE,21993,203625,274249,88811,335120,2024-08-06,-181632,185438
2024-08-13T00:00:00.000,CANADIAN DOLLAR - CHICAGO MERCANTILE EXCHANGE,20668,200279,265254,84296,323167,2024-08-13,-179611,180958
2024-08-20T00:00:00.000,CANADIAN DOLLAR - CHICAGO MERCANTILE EXCHANGE,19528,183938,258246,91240,314073,2024-08-20,-164410,167006
2024-08-27T00:00:00.000,CANADIAN DOLLAR - CHICAGO MERCANTILE EXCHANGE,19325,129327,228771,122627,296041,2024-08-27,-110002,106144
2024-09-03T00:00:00.000,CANADIAN DOLLAR - CHICAGO MERCANTILE EXCHANGE,31460,100004,178469,116456,255897,2024-09-03,-68544,62013
2024-09-10T00:00:00.000,CANADIAN DOLLAR - CHICAGO MERCANTILE EXCHANGE,23773,92726,176814,109896,251209,2024-09-10,-68953,66918
2024-09-17T00:00:00.000,CANADIAN DOLLAR - CHICAGO MERCANTILE EXCHANGE,21464,94614,197838,129777,256538,2024-09-17,-73150,68061
2024-09-24T00:00:00.000,CANADIAN DOLLAR - CHICAGO MERCANTILE EXCHANGE,25305,90894,153065,93319,213164,2024-09-24,-65589,59746
2024-10-01T00:00:00.000,CANADIAN DOLLAR - CHICAGO MERCANTILE EXCHANGE,25151,95154,156149,95981,216044,2024-10-01,-70003,60168
2024-10-08T00:00:00.000,CANADIAN DOLLAR - CHICAGO MERCANTILE EXCHANGE,21643,110794,168983,82753,224645,2024-10-08,-89151,86230
2024-10-15T00:00:00.000,CANADIAN DOLLAR - CHICAGO MERCANTILE EXCHANGE,36718,159111,226425,102519,296537,2024-10-15,-122393,123906
2024-10-22T00:00:00.000,CANADIAN DOLLAR - CHICAGO MERCANTILE EXCHANGE,28439,169070,245856,97161,308279,2024-10-22,-140631,148695
2024-10-29T00:00:00.000,CANADIAN DOLLAR - CHICAGO MERCANTILE EXCHANGE,27399,194898,266311,92045,329945,2024-10-29,-167499,174266
2024-11-05T00:00:00.000,CANADIAN DOLLAR - CHICAGO MERCANTILE EXCHANGE,26816,202045,272938,92020,336467,2024-11-05,-175229,180918
2024-11-12T00:00:00.000,CANADIAN DOLLAR - CHICAGO MERCANTILE EXCHANGE,22011,204400,283278,91946,342557,2024-11-12,-182389,191332
2024-11-19T00:00:00.000,CANADIAN DOLLAR - CHICAGO MERCANTILE EXCHANGE,23904,207470,285755,95079,348354,2024-11-19,-183566,190676
2024-11-26T00:00:00.000,CANADIAN DOLLAR - CHICAGO MERCANTILE EXCHANGE,21281,175283,259420,100850,322420,2024-11-26,-154002,158570
2024-12-03T00:00:00.000,CANADIAN DOLLAR - CHICAGO MERCANTILE EXCHANGE,21696,181042,261571,96066,324325,2024-12-03,-159346,165505
2024-12-10T00:00:00.000,CANADIAN DOLLAR - CHICAGO MERCANTILE EXCHANGE,29034,210588,333506,137570,408181,2024-12-10,-181554,195936
2024-12-17T00:00:00.000,CANADIAN DOLLAR - CHICAGO MERCANTILE EXCHANGE,19170,201225,430972,235515,485592,2024-12-17,-182055,195457
2024-12-24T00:00:00.000,CANADIAN DOLLAR - CHICAGO MERCANTILE EXCHANGE,13502,190222,299476,111079,345942,2024-12-24,-176720,188397
2024-12-31T00:00:00.000,CANADIAN DOLLAR - CHICAGO MERCANTILE EXCHANGE,20884,196592,299876,110756,353686,2024-12-31,-175708,189120
2025-01-07T00:00:00.000,CANADIAN DOLLAR - CHICAGO MERCANTILE EXCHANGE,19114,197703,303241,110774,357210,2025-01-07,-178589,192467
2025-01-14T00:00:00.000,CANADIAN DOLLAR - CHICAGO MERCANTILE EXCHANGE,23031,190184,292957,111476,350363,2025-01-14,-167153,181481
2025-01-21T00:00:00.000,CANADIAN DOLLAR - CHICAGO MERCANTILE EXCHANGE,19503,170290,278535,115457,331635,2025-01-21,-150787,163078
2025-01-28T00:00:00.000,CANADIAN DOLLAR - CHICAGO MERCANTILE EXCHANGE,21219,168820,276259,113289,331109,2025-01-28,-147601,162970
2025-02-04T00:00:00.000,CANADIAN DOLLAR - CHICAGO MERCANTILE EXCHANGE,20421,180865,293323,122481,346984,2025-02-04,-160444,170842
2025-02-11T00:00:00.000,CANADIAN DOLLAR - CHICAGO MERCANTILE EXCHANGE,17911,168745,275360,112763,326849,2025-02-11,-150834,162597
2025-02-18T00:00:00.000,CANADIAN DOLLAR - CHICAGO MERCANTILE EXCHANGE,21276,165919,266233,115021,323195,2025-02-18,-144643,151212
2025-02-25T00:00:00.000,CANADIAN DOLLAR - CHICAGO MERCANTILE EXCHANGE,20523,158429,261075,118254,319493,2025-02-25,-137906,142821
2025-03-04T00:00:00.000,CANADIAN DOLLAR - CHICAGO MERCANTILE EXCHANGE,22175,165945,270391,115411,340218,2025-03-04,-143770,154980
2025-03-11T00:00:00.000,CANADIAN DOLLAR - CHICAGO MERCANTILE EXCHANGE,19197,161607,276951,120803,339922,2025-03-11,-142410,156148
2025-03-18T00:00:00.000,CANADIAN DOLLAR - CHICAGO MERCANTILE EXCHANGE,18089,154671,300798,153639,347932,2025-03-18,-136582,147159
2025-03-25T00:00:00.000,CANADIAN DOLLAR - CHICAGO MERCANTILE EXCHANGE,17948,147482,234774,94578,281126,2025-03-25,-129534,140196
2025-04-01T00:00:00.000,CANADIAN DOLLAR - CHICAGO MERCANTILE EXCHANGE,17606,147622,233760,90442,278330,2025-04-01,-130016,143318
2025-04-08T00:00:00.000,CANADIAN DOLLAR - CHICAGO MERCANTILE EXCHANGE,16029,135270,218923,89463,258263,2025-04-08,-119241,129460
2025-04-15T00:00:00.000,CANADIAN DOLLAR - CHICAGO MERCANTILE EXCHANGE,18265,102125,206811,116668,249484,2025-04-15,-83860,90143
2025-04-22T00:00:00.000,CANADIAN DOLLAR - CHICAGO MERCANTILE EXCHANGE,18357,85524,205325,132152,249643,2025-04-22,-67167,73173
2025-04-29T00:00:00.000,CANADIAN DOLLAR - CHICAGO MERCANTILE EXCHANGE,16046,83251,208156,132834,249257,2025-04-29,-67205,75322
2025-05-06T00:00:00.000,CANADIAN DOLLAR - CHICAGO MERCANTILE EXCHANGE,16677,87322,209571,133102,255101,2025-05-06,-70645,76469
2025-05-13T00:00:00.000,CANADIAN DOLLAR - CHICAGO MERCANTILE EXCHANGE,23250,105406,212802,120907,262803,2025-05-13,-82156,91895
2025-05-20T00:00:00.000,CANADIAN DOLLAR - CHICAGO MERCANTILE EXCHANGE,22629,126490,216736,103754,266748,2025-05-20,-103861,112982
2025-05-27T00:00:00.000,CANADIAN DOLLAR - CHICAGO MERCANTILE EXCHANGE,20418,124316,212692,107690,263232,2025-05-27,-103898,105002
2025-06-03T00:00:00.000,CANADIAN DOLLAR - CHICAGO MERCANTILE EXCHANGE,18667,127113,214704,104079,270041,2025-06-03,-108446,110625
2025-06-10T00:00:00.000,CANADIAN DOLLAR - CHICAGO MERCANTILE EXCHANGE,19651,112794,223285,132078,288477,2025-06-10,-93143,91207
2025-06-17T00:00:00.000,CANADIAN DOLLAR - CHICAGO MERCANTILE EXCHANGE,28154,94487,225119,163264,294801,2025-06-17,-66333,61855
2025-06-24T00:00:00.000,CANADIAN DOLLAR - CHICAGO MERCANTILE EXCHANGE,25267,78434,135776,85346,201194,2025-06-24,-53167,50430
2025-07-01T00:00:00.000,CANADIAN DOLLAR - CHICAGO MERCANTILE EXCHANGE,22149,85601,141514,80544,203485,2025-07-01,-63452,60970
2025-07-08T00:00:00.000,CANADIAN DOLLAR - CHICAGO MERCANTILE EXCHANGE,20344,91952,140689,71995,201326,2025-07-08,-71608,68694
2025-07-15T00:00:00.000,CANADIAN DOLLAR - CHICAGO MERCANTILE EXCHANGE,21924,96018,141093,68327,202720,2025-07-15,-74094,72766
2025-07-22T00:00:00.000,CANADIAN DOLLAR - CHICAGO MERCANTILE EXCHANGE,23086,93429,140760,69250,200895,2025-07-22,-70343,71510
2025-07-29T00:00:00.000,CANADIAN DOLLAR - CHICAGO MERCANTILE EXCHANGE,20884,97317,143816,66528,201852,2025-07-29,-76433,77288
2025-08-05T00:00:00.000,CANADIAN DOLLAR - CHICAGO MERCANTILE EXCHANGE,23589,103009,156289,71412,214849,2025-08-05,-79420,84877
2025-08-12T00:00:00.000,CANADIAN DOLLAR - CHICAGO MERCANTILE EXCHANGE,20898,110975,162833,69262,221109,2025-08-12,-90077,93571
2025-08-19T00:00:00.000,CANADIAN DOLLAR - CHICAGO MERCANTILE EXCHANGE,19028,112107,165165,64347,220859,2025-08-19,-93079,100818
2025-08-26T00:00:00.000,CANADIAN DOLLAR - CHICAGO MERCANTILE EXCHANGE,20397,125412,168866,60306,227180,2025-08-26,-105015,108560
2025-09-02T00:00:00.000,CANADIAN DOLLAR - CHICAGO MERCANTILE EXCHANGE,16584,125560,173237,57879,225322,2025-09-02,-108976,115358
2025-09-09T00:00:00.000,CANADIAN DOLLAR - CHICAGO MERCANTILE EXCHANGE,18704,127621,192465,77424,249304,2025-09-09,-108917,115041
2025-09-16T00:00:00.000,CANADIAN DOLLAR - CHICAGO MERCANTILE EXCHANGE,20975,128152,218993,104812,266847,2025-09-16,-107177,114181
2025-09-23T00:00:00.000,CANADIAN DOLLAR - CHICAGO MERCANTILE EXCHANGE,18035,132841,169084,44903,212186,2025-09-23,-114806,124181
2025-09-30T00:00:00.000,CANADIAN DOLLAR - CHICAGO MERCANTILE EXCHANGE,29920,149825,184464,50185,240191,2025-09-30,-119905,134279
2025-10-07T00:00:00.000,CANADIAN DOLLAR - CHICAGO MERCANTILE EXCHANGE,29514,166232,206796,54881,261636,2025-10-07,-136718,151915
2025-10-14T00:00:00.000,CANADIAN DOLLAR - CHICAGO MERCANTILE EXCHANGE,27162,164755,215542,62962,269924,2025-10-14,-137593,152580
2025-10-21T00:00:00.000,CANADIAN DOLLAR - CHICAGO MERCANTILE EXCHANGE,28098,173206,217778,59424,272419,2025-10-21,-145108,158354
2025-10-28T00:00:00.000,CANADIAN DOLLAR - CHICAGO MERCANTILE EXCHANGE,28366,178410,225397,61986,278750,2025-10-28,-150044,163411
2025-11-04T00:00:00.000,CANADIAN DOLLAR - CHICAGO MERCANTILE EXCHANGE,27186,186698,238561,65168,292964,2025-11-04,-159512,173393
2025-11-10T00:00:00.000,CANADIAN DOLLAR - CHICAGO MERCANTILE EXCHANGE,23151,180786,239920,66042,289605,2025-11-10,-157635,173878
2025-11-18T00:00:00.000,CANADIAN DOLLAR - CHICAGO MERCANTILE EXCHANGE,24252,173351,228830,67160,278400,2025-11-18,-149099,161670
2025-11-25T00:00:00.000,CANADIAN DOLLAR - CHICAGO MERCANTILE EXCHANGE,21438,171852,232517,69057,280112,2025-11-25,-150414,163460
2025-12-02T00:00:00.000,CANADIAN DOLLAR - CHICAGO MERCANTILE EXCHANGE,19047,169094,228183,69033,274997,2025-12-02,-150047,159150
2025-12-09T00:00:00.000,CANADIAN DOLLAR - CHICAGO MERCANTILE EXCHANGE,15794,146394,204735,66012,251868,2025-12-09,-130600,138723
2025-12-16T00:00:00.000,CANADIAN DOLLAR - CHICAGO MERCANTILE EXCHANGE,25653,112293,186766,94528,244427,2025-12-16,-86640,92238
2025-12-23T00:00:00.000,CANADIAN DOLLAR - CHICAGO MERCANTILE EXCHANGE,41739,97532,127092,69902,197138,2025-12-23,-55793,57190
2025-12-30T00:00:00.000,CANADIAN DOLLAR - CHICAGO MERCANTILE EXCHANGE,52787,93298,126948,90860,211171,2025-12-30,-40511,36088
2026-01-06T00:00:00.000,CANADIAN DOLLAR - CHICAGO MERCANTILE EXCHANGE,56931,97516,125159,89097,218740,2026-01-06,-40585,36062
2026-01-13T00:00:00.000,CANADIAN DOLLAR - CHICAGO MERCANTILE EXCHANGE,62705,104955,122096,76281,219263,2026-01-13,-42250,45815
2026-01-20T00:00:00.000,CANADIAN DOLLAR - CHICAGO MERCANTILE EXCHANGE,59456,101241,120142,74152,213597,2026-01-20,-41785,45990
2026-01-27T00:00:00.000,CANADIAN DOLLAR - CHICAGO MERCANTILE EXCHANGE,77169,93215,118539,104805,227204,2026-01-27,-16046,13734
2026-02-03T00:00:00.000,CANADIAN DOLLAR - CHICAGO MERCANTILE EXCHANGE,77397,75267,104119,112035,216252,2026-02-03,2130,-7916
2026-02-10T00:00:00.000,CANADIAN DOLLAR - CHICAGO MERCANTILE EXCHANGE,84554,71278,95371,115559,215037,2026-02-10,13276,-20188
2026-02-17T00:00:00.000,CANADIAN DOLLAR - CHICAGO MERCANTILE EXCHANGE,89601,63775,93653,124027,218415,2026-02-17,25826,-30374
2026-02-24T00:00:00.000,CANADIAN DOLLAR - CHICAGO MERCANTILE EXCHANGE,92812,65234,94074,124334,222562,2026-02-24,27578,-30260
2026-03-03T00:00:00.000,CANADIAN DOLLAR - CHICAGO MERCANTILE EXCHANGE,94008,72958,101029,125085,232433,2026-03-03,21050,-24056
2026-03-10T00:00:00.000,CANADIAN DOLLAR - CHICAGO MERCANTILE EXCHANGE,93899,57740,145669,190029,288392,2026-03-10,36159,-44360
2026-03-17T00:00:00.000,CANADIAN DOLLAR - CHICAGO MERCANTILE EXCHANGE,66507,65621,144314,150520,247753,2026-03-17,886,-6206
2026-03-24T00:00:00.000,CANADIAN DOLLAR - CHICAGO MERCANTILE EXCHANGE,62382,63984,80788,82159,182798,2026-03-24,-1602,-1371
2026-03-31T00:00:00.000,CANADIAN DOLLAR - CHICAGO MERCANTILE EXCHANGE,56421,89105,121227,87241,217085,2026-03-31,-32684,33986
2026-04-07T00:00:00.000,CANADIAN DOLLAR - CHICAGO MERCANTILE EXCHANGE,60714,116362,139988,81950,240735,2026-04-07,-55648,58038
2026-04-14T00:00:00.000,CANADIAN DOLLAR - CHICAGO MERCANTILE EXCHANGE,54249,132521,165386,87009,259258,2026-04-14,-78272,78377
2026-04-21T00:00:00.000,CANADIAN DOLLAR - CHICAGO MERCANTILE EXCHANGE,60889,119723,158814,99593,255128,2026-04-21,-58834,59221
