report_date_as_yyyy_mm_dd,market_and_exchange_names,noncomm_positions_long_all,noncomm_positions_short_all,comm_positions_long_all,comm_positions_short_all,open_interest_all,date,spec_net,comm_net
2010-01-05T00:00:00.000,"CRUDE OIL, LIGHT SWEET - NEW YORK MERCANTILE EXCHANGE",265034,156199,611986,738471,1231436,2010-01-05,108835,-126485
2010-01-12T00:00:00.000,"CRUDE OIL, LIGHT SWEET - NEW YORK MERCANTILE EXCHANGE",291426,155757,613653,764289,1300867,2010-01-12,135669,-150636
2010-01-19T00:00:00.000,"CRUDE OIL, LIGHT SWEET - NEW YORK MERCANTILE EXCHANGE",280410,146029,643780,796774,1324903,2010-01-19,134381,-152994
2010-01-26T00:00:00.000,"CRUDE OIL, LIGHT SWEET - NEW YORK MERCANTILE EXCHANGE",246573,146953,661990,784287,1320661,2010-01-26,99620,-122297
2010-02-02T00:00:00.000,"CRUDE OIL, LIGHT SWEET - NEW YORK MERCANTILE EXCHANGE",242085,156058,676881,772175,1360697,2010-02-02,86027,-95294
2010-02-09T00:00:00.000,"CRUDE OIL, LIGHT SWEET - NEW YORK MERCANTILE EXCHANGE",225068,183008,686710,734745,1307602,2010-02-09,42060,-48035
2010-02-16T00:00:00.000,"CRUDE OIL, LIGHT SWEET - NEW YORK MERCANTILE EXCHANGE",236003,167567,685344,752309,1301624,2010-02-16,68436,-66965
2010-02-23T00:00:00.000,"CRUDE OIL, LIGHT SWEET - NEW YORK MERCANTILE EXCHANGE",247723,162371,648842,741710,1280235,2010-02-23,85352,-92868
2010-03-02T00:00:00.000,"CRUDE OIL, LIGHT SWEET - NEW YORK MERCANTILE EXCHANGE",255659,164242,662655,765415,1297435,2010-03-02,91417,-102760
2010-03-09T00:00:00.000,"CRUDE OIL, LIGHT SWEET - NEW YORK MERCANTILE EXCHANGE",269578,160264,677369,801399,1348241,2010-03-09,109314,-124030
2010-03-16T00:00:00.000,"CRUDE OIL, LIGHT SWEET - NEW YORK MERCANTILE EXCHANGE",283006,158863,684361,820497,1357426,2010-03-16,124143,-136136
2010-03-23T00:00:00.000,"CRUDE OIL, LIGHT SWEET - NEW YORK MERCANTILE EXCHANGE",271681,159762,643285,769601,1298539,2010-03-23,111919,-126316
2010-03-30T00:00:00.000,"CRUDE OIL, LIGHT SWEET - NEW YORK MERCANTILE EXCHANGE",279945,162791,623402,756634,1283846,2010-03-30,117154,-133232
2010-04-06T00:00:00.000,"CRUDE OIL, LIGHT SWEET - NEW YORK MERCANTILE EXCHANGE",306682,178544,619811,765826,1343407,2010-04-06,128138,-146015
2010-04-13T00:00:00.000,"CRUDE OIL, LIGHT SWEET - NEW YORK MERCANTILE EXCHANGE",295296,181932,674074,820101,1392323,2010-04-13,113364,-146027
2010-04-20T00:00:00.000,"CRUDE OIL, LIGHT SWEET - NEW YORK MERCANTILE EXCHANGE",283157,161682,674768,822894,1356869,2010-04-20,121475,-148126
2010-04-27T00:00:00.000,"CRUDE OIL, LIGHT SWEET - NEW YORK MERCANTILE EXCHANGE",274234,164970,696095,834264,1395964,2010-04-27,109264,-138169
2010-05-04T00:00:00.000,"CRUDE OIL, LIGHT SWEET - NEW YORK MERCANTILE EXCHANGE",281495,171625,713307,844153,1445326,2010-05-04,109870,-130846
2010-05-11T00:00:00.000,"CRUDE OIL, LIGHT SWEET - NEW YORK MERCANTILE EXCHANGE",285507,192612,731149,849828,1470234,2010-05-11,92895,-118679
2010-05-18T00:00:00.000,"CRUDE OIL, LIGHT SWEET - NEW YORK MERCANTILE EXCHANGE",279604,212243,696071,782700,1387907,2010-05-18,67361,-86629
2010-05-25T00:00:00.000,"CRUDE OIL, LIGHT SWEET - NEW YORK MERCANTILE EXCHANGE",260710,220267,697932,751022,1345993,2010-05-25,40443,-53090
2010-06-01T00:00:00.000,"CRUDE OIL, LIGHT SWEET - NEW YORK MERCANTILE EXCHANGE",259155,234280,698888,728522,1367020,2010-06-01,24875,-29634
2010-06-08T00:00:00.000,"CRUDE OIL, LIGHT SWEET - NEW YORK MERCANTILE EXCHANGE",255375,237918,659634,682691,1322308,2010-06-08,17457,-23057
2010-06-15T00:00:00.000,"CRUDE OIL, LIGHT SWEET - NEW YORK MERCANTILE EXCHANGE",248883,215953,676780,704718,1336533,2010-06-15,32930,-27938
2010-06-22T00:00:00.000,"CRUDE OIL, LIGHT SWEET - NEW YORK MERCANTILE EXCHANGE",238384,198749,643482,684721,1260132,2010-06-22,39635,-41239
2010-06-29T00:00:00.000,"CRUDE OIL, LIGHT SWEET - NEW YORK MERCANTILE EXCHANGE",238756,201636,632918,674062,1259675,2010-06-29,37120,-41144
2010-07-06T00:00:00.000,"CRUDE OIL, LIGHT SWEET - NEW YORK MERCANTILE EXCHANGE",238709,212494,625701,660770,1271853,2010-07-06,26215,-35069
2010-07-13T00:00:00.000,"CRUDE OIL, LIGHT SWEET - NEW YORK MERCANTILE EXCHANGE",239531,204886,654988,683030,1276328,2010-07-13,34645,-28042
2010-07-20T00:00:00.000,"CRUDE OIL, LIGHT SWEET - NEW YORK MERCANTILE EXCHANGE",231747,195602,627668,656415,1214183,2010-07-20,36145,-28747
2010-07-27T00:00:00.000,"CRUDE OIL, LIGHT SWEET - NEW YORK MERCANTILE EXCHANGE",235739,191426,623135,666022,1240029,2010-07-27,44313,-42887
2010-08-03T00:00:00.000,"CRUDE OIL, LIGHT SWEET - NEW YORK MERCANTILE EXCHANGE",254919,199241,607248,658628,1234649,2010-08-03,55678,-51380
2010-08-10T00:00:00.000,"CRUDE OIL, LIGHT SWEET - NEW YORK MERCANTILE EXCHANGE",254542,194206,619187,683822,1274605,2010-08-10,60336,-64635
2010-08-17T00:00:00.000,"CRUDE OIL, LIGHT SWEET - NEW YORK MERCANTILE EXCHANGE",257563,195507,623658,697504,1267340,2010-08-17,62056,-73846
2010-08-24T00:00:00.000,"CRUDE OIL, LIGHT SWEET - NEW YORK MERCANTILE EXCHANGE",260005,232682,603247,652375,1246784,2010-08-24,27323,-49128
2010-08-31T00:00:00.000,"CRUDE OIL, LIGHT SWEET - NEW YORK MERCANTILE EXCHANGE",274240,261120,636344,662522,1308042,2010-08-31,13120,-26178
2010-09-07T00:00:00.000,"CRUDE OIL, LIGHT SWEET - NEW YORK MERCANTILE EXCHANGE",270563,260074,690944,716383,1347231,2010-09-07,10489,-25439
2010-09-14T00:00:00.000,"CRUDE OIL, LIGHT SWEET - NEW YORK MERCANTILE EXCHANGE",286962,238625,676774,729611,1336392,2010-09-14,48337,-52837
2010-09-21T00:00:00.000,"CRUDE OIL, LIGHT SWEET - NEW YORK MERCANTILE EXCHANGE",287028,243128,627365,687037,1324114,2010-09-21,43900,-59672
2010-09-28T00:00:00.000,"CRUDE OIL, LIGHT SWEET - NEW YORK MERCANTILE EXCHANGE",293470,231974,635045,707401,1332755,2010-09-28,61496,-72356
2010-10-05T00:00:00.000,"CRUDE OIL, LIGHT SWEET - NEW YORK MERCANTILE EXCHANGE",319363,203337,639534,762465,1407933,2010-10-05,116026,-122931
2010-10-12T00:00:00.000,"CRUDE OIL, LIGHT SWEET - NEW YORK MERCANTILE EXCHANGE",324993,195667,656827,800064,1442044,2010-10-12,129326,-143237
2010-10-19T00:00:00.000,"CRUDE OIL, LIGHT SWEET - NEW YORK MERCANTILE EXCHANGE",310303,209473,672616,790891,1422821,2010-10-19,100830,-118275
2010-10-26T00:00:00.000,"CRUDE OIL, LIGHT SWEET - NEW YORK MERCANTILE EXCHANGE",323154,197883,643649,778607,1394673,2010-10-26,125271,-134958
2010-11-02T00:00:00.000,"CRUDE OIL, LIGHT SWEET - NEW YORK MERCANTILE EXCHANGE",336668,206560,649345,793908,1433324,2010-11-02,130108,-144563
2010-11-09T00:00:00.000,"CRUDE OIL, LIGHT SWEET - NEW YORK MERCANTILE EXCHANGE",347488,203381,663719,830300,1486195,2010-11-09,144107,-166581
2010-11-16T00:00:00.000,"CRUDE OIL, LIGHT SWEET - NEW YORK MERCANTILE EXCHANGE",330487,158496,621489,820432,1399774,2010-11-16,171991,-198943
2010-11-23T00:00:00.000,"CRUDE OIL, LIGHT SWEET - NEW YORK MERCANTILE EXCHANGE",317663,176217,598938,764560,1331203,2010-11-23,141446,-165622
2010-11-30T00:00:00.000,"CRUDE OIL, LIGHT SWEET - NEW YORK MERCANTILE EXCHANGE",311396,164502,605970,778565,1342325,2010-11-30,146894,-172595
2010-12-07T00:00:00.000,"CRUDE OIL, LIGHT SWEET - NEW YORK MERCANTILE EXCHANGE",340709,164152,610602,811086,1367119,2010-12-07,176557,-200484
2010-12-14T00:00:00.000,"CRUDE OIL, LIGHT SWEET - NEW YORK MERCANTILE EXCHANGE",329113,166328,641482,833165,1380779,2010-12-14,162785,-191683
2010-12-21T00:00:00.000,"CRUDE OIL, LIGHT SWEET - NEW YORK MERCANTILE EXCHANGE",321441,161027,663325,854606,1369544,2010-12-21,160414,-191281
2010-12-28T00:00:00.000,"CRUDE OIL, LIGHT SWEET - NEW YORK MERCANTILE EXCHANGE",333184,170634,676627,875238,1401989,2010-12-28,162550,-198611
2011-01-04T00:00:00.000,"CRUDE OIL, LIGHT SWEET - NEW YORK MERCANTILE EXCHANGE",331128,181662,689454,877677,1471226,2011-01-04,149466,-188223
2011-01-11T00:00:00.000,"CRUDE OIL, LIGHT SWEET - NEW YORK MERCANTILE EXCHANGE",337239,168154,709218,912859,1501588,2011-01-11,169085,-203641
2011-01-18T00:00:00.000,"CRUDE OIL, LIGHT SWEET - NEW YORK MERCANTILE EXCHANGE",326830,160279,714813,924316,1491996,2011-01-18,166551,-209503
2011-01-25T00:00:00.000,"CRUDE OIL, LIGHT SWEET - NEW YORK MERCANTILE EXCHANGE",305004,161687,732472,919226,1499599,2011-01-25,143317,-186754
2011-02-01T00:00:00.000,"CRUDE OIL, LIGHT SWEET - NEW YORK MERCANTILE EXCHANGE",324925,172216,737246,934026,1531942,2011-02-01,152709,-196780
2011-02-08T00:00:00.000,"CRUDE OIL, LIGHT SWEET - NEW YORK MERCANTILE EXCHANGE",323090,157582,731996,953006,1536606,2011-02-08,165508,-221010
2011-02-15T00:00:00.000,"CRUDE OIL, LIGHT SWEET - NEW YORK MERCANTILE EXCHANGE",321167,155653,730682,947238,1559669,2011-02-15,165514,-216556
2011-02-22T00:00:00.000,"CRUDE OIL, LIGHT SWEET - NEW YORK MERCANTILE EXCHANGE",350580,131558,686406,945303,1506594,2011-02-22,219022,-258897
2011-03-01T00:00:00.000,"CRUDE OIL, LIGHT SWEET - NEW YORK MERCANTILE EXCHANGE",399042,127155,671182,990851,1569519,2011-03-01,271887,-319669
2011-03-08T00:00:00.000,"CRUDE OIL, LIGHT SWEET - NEW YORK MERCANTILE EXCHANGE",409817,134235,675232,992296,1572544,2011-03-08,275582,-317064
2011-03-15T00:00:00.000,"CRUDE OIL, LIGHT SWEET - NEW YORK MERCANTILE EXCHANGE",394890,140322,674319,984522,1580632,2011-03-15,254568,-310203
2011-03-22T00:00:00.000,"CRUDE OIL, LIGHT SWEET - NEW YORK MERCANTILE EXCHANGE",382740,129012,655997,959977,1503614,2011-03-22,253728,-303980
2011-03-29T00:00:00.000,"CRUDE OIL, LIGHT SWEET - NEW YORK MERCANTILE EXCHANGE",392867,137973,655387,952880,1516081,2011-03-29,254894,-297493
2011-04-05T00:00:00.000,"CRUDE OIL, LIGHT SWEET - NEW YORK MERCANTILE EXCHANGE",394454,142303,667562,956583,1566762,2011-04-05,252151,-289021
2011-04-12T00:00:00.000,"CRUDE OIL, LIGHT SWEET - NEW YORK MERCANTILE EXCHANGE",385641,142380,666455,953925,1584517,2011-04-12,243261,-287470
2011-04-19T00:00:00.000,"CRUDE OIL, LIGHT SWEET - NEW YORK MERCANTILE EXCHANGE",405826,151795,666080,961244,1539895,2011-04-19,254031,-295164
2011-04-26T00:00:00.000,"CRUDE OIL, LIGHT SWEET - NEW YORK MERCANTILE EXCHANGE",404938,146870,676873,968323,1553704,2011-04-26,258068,-291450
2011-05-03T00:00:00.000,"CRUDE OIL, LIGHT SWEET - NEW YORK MERCANTILE EXCHANGE",399341,155015,713611,997315,1624328,2011-05-03,244326,-283704
2011-05-10T00:00:00.000,"CRUDE OIL, LIGHT SWEET - NEW YORK MERCANTILE EXCHANGE",380615,169101,746443,989614,1653799,2011-05-10,211514,-243171
2011-05-17T00:00:00.000,"CRUDE OIL, LIGHT SWEET - NEW YORK MERCANTILE EXCHANGE",344633,141554,723749,955276,1582868,2011-05-17,203079,-231527
2011-05-24T00:00:00.000,"CRUDE OIL, LIGHT SWEET - NEW YORK MERCANTILE EXCHANGE",342552,143360,701807,927447,1522076,2011-05-24,199192,-225640
2011-05-31T00:00:00.000,"CRUDE OIL, LIGHT SWEET - NEW YORK MERCANTILE EXCHANGE",337326,146189,680527,900146,1508418,2011-05-31,191137,-219619
2011-06-07T00:00:00.000,"CRUDE OIL, LIGHT SWEET - NEW YORK MERCANTILE EXCHANGE",335195,159071,689225,896804,1515910,2011-06-07,176124,-207579
2011-06-14T00:00:00.000,"CRUDE OIL, LIGHT SWEET - NEW YORK MERCANTILE EXCHANGE",337048,170677,713293,911268,1584927,2011-06-14,166371,-197975
2011-06-21T00:00:00.000,"CRUDE OIL, LIGHT SWEET - NEW YORK MERCANTILE EXCHANGE",324165,175098,713723,891701,1528927,2011-06-21,149067,-177978
2011-06-28T00:00:00.000,"CRUDE OIL, LIGHT SWEET - NEW YORK MERCANTILE EXCHANGE",317951,183397,723654,880073,1524313,2011-06-28,134554,-156419
2011-07-05T00:00:00.000,"CRUDE OIL, LIGHT SWEET - NEW YORK MERCANTILE EXCHANGE",317825,179435,730459,887258,1522391,2011-07-05,138390,-156799
2011-07-12T00:00:00.000,"CRUDE OIL, LIGHT SWEET - NEW YORK MERCANTILE EXCHANGE",324437,173542,727913,899726,1538256,2011-07-12,150895,-171813
2011-07-19T00:00:00.000,"CRUDE OIL, LIGHT SWEET - NEW YORK MERCANTILE EXCHANGE",325849,170902,713077,898180,1493882,2011-07-19,154947,-185103
2011-07-26T00:00:00.000,"CRUDE OIL, LIGHT SWEET - NEW YORK MERCANTILE EXCHANGE",333079,174312,710340,901893,1506662,2011-07-26,158767,-191553
2011-08-02T00:00:00.000,"CRUDE OIL, LIGHT SWEET - NEW YORK MERCANTILE EXCHANGE",329837,182461,709772,891003,1528978,2011-08-02,147376,-181231
2011-08-09T00:00:00.000,"CRUDE OIL, LIGHT SWEET - NEW YORK MERCANTILE EXCHANGE",325259,189541,717466,882939,1564480,2011-08-09,135718,-165473
2011-08-16T00:00:00.000,"CRUDE OIL, LIGHT SWEET - NEW YORK MERCANTILE EXCHANGE",323171,191937,741831,883516,1553021,2011-08-16,131234,-141685
2011-08-23T00:00:00.000,"CRUDE OIL, LIGHT SWEET - NEW YORK MERCANTILE EXCHANGE",316226,179886,709810,860266,1465256,2011-08-23,136340,-150456
2011-08-30T00:00:00.000,"CRUDE OIL, LIGHT SWEET - NEW YORK MERCANTILE EXCHANGE",318524,165836,720448,882222,1494803,2011-08-30,152688,-161774
2011-09-06T00:00:00.000,"CRUDE OIL, LIGHT SWEET - NEW YORK MERCANTILE EXCHANGE",337970,172828,726687,901488,1523907,2011-09-06,165142,-174801
2011-09-13T00:00:00.000,"CRUDE OIL, LIGHT SWEET - NEW YORK MERCANTILE EXCHANGE",335221,169826,714757,883773,1462207,2011-09-13,165395,-169016
2011-09-20T00:00:00.000,"CRUDE OIL, LIGHT SWEET - NEW YORK MERCANTILE EXCHANGE",327050,167085,663203,829603,1365197,2011-09-20,159965,-166400
2011-09-27T00:00:00.000,"CRUDE OIL, LIGHT SWEET - NEW YORK MERCANTILE EXCHANGE",320203,182517,663241,802292,1380562,2011-09-27,137686,-139051
2011-10-04T00:00:00.000,"CRUDE OIL, LIGHT SWEET - NEW YORK MERCANTILE EXCHANGE",315593,207429,693235,807620,1431783,2011-10-04,108164,-114385
2011-10-11T00:00:00.000,"CRUDE OIL, LIGHT SWEET - NEW YORK MERCANTILE EXCHANGE",312293,191232,674231,794796,1424634,2011-10-11,121061,-120565
2011-10-18T00:00:00.000,"CRUDE OIL, LIGHT SWEET - NEW YORK MERCANTILE EXCHANGE",323224,178853,684996,817265,1431563,2011-10-18,144371,-132269
2011-10-25T00:00:00.000,"CRUDE OIL, LIGHT SWEET - NEW YORK MERCANTILE EXCHANGE",335212,175494,645467,802858,1388897,2011-10-25,159718,-157391
2011-11-01T00:00:00.000,"CRUDE OIL, LIGHT SWEET - NEW YORK MERCANTILE EXCHANGE",323638,162026,630398,796677,1345024,2011-11-01,161612,-166279
2011-11-08T00:00:00.000,"CRUDE OIL, LIGHT SWEET - NEW YORK MERCANTILE EXCHANGE",329388,162346,627784,800292,1366205,2011-11-08,167042,-172508
2011-11-15T00:00:00.000,"CRUDE OIL, LIGHT SWEET - NEW YORK MERCANTILE EXCHANGE",321118,147711,616503,794522,1357125,2011-11-15,173407,-178019
2011-11-22T00:00:00.000,"CRUDE OIL, LIGHT SWEET - NEW YORK MERCANTILE EXCHANGE",313952,156606,573814,751277,1295618,2011-11-22,157346,-177463
2011-11-29T00:00:00.000,"CRUDE OIL, LIGHT SWEET - NEW YORK MERCANTILE EXCHANGE",308005,151526,576726,754556,1302512,2011-11-29,156479,-177830
2011-12-06T00:00:00.000,"CRUDE OIL, LIGHT SWEET - NEW YORK MERCANTILE EXCHANGE",308190,152386,573061,756902,1332544,2011-12-06,155804,-183841
2011-12-13T00:00:00.000,"CRUDE OIL, LIGHT SWEET - NEW YORK MERCANTILE EXCHANGE",312304,163001,575481,751569,1346495,2011-12-13,149303,-176088
2011-12-20T00:00:00.000,"CRUDE OIL, LIGHT SWEET - NEW YORK MERCANTILE EXCHANGE",289295,151253,582535,738663,1298500,2011-12-20,138042,-156128
2011-12-27T00:00:00.000,"CRUDE OIL, LIGHT SWEET - NEW YORK MERCANTILE EXCHANGE",297001,152413,582171,745540,1325562,2011-12-27,144588,-163369
2012-01-03T00:00:00.000,"CRUDE OIL, LIGHT SWEET - NEW YORK MERCANTILE EXCHANGE",301080,156612,581401,753553,1373018,2012-01-03,144468,-172152
2012-01-10T00:00:00.000,"CRUDE OIL, LIGHT SWEET - NEW YORK MERCANTILE EXCHANGE",312172,152824,578874,774269,1388799,2012-01-10,159348,-195395
2012-01-17T00:00:00.000,"CRUDE OIL, LIGHT SWEET - NEW YORK MERCANTILE EXCHANGE",322996,151770,577610,780726,1381041,2012-01-17,171226,-203116
2012-01-24T00:00:00.000,"CRUDE OIL, LIGHT SWEET - NEW YORK MERCANTILE EXCHANGE",322355,144510,549636,754903,1341810,2012-01-24,177845,-205267
2012-01-31T00:00:00.000,"CRUDE OIL, LIGHT SWEET - NEW YORK MERCANTILE EXCHANGE",321176,150477,571809,773269,1399874,2012-01-31,170699,-201460
2012-02-07T00:00:00.000,"CRUDE OIL, LIGHT SWEET - NEW YORK MERCANTILE EXCHANGE",315171,146286,620629,821786,1484546,2012-02-07,168885,-201157
2012-02-14T00:00:00.000,"CRUDE OIL, LIGHT SWEET - NEW YORK MERCANTILE EXCHANGE",349281,144529,599669,831482,1486350,2012-02-14,204752,-231813
2012-02-21T00:00:00.000,"CRUDE OIL, LIGHT SWEET - NEW YORK MERCANTILE EXCHANGE",367380,139200,542767,804445,1441526,2012-02-21,228180,-261678
2012-02-28T00:00:00.000,"CRUDE OIL, LIGHT SWEET - NEW YORK MERCANTILE EXCHANGE",394656,140097,580262,871812,1517833,2012-02-28,254559,-291550
2012-03-06T00:00:00.000,"CRUDE OIL, LIGHT SWEET - NEW YORK MERCANTILE EXCHANGE",396749,159797,615643,889263,1584849,2012-03-06,236952,-273620
2012-03-13T00:00:00.000,"CRUDE OIL, LIGHT SWEET - NEW YORK MERCANTILE EXCHANGE",408952,165778,606023,884640,1579060,2012-03-13,243174,-278617
2012-03-20T00:00:00.000,"CRUDE OIL, LIGHT SWEET - NEW YORK MERCANTILE EXCHANGE",394918,160326,606909,876458,1558284,2012-03-20,234592,-269549
2012-03-27T00:00:00.000,"CRUDE OIL, LIGHT SWEET - NEW YORK MERCANTILE EXCHANGE",387687,158235,613378,877327,1562147,2012-03-27,229452,-263949
2012-04-03T00:00:00.000,"CRUDE OIL, LIGHT SWEET - NEW YORK MERCANTILE EXCHANGE",375854,160297,635507,880889,1569070,2012-04-03,215557,-245382
2012-04-10T00:00:00.000,"CRUDE OIL, LIGHT SWEET - NEW YORK MERCANTILE EXCHANGE",366612,169030,636467,861585,1563132,2012-04-10,197582,-225118
2012-04-17T00:00:00.000,"CRUDE OIL, LIGHT SWEET - NEW YORK MERCANTILE EXCHANGE",365343,151788,641557,873178,1570513,2012-04-17,213555,-231621
2012-04-24T00:00:00.000,"CRUDE OIL, LIGHT SWEET - NEW YORK MERCANTILE EXCHANGE",356816,144430,616873,849355,1539257,2012-04-24,212386,-232482
2012-05-01T00:00:00.000,"CRUDE OIL, LIGHT SWEET - NEW YORK MERCANTILE EXCHANGE",374537,147894,625789,877252,1602007,2012-05-01,226643,-251463
2012-05-08T00:00:00.000,"CRUDE OIL, LIGHT SWEET - NEW YORK MERCANTILE EXCHANGE",356626,172666,651460,855481,1590926,2012-05-08,183960,-204021
2012-05-15T00:00:00.000,"CRUDE OIL, LIGHT SWEET - NEW YORK MERCANTILE EXCHANGE",356311,171848,638344,837526,1539151,2012-05-15,184463,-199182
2012-05-22T00:00:00.000,"CRUDE OIL, LIGHT SWEET - NEW YORK MERCANTILE EXCHANGE",343701,159630,607894,797331,1442523,2012-05-22,184071,-189437
2012-05-29T00:00:00.000,"CRUDE OIL, LIGHT SWEET - NEW YORK MERCANTILE EXCHANGE",343240,164355,606523,789940,1440107,2012-05-29,178885,-183417
2012-06-05T00:00:00.000,"CRUDE OIL, LIGHT SWEET - NEW YORK MERCANTILE EXCHANGE",326346,179509,621295,774957,1456604,2012-06-05,146837,-153662
2012-06-12T00:00:00.000,"CRUDE OIL, LIGHT SWEET - NEW YORK MERCANTILE EXCHANGE",308626,177768,629659,766949,1458395,2012-06-12,130858,-137290
2012-06-19T00:00:00.000,"CRUDE OIL, LIGHT SWEET - NEW YORK MERCANTILE EXCHANGE",300776,176868,643928,771762,1432126,2012-06-19,123908,-127834
2012-06-26T00:00:00.000,"CRUDE OIL, LIGHT SWEET - NEW YORK MERCANTILE EXCHANGE",295571,182738,650111,771985,1432162,2012-06-26,112833,-121874
2012-07-03T00:00:00.000,"CRUDE OIL, LIGHT SWEET - NEW YORK MERCANTILE EXCHANGE",319921,188338,643391,777352,1432999,2012-07-03,131583,-133961
2012-07-10T00:00:00.000,"CRUDE OIL, LIGHT SWEET - NEW YORK MERCANTILE EXCHANGE",315407,176835,639783,782283,1413415,2012-07-10,138572,-142500
2012-07-17T00:00:00.000,"CRUDE OIL, LIGHT SWEET - NEW YORK MERCANTILE EXCHANGE",323621,150842,624854,791030,1403473,2012-07-17,172779,-166176
2012-07-24T00:00:00.000,"CRUDE OIL, LIGHT SWEET - NEW YORK MERCANTILE EXCHANGE",339805,149112,608497,798362,1389039,2012-07-24,190693,-189865
2012-07-31T00:00:00.000,"CRUDE OIL, LIGHT SWEET - NEW YORK MERCANTILE EXCHANGE",328048,153651,614941,793315,1395758,2012-07-31,174397,-178374
2012-08-07T00:00:00.000,"CRUDE OIL, LIGHT SWEET - NEW YORK MERCANTILE EXCHANGE",348715,144216,610863,815075,1449617,2012-08-07,204499,-204212
2012-08-14T00:00:00.000,"CRUDE OIL, LIGHT SWEET - NEW YORK MERCANTILE EXCHANGE",340551,147169,632977,830593,1469908,2012-08-14,193382,-197616
2012-08-21T00:00:00.000,"CRUDE OIL, LIGHT SWEET - NEW YORK MERCANTILE EXCHANGE",362472,132057,623839,855547,1470157,2012-08-21,230415,-231708
2012-08-28T00:00:00.000,"CRUDE OIL, LIGHT SWEET - NEW YORK MERCANTILE EXCHANGE",379630,130368,646826,900005,1511314,2012-08-28,249262,-253179
2012-09-04T00:00:00.000,"CRUDE OIL, LIGHT SWEET - NEW YORK MERCANTILE EXCHANGE",374147,135555,652677,901929,1531823,2012-09-04,238592,-249252
2012-09-11T00:00:00.000,"CRUDE OIL, LIGHT SWEET - NEW YORK MERCANTILE EXCHANGE",380849,132184,666128,925816,1585806,2012-09-11,248665,-259688
2012-09-18T00:00:00.000,"CRUDE OIL, LIGHT SWEET - NEW YORK MERCANTILE EXCHANGE",396187,129036,672515,951128,1607540,2012-09-18,267151,-278613
2012-09-25T00:00:00.000,"CRUDE OIL, LIGHT SWEET - NEW YORK MERCANTILE EXCHANGE",374662,143365,663843,908574,1555863,2012-09-25,231297,-244731
2012-10-02T00:00:00.000,"CRUDE OIL, LIGHT SWEET - NEW YORK MERCANTILE EXCHANGE",366395,150515,665573,889358,1556877,2012-10-02,215880,-223785
2012-10-09T00:00:00.000,"CRUDE OIL, LIGHT SWEET - NEW YORK MERCANTILE EXCHANGE",367337,153739,637207,854229,1542886,2012-10-09,213598,-217022
2012-10-16T00:00:00.000,"CRUDE OIL, LIGHT SWEET - NEW YORK MERCANTILE EXCHANGE",365184,158712,674070,883453,1580619,2012-10-16,206472,-209383
2012-10-23T00:00:00.000,"CRUDE OIL, LIGHT SWEET - NEW YORK MERCANTILE EXCHANGE",362498,176117,686962,882205,1578997,2012-10-23,186381,-195243
2012-10-30T00:00:00.000,"CRUDE OIL, LIGHT SWEET - NEW YORK MERCANTILE EXCHANGE",359653,190078,705841,880690,1597501,2012-10-30,169575,-174849
2012-11-06T00:00:00.000,"CRUDE OIL, LIGHT SWEET - NEW YORK MERCANTILE EXCHANGE",353453,187609,690262,854155,1614897,2012-11-06,165844,-163893
2012-11-13T00:00:00.000,"CRUDE OIL, LIGHT SWEET - NEW YORK MERCANTILE EXCHANGE",341346,163579,640932,823546,1539663,2012-11-13,177767,-182614
2012-11-20T00:00:00.000,"CRUDE OIL, LIGHT SWEET - NEW YORK MERCANTILE EXCHANGE",340750,162871,626563,810541,1498820,2012-11-20,177879,-183978
2012-11-27T00:00:00.000,"CRUDE OIL, LIGHT SWEET - NEW YORK MERCANTILE EXCHANGE",338845,158811,636461,822220,1522133,2012-11-27,180034,-185759
2012-12-04T00:00:00.000,"CRUDE OIL, LIGHT SWEET - NEW YORK MERCANTILE EXCHANGE",346065,152232,632606,829299,1549067,2012-12-04,193833,-196693
2012-12-11T00:00:00.000,"CRUDE OIL, LIGHT SWEET - NEW YORK MERCANTILE EXCHANGE",342234,175895,631085,807334,1543454,2012-12-11,166339,-176249
2012-12-18T00:00:00.000,"CRUDE OIL, LIGHT SWEET - NEW YORK MERCANTILE EXCHANGE",341629,158718,604025,787977,1493851,2012-12-18,182911,-183952
2012-12-24T00:00:00.000,"CRUDE OIL, LIGHT SWEET - NEW YORK MERCANTILE EXCHANGE",344880,150173,593186,785491,1476652,2012-12-24,194707,-192305
2012-12-31T00:00:00.000,"CRUDE OIL, LIGHT SWEET - NEW YORK MERCANTILE EXCHANGE",336952,138874,584809,784502,1473345,2012-12-31,198078,-199693
2013-01-08T00:00:00.000,"CRUDE OIL, LIGHT SWEET - NEW YORK MERCANTILE EXCHANGE",347860,133082,574621,793007,1477695,2013-01-08,214778,-218386
2013-01-15T00:00:00.000,"CRUDE OIL, LIGHT SWEET - NEW YORK MERCANTILE EXCHANGE",354130,127379,564730,804346,1495149,2013-01-15,226751,-239616
2013-01-22T00:00:00.000,"CRUDE OIL, LIGHT SWEET - NEW YORK MERCANTILE EXCHANGE",366484,120381,536150,788559,1491867,2013-01-22,246103,-252409
2013-01-29T00:00:00.000,"CRUDE OIL, LIGHT SWEET - NEW YORK MERCANTILE EXCHANGE",378904,110915,540734,816465,1553636,2013-01-29,267989,-275731
2013-02-05T00:00:00.000,"CRUDE OIL, LIGHT SWEET - NEW YORK MERCANTILE EXCHANGE",380063,113259,571240,852228,1594844,2013-02-05,266804,-280988
2013-02-12T00:00:00.000,"CRUDE OIL, LIGHT SWEET - NEW YORK MERCANTILE EXCHANGE",391902,119027,571616,857279,1653440,2013-02-12,272875,-285663
2013-02-19T00:00:00.000,"CRUDE OIL, LIGHT SWEET - NEW YORK MERCANTILE EXCHANGE",380355,122437,577086,847034,1650211,2013-02-19,257918,-269948
2013-02-26T00:00:00.000,"CRUDE OIL, LIGHT SWEET - NEW YORK MERCANTILE EXCHANGE",374809,138711,585293,833573,1654089,2013-02-26,236098,-248280
2013-03-05T00:00:00.000,"CRUDE OIL, LIGHT SWEET - NEW YORK MERCANTILE EXCHANGE",380407,144667,610227,840541,1710526,2013-03-05,235740,-230314
2013-03-12T00:00:00.000,"CRUDE OIL, LIGHT SWEET - NEW YORK MERCANTILE EXCHANGE",376467,148272,600968,826255,1720024,2013-03-12,228195,-225287
2013-03-19T00:00:00.000,"CRUDE OIL, LIGHT SWEET - NEW YORK MERCANTILE EXCHANGE",358086,134365,579870,801723,1647391,2013-03-19,223721,-221853
2013-03-26T00:00:00.000,"CRUDE OIL, LIGHT SWEET - NEW YORK MERCANTILE EXCHANGE",364846,120239,605459,849358,1693684,2013-03-26,244607,-243899
2013-04-02T00:00:00.000,"CRUDE OIL, LIGHT SWEET - NEW YORK MERCANTILE EXCHANGE",369816,120966,604305,860779,1731930,2013-04-02,248850,-256474
2013-04-09T00:00:00.000,"CRUDE OIL, LIGHT SWEET - NEW YORK MERCANTILE EXCHANGE",349203,125805,641239,872511,1768185,2013-04-09,223398,-231272
2013-04-16T00:00:00.000,"CRUDE OIL, LIGHT SWEET - NEW YORK MERCANTILE EXCHANGE",348044,137341,657442,864094,1764368,2013-04-16,210703,-206652
2013-04-23T00:00:00.000,"CRUDE OIL, LIGHT SWEET - NEW YORK MERCANTILE EXCHANGE",366860,155285,636281,835468,1718878,2013-04-23,211575,-199187
2013-04-30T00:00:00.000,"CRUDE OIL, LIGHT SWEET - NEW YORK MERCANTILE EXCHANGE",366605,156664,672928,873352,1771193,2013-04-30,209941,-200424
2013-05-07T00:00:00.000,"CRUDE OIL, LIGHT SWEET - NEW YORK MERCANTILE EXCHANGE",361677,141051,671362,887913,1770442,2013-05-07,220626,-216551
2013-05-14T00:00:00.000,"CRUDE OIL, LIGHT SWEET - NEW YORK MERCANTILE EXCHANGE",360341,127751,662748,897183,1758686,2013-05-14,232590,-234435
2013-05-21T00:00:00.000,"CRUDE OIL, LIGHT SWEET - NEW YORK MERCANTILE EXCHANGE",386105,117161,643047,910857,1742051,2013-05-21,268944,-267810
2013-05-28T00:00:00.000,"CRUDE OIL, LIGHT SWEET - NEW YORK MERCANTILE EXCHANGE",379881,122742,660254,918821,1744717,2013-05-28,257139,-258567
2013-06-04T00:00:00.000,"CRUDE OIL, LIGHT SWEET - NEW YORK MERCANTILE EXCHANGE",379736,123902,652751,900169,1740663,2013-06-04,255834,-247418
2013-06-11T00:00:00.000,"CRUDE OIL, LIGHT SWEET - NEW YORK MERCANTILE EXCHANGE",389767,119936,663235,931101,1815904,2013-06-11,269831,-267866
2013-06-18T00:00:00.000,"CRUDE OIL, LIGHT SWEET - NEW YORK MERCANTILE EXCHANGE",411697,112962,672143,966572,1868964,2013-06-18,298735,-294429
2013-06-25T00:00:00.000,"CRUDE OIL, LIGHT SWEET - NEW YORK MERCANTILE EXCHANGE",387757,113283,686619,961205,1809371,2013-06-25,274474,-274586
2013-07-02T00:00:00.000,"CRUDE OIL, LIGHT SWEET - NEW YORK MERCANTILE EXCHANGE",405049,115454,679935,971725,1769805,2013-07-02,289595,-291790
2013-07-09T00:00:00.000,"CRUDE OIL, LIGHT SWEET - NEW YORK MERCANTILE EXCHANGE",424926,119534,685510,1001694,1818204,2013-07-09,305392,-316184
2013-07-16T00:00:00.000,"CRUDE OIL, LIGHT SWEET - NEW YORK MERCANTILE EXCHANGE",443242,113793,702809,1042970,1880612,2013-07-16,329449,-340161
2013-07-23T00:00:00.000,"CRUDE OIL, LIGHT SWEET - NEW YORK MERCANTILE EXCHANGE",476061,114995,700234,1072649,1865700,2013-07-23,361066,-372415
2013-07-30T00:00:00.000,"CRUDE OIL, LIGHT SWEET - NEW YORK MERCANTILE EXCHANGE",478424,115483,670771,1042692,1837823,2013-07-30,362941,-371921
2013-08-06T00:00:00.000,"CRUDE OIL, LIGHT SWEET - NEW YORK MERCANTILE EXCHANGE",478249,120723,700317,1063141,1879218,2013-08-06,357526,-362824
2013-08-13T00:00:00.000,"CRUDE OIL, LIGHT SWEET - NEW YORK MERCANTILE EXCHANGE",474557,124082,719958,1073769,1934417,2013-08-13,350475,-353811
2013-08-20T00:00:00.000,"CRUDE OIL, LIGHT SWEET - NEW YORK MERCANTILE EXCHANGE",470147,124770,653883,1010155,1835367,2013-08-20,345377,-356272
2013-08-27T00:00:00.000,"CRUDE OIL, LIGHT SWEET - NEW YORK MERCANTILE EXCHANGE",471493,126363,660743,1026734,1855284,2013-08-27,345130,-365991
2013-09-03T00:00:00.000,"CRUDE OIL, LIGHT SWEET - NEW YORK MERCANTILE EXCHANGE",464921,125573,658035,1020417,1856725,2013-09-03,339348,-362382
2013-09-10T00:00:00.000,"CRUDE OIL, LIGHT SWEET - NEW YORK MERCANTILE EXCHANGE",460222,125397,684577,1039453,1901643,2013-09-10,334825,-354876
2013-09-17T00:00:00.000,"CRUDE OIL, LIGHT SWEET - NEW YORK MERCANTILE EXCHANGE",448359,121528,710214,1054191,1926402,2013-09-17,326831,-343977
2013-09-24T00:00:00.000,"CRUDE OIL, LIGHT SWEET - NEW YORK MERCANTILE EXCHANGE",431586,110828,718257,1058400,1881081,2013-09-24,320758,-340143
2013-10-01T00:00:00.000,"CRUDE OIL, LIGHT SWEET - NEW YORK MERCANTILE EXCHANGE",424081,108643,707802,1041475,1856649,2013-10-01,315438,-333673
2013-10-08T00:00:00.000,"CRUDE OIL, LIGHT SWEET - NEW YORK MERCANTILE EXCHANGE",427951,112357,695078,1026195,1871940,2013-10-08,315594,-331117
2013-10-15T00:00:00.000,"CRUDE OIL, LIGHT SWEET - NEW YORK MERCANTILE EXCHANGE",416914,113982,680942,998327,1824929,2013-10-15,302932,-317385
2013-10-22T00:00:00.000,"CRUDE OIL, LIGHT SWEET - NEW YORK MERCANTILE EXCHANGE",425724,126528,666611,983338,1785295,2013-10-22,299196,-316727
2013-10-29T00:00:00.000,"CRUDE OIL, LIGHT SWEET - NEW YORK MERCANTILE EXCHANGE",422864,120648,707570,1014052,1774386,2013-10-29,302216,-306482
2013-11-05T00:00:00.000,"CRUDE OIL, LIGHT SWEET - NEW YORK MERCANTILE EXCHANGE",436733,137219,659906,971150,1736874,2013-11-05,299514,-311244
2013-11-12T00:00:00.000,"CRUDE OIL, LIGHT SWEET - NEW YORK MERCANTILE EXCHANGE",454010,148444,649309,959227,1735933,2013-11-12,305566,-309918
2013-11-19T00:00:00.000,"CRUDE OIL, LIGHT SWEET - NEW YORK MERCANTILE EXCHANGE",431042,117882,608850,924539,1620641,2013-11-19,313160,-315689
2013-11-26T00:00:00.000,"CRUDE OIL, LIGHT SWEET - NEW YORK MERCANTILE EXCHANGE",439091,131552,599534,909832,1636454,2013-11-26,307539,-310298
2013-12-03T00:00:00.000,"CRUDE OIL, LIGHT SWEET - NEW YORK MERCANTILE EXCHANGE",457545,136697,588764,913508,1645686,2013-12-03,320848,-324744
2013-12-10T00:00:00.000,"CRUDE OIL, LIGHT SWEET - NEW YORK MERCANTILE EXCHANGE",460410,111407,571251,920974,1661416,2013-12-10,349003,-349723
2013-12-17T00:00:00.000,"CRUDE OIL, LIGHT SWEET - NEW YORK MERCANTILE EXCHANGE",456968,110268,572411,922386,1629694,2013-12-17,346700,-349975
2013-12-24T00:00:00.000,"CRUDE OIL, LIGHT SWEET - NEW YORK MERCANTILE EXCHANGE",458206,105441,560983,925531,1598935,2013-12-24,352765,-364548
2013-12-31T00:00:00.000,"CRUDE OIL, LIGHT SWEET - NEW YORK MERCANTILE EXCHANGE",462028,106739,557217,927085,1615844,2013-12-31,355289,-369868
2014-01-07T00:00:00.000,"CRUDE OIL, LIGHT SWEET - NEW YORK MERCANTILE EXCHANGE",454829,123818,571328,916651,1619796,2014-01-07,331011,-345323
2014-01-14T00:00:00.000,"CRUDE OIL, LIGHT SWEET - NEW YORK MERCANTILE EXCHANGE",463186,135835,560092,897400,1623027,2014-01-14,327351,-337308
2014-01-21T00:00:00.000,"CRUDE OIL, LIGHT SWEET - NEW YORK MERCANTILE EXCHANGE",473506,133457,558910,898363,1613293,2014-01-21,340049,-339453
2014-01-28T00:00:00.000,"CRUDE OIL, LIGHT SWEET - NEW YORK MERCANTILE EXCHANGE",471470,120324,541757,895719,1591971,2014-01-28,351146,-353962
2014-02-04T00:00:00.000,"CRUDE OIL, LIGHT SWEET - NEW YORK MERCANTILE EXCHANGE",471978,111761,522777,886824,1561179,2014-02-04,360217,-364047
2014-02-11T00:00:00.000,"CRUDE OIL, LIGHT SWEET - NEW YORK MERCANTILE EXCHANGE",486742,104408,533806,923570,1646415,2014-02-11,382334,-389764
2014-02-18T00:00:00.000,"CRUDE OIL, LIGHT SWEET - NEW YORK MERCANTILE EXCHANGE",512044,95603,518891,942843,1650294,2014-02-18,416441,-423952
2014-02-25T00:00:00.000,"CRUDE OIL, LIGHT SWEET - NEW YORK MERCANTILE EXCHANGE",514502,98064,508679,941900,1643886,2014-02-25,416438,-433221
2014-03-04T00:00:00.000,"CRUDE OIL, LIGHT SWEET - NEW YORK MERCANTILE EXCHANGE",521727,95909,523812,969607,1687807,2014-03-04,425818,-445795
2014-03-11T00:00:00.000,"CRUDE OIL, LIGHT SWEET - NEW YORK MERCANTILE EXCHANGE",511076,104244,544030,974801,1697240,2014-03-11,406832,-430771
2014-03-18T00:00:00.000,"CRUDE OIL, LIGHT SWEET - NEW YORK MERCANTILE EXCHANGE",492620,108335,549137,951136,1623266,2014-03-18,384285,-401999
2014-03-25T00:00:00.000,"CRUDE OIL, LIGHT SWEET - NEW YORK MERCANTILE EXCHANGE",498080,106906,534991,944681,1604566,2014-03-25,391174,-409690
2014-04-01T00:00:00.000,"CRUDE OIL, LIGHT SWEET - NEW YORK MERCANTILE EXCHANGE",502389,110606,561769,972062,1644507,2014-04-01,391783,-410293
2014-04-08T00:00:00.000,"CRUDE OIL, LIGHT SWEET - NEW YORK MERCANTILE EXCHANGE",512035,112248,559083,981623,1655472,2014-04-08,399787,-422540
2014-04-15T00:00:00.000,"CRUDE OIL, LIGHT SWEET - NEW YORK MERCANTILE EXCHANGE",523490,113939,569608,998745,1674276,2014-04-15,409551,-429137
2014-04-22T00:00:00.000,"CRUDE OIL, LIGHT SWEET - NEW YORK MERCANTILE EXCHANGE",517023,106898,536742,968841,1619737,2014-04-22,410125,-432099
2014-04-29T00:00:00.000,"CRUDE OIL, LIGHT SWEET - NEW YORK MERCANTILE EXCHANGE",522018,119691,549699,975264,1651521,2014-04-29,402327,-425565
2014-05-06T00:00:00.000,"CRUDE OIL, LIGHT SWEET - NEW YORK MERCANTILE EXCHANGE",492901,109808,548848,953775,1638412,2014-05-06,383093,-404927
2014-05-13T00:00:00.000,"CRUDE OIL, LIGHT SWEET - NEW YORK MERCANTILE EXCHANGE",495080,107341,533186,940551,1627403,2014-05-13,387739,-407365
2014-05-20T00:00:00.000,"CRUDE OIL, LIGHT SWEET - NEW YORK MERCANTILE EXCHANGE",507592,97384,491241,920424,1607523,2014-05-20,410208,-429183
2014-05-27T00:00:00.000,"CRUDE OIL, LIGHT SWEET - NEW YORK MERCANTILE EXCHANGE",526135,102999,478111,923603,1635600,2014-05-27,423136,-445492
2014-06-03T00:00:00.000,"CRUDE OIL, LIGHT SWEET - NEW YORK MERCANTILE EXCHANGE",520556,103971,503713,945287,1664043,2014-06-03,416585,-441574
2014-06-10T00:00:00.000,"CRUDE OIL, LIGHT SWEET - NEW YORK MERCANTILE EXCHANGE",520876,102865,502563,949345,1676336,2014-06-10,418011,-446782
2014-06-17T00:00:00.000,"CRUDE OIL, LIGHT SWEET - NEW YORK MERCANTILE EXCHANGE",545061,87905,491334,979110,1721703,2014-06-17,457156,-487776
2014-06-24T00:00:00.000,"CRUDE OIL, LIGHT SWEET - NEW YORK MERCANTILE EXCHANGE",548016,89047,500890,993470,1720856,2014-06-24,458969,-492580
2014-07-01T00:00:00.000,"CRUDE OIL, LIGHT SWEET - NEW YORK MERCANTILE EXCHANGE",535712,89872,525102,1006484,1759554,2014-07-01,445840,-481382
2014-07-08T00:00:00.000,"CRUDE OIL, LIGHT SWEET - NEW YORK MERCANTILE EXCHANGE",514431,89544,529159,991789,1742131,2014-07-08,424887,-462630
2014-07-15T00:00:00.000,"CRUDE OIL, LIGHT SWEET - NEW YORK MERCANTILE EXCHANGE",489729,90126,555328,982263,1721704,2014-07-15,399603,-426935
2014-07-22T00:00:00.000,"CRUDE OIL, LIGHT SWEET - NEW YORK MERCANTILE EXCHANGE",467574,96130,515037,919302,1642836,2014-07-22,371444,-404265
2014-07-29T00:00:00.000,"CRUDE OIL, LIGHT SWEET - NEW YORK MERCANTILE EXCHANGE",470115,105376,499084,901473,1628926,2014-07-29,364739,-402389
2014-08-05T00:00:00.000,"CRUDE OIL, LIGHT SWEET - NEW YORK MERCANTILE EXCHANGE",450544,103340,507949,888645,1587187,2014-08-05,347204,-380696
2014-08-12T00:00:00.000,"CRUDE OIL, LIGHT SWEET - NEW YORK MERCANTILE EXCHANGE",433331,109265,497574,851593,1583609,2014-08-12,324066,-354019
2014-08-19T00:00:00.000,"CRUDE OIL, LIGHT SWEET - NEW YORK MERCANTILE EXCHANGE",429288,105815,472925,824648,1542337,2014-08-19,323473,-351723
2014-08-26T00:00:00.000,"CRUDE OIL, LIGHT SWEET - NEW YORK MERCANTILE EXCHANGE",424250,106523,476824,817401,1550253,2014-08-26,317727,-340577
2014-09-02T00:00:00.000,"CRUDE OIL, LIGHT SWEET - NEW YORK MERCANTILE EXCHANGE",421058,118494,473149,797786,1559353,2014-09-02,302564,-324637
2014-09-09T00:00:00.000,"CRUDE OIL, LIGHT SWEET - NEW YORK MERCANTILE EXCHANGE",426580,126598,481142,799772,1553516,2014-09-09,299982,-318630
2014-09-16T00:00:00.000,"CRUDE OIL, LIGHT SWEET - NEW YORK MERCANTILE EXCHANGE",434417,137136,474589,784472,1528614,2014-09-16,297281,-309883
2014-09-23T00:00:00.000,"CRUDE OIL, LIGHT SWEET - NEW YORK MERCANTILE EXCHANGE",423239,127187,463661,777661,1480629,2014-09-23,296052,-314000
2014-09-30T00:00:00.000,"CRUDE OIL, LIGHT SWEET - NEW YORK MERCANTILE EXCHANGE",426689,130743,463442,777653,1485856,2014-09-30,295946,-314211
2014-10-07T00:00:00.000,"CRUDE OIL, LIGHT SWEET - NEW YORK MERCANTILE EXCHANGE",435642,141959,478317,792221,1503764,2014-10-07,293683,-313904
2014-10-14T00:00:00.000,"CRUDE OIL, LIGHT SWEET - NEW YORK MERCANTILE EXCHANGE",441625,162845,502768,796168,1537452,2014-10-14,278780,-293400
2014-10-21T00:00:00.000,"CRUDE OIL, LIGHT SWEET - NEW YORK MERCANTILE EXCHANGE",430349,150248,489718,776972,1459981,2014-10-21,280101,-287254
2014-10-28T00:00:00.000,"CRUDE OIL, LIGHT SWEET - NEW YORK MERCANTILE EXCHANGE",428086,160782,506560,784767,1476289,2014-10-28,267304,-278207
2014-11-04T00:00:00.000,"CRUDE OIL, LIGHT SWEET - NEW YORK MERCANTILE EXCHANGE",435649,167117,505734,785187,1498736,2014-11-04,268532,-279453
2014-11-11T00:00:00.000,"CRUDE OIL, LIGHT SWEET - NEW YORK MERCANTILE EXCHANGE",442119,165287,500755,790156,1509371,2014-11-11,276832,-289401
2014-11-18T00:00:00.000,"CRUDE OIL, LIGHT SWEET - NEW YORK MERCANTILE EXCHANGE",403713,148350,487153,761936,1459175,2014-11-18,255363,-274783
2014-11-25T00:00:00.000,"CRUDE OIL, LIGHT SWEET - NEW YORK MERCANTILE EXCHANGE",400621,147620,441995,712053,1386635,2014-11-25,253001,-270058
2014-12-02T00:00:00.000,"CRUDE OIL, LIGHT SWEET - NEW YORK MERCANTILE EXCHANGE",408718,143722,458206,728152,1439654,2014-12-02,264996,-269946
2014-12-09T00:00:00.000,"CRUDE OIL, LIGHT SWEET - NEW YORK MERCANTILE EXCHANGE",413755,151979,464774,732606,1445093,2014-12-09,261776,-267832
2014-12-16T00:00:00.000,"CRUDE OIL, LIGHT SWEET - NEW YORK MERCANTILE EXCHANGE",435032,150953,453797,752236,1475862,2014-12-16,284079,-298439
2014-12-23T00:00:00.000,"CRUDE OIL, LIGHT SWEET - NEW YORK MERCANTILE EXCHANGE",412781,131132,474099,763506,1428829,2014-12-23,281649,-289407
2014-12-30T00:00:00.000,"CRUDE OIL, LIGHT SWEET - NEW YORK MERCANTILE EXCHANGE",421184,148700,483055,763632,1457729,2014-12-30,272484,-280577
2015-01-06T00:00:00.000,"CRUDE OIL, LIGHT SWEET - NEW YORK MERCANTILE EXCHANGE",440821,172021,490464,770342,1505101,2015-01-06,268800,-279878
2015-01-13T00:00:00.000,"CRUDE OIL, LIGHT SWEET - NEW YORK MERCANTILE EXCHANGE",485464,209984,524442,808229,1627535,2015-01-13,275480,-283787
2015-01-20T00:00:00.000,"CRUDE OIL, LIGHT SWEET - NEW YORK MERCANTILE EXCHANGE",480508,199239,523019,809270,1591022,2015-01-20,281269,-286251
2015-01-27T00:00:00.000,"CRUDE OIL, LIGHT SWEET - NEW YORK MERCANTILE EXCHANGE",496281,222010,568519,855154,1668047,2015-01-27,274271,-286635
2015-02-03T00:00:00.000,"CRUDE OIL, LIGHT SWEET - NEW YORK MERCANTILE EXCHANGE",488256,216060,606100,879692,1721471,2015-02-03,272196,-273592
2015-02-10T00:00:00.000,"CRUDE OIL, LIGHT SWEET - NEW YORK MERCANTILE EXCHANGE",478989,207462,601733,875752,1717593,2015-02-10,271527,-274019
2015-02-17T00:00:00.000,"CRUDE OIL, LIGHT SWEET - NEW YORK MERCANTILE EXCHANGE",478741,179351,580414,877046,1689966,2015-02-17,299390,-296632
2015-02-24T00:00:00.000,"CRUDE OIL, LIGHT SWEET - NEW YORK MERCANTILE EXCHANGE",490905,221068,606080,886414,1695437,2015-02-24,269837,-280334
2015-03-03T00:00:00.000,"CRUDE OIL, LIGHT SWEET - NEW YORK MERCANTILE EXCHANGE",497948,235659,603558,873958,1687908,2015-03-03,262289,-270400
2015-03-10T00:00:00.000,"CRUDE OIL, LIGHT SWEET - NEW YORK MERCANTILE EXCHANGE",495142,234483,566050,829530,1670894,2015-03-10,260659,-263480
2015-03-17T00:00:00.000,"CRUDE OIL, LIGHT SWEET - NEW YORK MERCANTILE EXCHANGE",516956,273468,592777,843911,1760721,2015-03-17,243488,-251134
2015-03-24T00:00:00.000,"CRUDE OIL, LIGHT SWEET - NEW YORK MERCANTILE EXCHANGE",513586,306699,595063,796768,1748067,2015-03-24,206887,-201705
2015-03-31T00:00:00.000,"CRUDE OIL, LIGHT SWEET - NEW YORK MERCANTILE EXCHANGE",516028,289333,578627,804973,1740134,2015-03-31,226695,-226346
2015-04-07T00:00:00.000,"CRUDE OIL, LIGHT SWEET - NEW YORK MERCANTILE EXCHANGE",520929,268886,566266,810094,1743733,2015-04-07,252043,-243828
2015-04-14T00:00:00.000,"CRUDE OIL, LIGHT SWEET - NEW YORK MERCANTILE EXCHANGE",527985,245825,610009,889504,1774773,2015-04-14,282160,-279495
2015-04-21T00:00:00.000,"CRUDE OIL, LIGHT SWEET - NEW YORK MERCANTILE EXCHANGE",519353,196261,578434,903278,1723025,2015-04-21,323092,-324844
2015-04-28T00:00:00.000,"CRUDE OIL, LIGHT SWEET - NEW YORK MERCANTILE EXCHANGE",521704,206860,574587,895204,1717417,2015-04-28,314844,-320617
2015-05-05T00:00:00.000,"CRUDE OIL, LIGHT SWEET - NEW YORK MERCANTILE EXCHANGE",530764,205058,597211,925721,1750082,2015-05-05,325706,-328510
2015-05-12T00:00:00.000,"CRUDE OIL, LIGHT SWEET - NEW YORK MERCANTILE EXCHANGE",512443,192231,604581,926687,1731678,2015-05-12,320212,-322106
2015-05-19T00:00:00.000,"CRUDE OIL, LIGHT SWEET - NEW YORK MERCANTILE EXCHANGE",504615,161184,542015,892555,1621198,2015-05-19,343431,-350540
2015-05-26T00:00:00.000,"CRUDE OIL, LIGHT SWEET - NEW YORK MERCANTILE EXCHANGE",502001,154010,534528,880746,1614397,2015-05-26,347991,-346218
2015-06-02T00:00:00.000,"CRUDE OIL, LIGHT SWEET - NEW YORK MERCANTILE EXCHANGE",494450,154932,541163,881118,1651499,2015-06-02,339518,-339955
2015-06-09T00:00:00.000,"CRUDE OIL, LIGHT SWEET - NEW YORK MERCANTILE EXCHANGE",483798,157943,536555,861689,1641774,2015-06-09,325855,-325134
2015-06-16T00:00:00.000,"CRUDE OIL, LIGHT SWEET - NEW YORK MERCANTILE EXCHANGE",484932,157799,550591,881477,1652013,2015-06-16,327133,-330886
2015-06-23T00:00:00.000,"CRUDE OIL, LIGHT SWEET - NEW YORK MERCANTILE EXCHANGE",480001,152568,570430,905389,1650025,2015-06-23,327433,-334959
2015-06-30T00:00:00.000,"CRUDE OIL, LIGHT SWEET - NEW YORK MERCANTILE EXCHANGE",483021,154842,583581,915252,1670091,2015-06-30,328179,-331671
2015-07-07T00:00:00.000,"CRUDE OIL, LIGHT SWEET - NEW YORK MERCANTILE EXCHANGE",485862,189702,584819,875695,1691891,2015-07-07,296160,-290876
2015-07-14T00:00:00.000,"CRUDE OIL, LIGHT SWEET - NEW YORK MERCANTILE EXCHANGE",468034,203647,629452,886354,1733695,2015-07-14,264387,-256902
2015-07-21T00:00:00.000,"CRUDE OIL, LIGHT SWEET - NEW YORK MERCANTILE EXCHANGE",464330,210647,590689,847827,1668737,2015-07-21,253683,-257138
2015-07-28T00:00:00.000,"CRUDE OIL, LIGHT SWEET - NEW YORK MERCANTILE EXCHANGE",475975,232556,594197,837805,1694436,2015-07-28,243419,-243608
2015-08-04T00:00:00.000,"CRUDE OIL, LIGHT SWEET - NEW YORK MERCANTILE EXCHANGE",478684,231591,611685,853973,1736523,2015-08-04,247093,-242288
2015-08-11T00:00:00.000,"CRUDE OIL, LIGHT SWEET - NEW YORK MERCANTILE EXCHANGE",478863,253020,562096,794521,1676233,2015-08-11,225843,-232425
2015-08-18T00:00:00.000,"CRUDE OIL, LIGHT SWEET - NEW YORK MERCANTILE EXCHANGE",473198,262634,594104,807933,1688731,2015-08-18,210564,-213829
2015-08-25T00:00:00.000,"CRUDE OIL, LIGHT SWEET - NEW YORK MERCANTILE EXCHANGE",474160,258597,570710,787559,1677151,2015-08-25,215563,-216849
2015-09-01T00:00:00.000,"CRUDE OIL, LIGHT SWEET - NEW YORK MERCANTILE EXCHANGE",487177,266835,575960,795030,1688806,2015-09-01,220342,-219070
2015-09-08T00:00:00.000,"CRUDE OIL, LIGHT SWEET - NEW YORK MERCANTILE EXCHANGE",490149,258719,589357,815763,1704251,2015-09-08,231430,-226406
2015-09-15T00:00:00.000,"CRUDE OIL, LIGHT SWEET - NEW YORK MERCANTILE EXCHANGE",485819,246433,588064,827022,1702949,2015-09-15,239386,-238958
2015-09-22T00:00:00.000,"CRUDE OIL, LIGHT SWEET - NEW YORK MERCANTILE EXCHANGE",489204,229775,548373,798144,1606217,2015-09-22,259429,-249771
2015-09-29T00:00:00.000,"CRUDE OIL, LIGHT SWEET - NEW YORK MERCANTILE EXCHANGE",481485,229757,560375,810124,1617902,2015-09-29,251728,-249749
2015-10-06T00:00:00.000,"CRUDE OIL, LIGHT SWEET - NEW YORK MERCANTILE EXCHANGE",491100,232839,588749,841962,1675676,2015-10-06,258261,-253213
2015-10-13T00:00:00.000,"CRUDE OIL, LIGHT SWEET - NEW YORK MERCANTILE EXCHANGE",487740,222748,592561,867428,1645951,2015-10-13,264992,-274867
2015-10-20T00:00:00.000,"CRUDE OIL, LIGHT SWEET - NEW YORK MERCANTILE EXCHANGE",485090,233939,570449,833815,1613562,2015-10-20,251151,-263366
2015-10-27T00:00:00.000,"CRUDE OIL, LIGHT SWEET - NEW YORK MERCANTILE EXCHANGE",499628,263053,589108,830691,1676033,2015-10-27,236575,-241583
2015-11-03T00:00:00.000,"CRUDE OIL, LIGHT SWEET - NEW YORK MERCANTILE EXCHANGE",493384,247193,588480,832852,1676897,2015-11-03,246191,-244372
2015-11-10T00:00:00.000,"CRUDE OIL, LIGHT SWEET - NEW YORK MERCANTILE EXCHANGE",498945,260623,593266,839338,1671590,2015-11-10,238322,-246072
2015-11-17T00:00:00.000,"CRUDE OIL, LIGHT SWEET - NEW YORK MERCANTILE EXCHANGE",494099,265544,570121,806942,1662829,2015-11-17,228555,-236821
2015-11-24T00:00:00.000,"CRUDE OIL, LIGHT SWEET - NEW YORK MERCANTILE EXCHANGE",472273,260248,565152,778625,1632471,2015-11-24,212025,-213473
2015-12-01T00:00:00.000,"CRUDE OIL, LIGHT SWEET - NEW YORK MERCANTILE EXCHANGE",475582,267104,572148,785020,1661176,2015-12-01,208478,-212872
2015-12-08T00:00:00.000,"CRUDE OIL, LIGHT SWEET - NEW YORK MERCANTILE EXCHANGE",480088,282214,576108,780931,1713573,2015-12-08,197874,-204823
2015-12-15T00:00:00.000,"CRUDE OIL, LIGHT SWEET - NEW YORK MERCANTILE EXCHANGE",472228,261717,568272,776411,1678527,2015-12-15,210511,-208139
2015-12-22T00:00:00.000,"CRUDE OIL, LIGHT SWEET - NEW YORK MERCANTILE EXCHANGE",453681,260769,558814,755495,1646306,2015-12-22,192912,-196681
2015-12-29T00:00:00.000,"CRUDE OIL, LIGHT SWEET - NEW YORK MERCANTILE EXCHANGE",448632,252281,570892,763508,1648904,2015-12-29,196351,-192616
2016-01-05T00:00:00.000,"CRUDE OIL, LIGHT SWEET - NEW YORK MERCANTILE EXCHANGE",460417,276240,576069,764634,1703201,2016-01-05,184177,-188565
2016-01-12T00:00:00.000,"CRUDE OIL, LIGHT SWEET - NEW YORK MERCANTILE EXCHANGE",499795,336291,590227,768467,1756232,2016-01-12,163504,-178240
2016-01-19T00:00:00.000,"CRUDE OIL, LIGHT SWEET - NEW YORK MERCANTILE EXCHANGE",482774,303402,572363,763410,1686382,2016-01-19,179372,-191047
2016-01-26T00:00:00.000,"CRUDE OIL, LIGHT SWEET - NEW YORK MERCANTILE EXCHANGE",523710,318000,596459,805509,1761883,2016-01-26,205710,-209050
2016-02-02T00:00:00.000,"CRUDE OIL, LIGHT SWEET - NEW YORK MERCANTILE EXCHANGE",545820,348947,628739,834525,1855603,2016-02-02,196873,-205786
2016-02-09T00:00:00.000,"CRUDE OIL, LIGHT SWEET - NEW YORK MERCANTILE EXCHANGE",544800,356923,622695,823581,1854379,2016-02-09,187877,-200886
2016-02-16T00:00:00.000,"CRUDE OIL, LIGHT SWEET - NEW YORK MERCANTILE EXCHANGE",517940,358953,639559,808554,1840051,2016-02-16,158987,-168995
2016-02-23T00:00:00.000,"CRUDE OIL, LIGHT SWEET - NEW YORK MERCANTILE EXCHANGE",533268,327412,601482,814711,1776696,2016-02-23,205856,-213229
2016-03-01T00:00:00.000,"CRUDE OIL, LIGHT SWEET - NEW YORK MERCANTILE EXCHANGE",529761,317243,607281,820159,1800298,2016-03-01,212518,-212878
2016-03-08T00:00:00.000,"CRUDE OIL, LIGHT SWEET - NEW YORK MERCANTILE EXCHANGE",535589,291337,612412,853501,1816474,2016-03-08,244252,-241089
2016-03-15T00:00:00.000,"CRUDE OIL, LIGHT SWEET - NEW YORK MERCANTILE EXCHANGE",544416,274560,581508,849245,1782857,2016-03-15,269856,-267737
2016-03-22T00:00:00.000,"CRUDE OIL, LIGHT SWEET - NEW YORK MERCANTILE EXCHANGE",527838,219861,552733,849662,1705631,2016-03-22,307977,-296929
2016-03-29T00:00:00.000,"CRUDE OIL, LIGHT SWEET - NEW YORK MERCANTILE EXCHANGE",534637,229126,559331,864381,1734511,2016-03-29,305511,-305050
2016-04-05T00:00:00.000,"CRUDE OIL, LIGHT SWEET - NEW YORK MERCANTILE EXCHANGE",541716,251586,573780,861607,1773774,2016-04-05,290130,-287827
2016-04-12T00:00:00.000,"CRUDE OIL, LIGHT SWEET - NEW YORK MERCANTILE EXCHANGE",530256,241095,610370,889604,1803510,2016-04-12,289161,-279234
2016-04-19T00:00:00.000,"CRUDE OIL, LIGHT SWEET - NEW YORK MERCANTILE EXCHANGE",540048,205873,564810,890588,1714186,2016-04-19,334175,-325778
2016-04-26T00:00:00.000,"CRUDE OIL, LIGHT SWEET - NEW YORK MERCANTILE EXCHANGE",544282,210017,573706,898781,1714689,2016-04-26,334265,-325075
2016-05-03T00:00:00.000,"CRUDE OIL, LIGHT SWEET - NEW YORK MERCANTILE EXCHANGE",530023,211479,594804,910011,1748628,2016-05-03,318544,-315207
2016-05-10T00:00:00.000,"CRUDE OIL, LIGHT SWEET - NEW YORK MERCANTILE EXCHANGE",521799,229839,622408,914029,1724987,2016-05-10,291960,-291621
2016-05-17T00:00:00.000,"CRUDE OIL, LIGHT SWEET - NEW YORK MERCANTILE EXCHANGE",554596,185827,585350,936779,1698980,2016-05-17,368769,-351429
2016-05-24T00:00:00.000,"CRUDE OIL, LIGHT SWEET - NEW YORK MERCANTILE EXCHANGE",528230,180088,536824,878566,1657419,2016-05-24,348142,-341742
2016-05-31T00:00:00.000,"CRUDE OIL, LIGHT SWEET - NEW YORK MERCANTILE EXCHANGE",522661,175659,569242,908604,1709540,2016-05-31,347002,-339362
2016-06-07T00:00:00.000,"CRUDE OIL, LIGHT SWEET - NEW YORK MERCANTILE EXCHANGE",525508,200326,582024,902186,1748314,2016-06-07,325182,-320162
2016-06-14T00:00:00.000,"CRUDE OIL, LIGHT SWEET - NEW YORK MERCANTILE EXCHANGE",523352,210767,594703,912235,1774350,2016-06-14,312585,-317532
2016-06-21T00:00:00.000,"CRUDE OIL, LIGHT SWEET - NEW YORK MERCANTILE EXCHANGE",515227,196632,587495,905076,1726381,2016-06-21,318595,-317581
2016-06-28T00:00:00.000,"CRUDE OIL, LIGHT SWEET - NEW YORK MERCANTILE EXCHANGE",510395,206156,600141,907925,1720740,2016-06-28,304239,-307784
2016-07-05T00:00:00.000,"CRUDE OIL, LIGHT SWEET - NEW YORK MERCANTILE EXCHANGE",519441,219769,596556,901593,1751823,2016-07-05,299672,-305037
2016-07-12T00:00:00.000,"CRUDE OIL, LIGHT SWEET - NEW YORK MERCANTILE EXCHANGE",516217,221422,589838,883190,1728765,2016-07-12,294795,-293352
2016-07-19T00:00:00.000,"CRUDE OIL, LIGHT SWEET - NEW YORK MERCANTILE EXCHANGE",525628,236047,555110,851112,1685116,2016-07-19,289581,-296002
2016-07-26T00:00:00.000,"CRUDE OIL, LIGHT SWEET - NEW YORK MERCANTILE EXCHANGE",539345,266046,564140,848481,1718306,2016-07-26,273299,-284341
2016-08-02T00:00:00.000,"CRUDE OIL, LIGHT SWEET - NEW YORK MERCANTILE EXCHANGE",562532,295340,584462,864164,1792640,2016-08-02,267192,-279702
2016-08-09T00:00:00.000,"CRUDE OIL, LIGHT SWEET - NEW YORK MERCANTILE EXCHANGE",562028,303778,639378,897585,1829979,2016-08-09,258250,-258207
2016-08-16T00:00:00.000,"CRUDE OIL, LIGHT SWEET - NEW YORK MERCANTILE EXCHANGE",570209,262709,673303,965732,1852402,2016-08-16,307500,-292429
2016-08-23T00:00:00.000,"CRUDE OIL, LIGHT SWEET - NEW YORK MERCANTILE EXCHANGE",555022,201278,614046,957594,1747499,2016-08-23,353744,-343548
2016-08-30T00:00:00.000,"CRUDE OIL, LIGHT SWEET - NEW YORK MERCANTILE EXCHANGE",538363,197075,640120,976684,1787891,2016-08-30,341288,-336564
2016-09-06T00:00:00.000,"CRUDE OIL, LIGHT SWEET - NEW YORK MERCANTILE EXCHANGE",534074,248279,676917,965584,1861718,2016-09-06,285795,-288667
2016-09-13T00:00:00.000,"CRUDE OIL, LIGHT SWEET - NEW YORK MERCANTILE EXCHANGE",537965,224663,647463,956418,1829620,2016-09-13,313302,-308955
2016-09-20T00:00:00.000,"CRUDE OIL, LIGHT SWEET - NEW YORK MERCANTILE EXCHANGE",533133,254260,657846,943677,1811705,2016-09-20,278873,-285831
2016-09-27T00:00:00.000,"CRUDE OIL, LIGHT SWEET - NEW YORK MERCANTILE EXCHANGE",543799,252153,663872,960739,1830991,2016-09-27,291646,-296867
2016-10-04T00:00:00.000,"CRUDE OIL, LIGHT SWEET - NEW YORK MERCANTILE EXCHANGE",571306,208330,642976,999197,1871665,2016-10-04,362976,-356221
2016-10-11T00:00:00.000,"CRUDE OIL, LIGHT SWEET - NEW YORK MERCANTILE EXCHANGE",597569,183919,595974,1005305,1880412,2016-10-11,413650,-409331
2016-10-18T00:00:00.000,"CRUDE OIL, LIGHT SWEET - NEW YORK MERCANTILE EXCHANGE",578530,170535,562360,971099,1811281,2016-10-18,407995,-408739
2016-10-25T00:00:00.000,"CRUDE OIL, LIGHT SWEET - NEW YORK MERCANTILE EXCHANGE",571822,168236,557093,971594,1821737,2016-10-25,403586,-414501
2016-11-01T00:00:00.000,"CRUDE OIL, LIGHT SWEET - NEW YORK MERCANTILE EXCHANGE",543096,188697,596233,971242,1854612,2016-11-01,354399,-375009
2016-11-08T00:00:00.000,"CRUDE OIL, LIGHT SWEET - NEW YORK MERCANTILE EXCHANGE",560814,283275,673039,972607,1973656,2016-11-08,277539,-299568
2016-11-15T00:00:00.000,"CRUDE OIL, LIGHT SWEET - NEW YORK MERCANTILE EXCHANGE",581416,305090,734484,1012058,2027539,2016-11-15,276326,-277574
2016-11-22T00:00:00.000,"CRUDE OIL, LIGHT SWEET - NEW YORK MERCANTILE EXCHANGE",560573,284253,711031,992960,1995504,2016-11-22,276320,-281929
2016-11-29T00:00:00.000,"CRUDE OIL, LIGHT SWEET - NEW YORK MERCANTILE EXCHANGE",551697,263816,714264,1018949,2020026,2016-11-29,287881,-304685
2016-12-06T00:00:00.000,"CRUDE OIL, LIGHT SWEET - NEW YORK MERCANTILE EXCHANGE",589787,212161,691607,1090968,2098290,2016-12-06,377626,-399361
2016-12-13T00:00:00.000,"CRUDE OIL, LIGHT SWEET - NEW YORK MERCANTILE EXCHANGE",614780,192013,685227,1133068,2104703,2016-12-13,422767,-447841
2016-12-20T00:00:00.000,"CRUDE OIL, LIGHT SWEET - NEW YORK MERCANTILE EXCHANGE",603704,167043,631244,1085341,2029807,2016-12-20,436661,-454097
2016-12-27T00:00:00.000,"CRUDE OIL, LIGHT SWEET - NEW YORK MERCANTILE EXCHANGE",608865,163933,609540,1068910,2037834,2016-12-27,444932,-459370
2017-01-03T00:00:00.000,"CRUDE OIL, LIGHT SWEET - NEW YORK MERCANTILE EXCHANGE",608117,168043,640178,1106942,2089324,2017-01-03,440074,-466764
2017-01-10T00:00:00.000,"CRUDE OIL, LIGHT SWEET - NEW YORK MERCANTILE EXCHANGE",604261,170699,671494,1136894,2114656,2017-01-10,433562,-465400
2017-01-17T00:00:00.000,"CRUDE OIL, LIGHT SWEET - NEW YORK MERCANTILE EXCHANGE",631537,166859,677537,1159908,2179122,2017-01-17,464678,-482371
2017-01-24T00:00:00.000,"CRUDE OIL, LIGHT SWEET - NEW YORK MERCANTILE EXCHANGE",642401,159878,657946,1155886,2151809,2017-01-24,482523,-497940
2017-01-31T00:00:00.000,"CRUDE OIL, LIGHT SWEET - NEW YORK MERCANTILE EXCHANGE",656710,164018,677456,1186594,2181656,2017-01-31,492692,-509138
2017-02-07T00:00:00.000,"CRUDE OIL, LIGHT SWEET - NEW YORK MERCANTILE EXCHANGE",661929,184939,683625,1188108,2191158,2017-02-07,476990,-504483
2017-02-14T00:00:00.000,"CRUDE OIL, LIGHT SWEET - NEW YORK MERCANTILE EXCHANGE",683254,174798,734170,1260587,2183943,2017-02-14,508456,-526417
2017-02-21T00:00:00.000,"CRUDE OIL, LIGHT SWEET - NEW YORK MERCANTILE EXCHANGE",712717,156110,659481,1231266,2103278,2017-02-21,556607,-571785
2017-02-28T00:00:00.000,"CRUDE OIL, LIGHT SWEET - NEW YORK MERCANTILE EXCHANGE",690281,165027,677820,1223836,2120334,2017-02-28,525254,-546016
2017-03-07T00:00:00.000,"CRUDE OIL, LIGHT SWEET - NEW YORK MERCANTILE EXCHANGE",682176,173651,682956,1218455,2137532,2017-03-07,508525,-535499
2017-03-14T00:00:00.000,"CRUDE OIL, LIGHT SWEET - NEW YORK MERCANTILE EXCHANGE",687026,253226,775342,1222748,2240261,2017-03-14,433800,-447406
2017-03-21T00:00:00.000,"CRUDE OIL, LIGHT SWEET - NEW YORK MERCANTILE EXCHANGE",659029,240512,776277,1209714,2194206,2017-03-21,418517,-433437
2017-03-28T00:00:00.000,"CRUDE OIL, LIGHT SWEET - NEW YORK MERCANTILE EXCHANGE",647981,249901,778335,1188424,2222462,2017-03-28,398080,-410089
2017-04-04T00:00:00.000,"CRUDE OIL, LIGHT SWEET - NEW YORK MERCANTILE EXCHANGE",649987,241605,748325,1154097,2213064,2017-04-04,408382,-405772
2017-04-11T00:00:00.000,"CRUDE OIL, LIGHT SWEET - NEW YORK MERCANTILE EXCHANGE",645953,208910,736046,1165444,2193567,2017-04-11,437043,-429398
2017-04-18T00:00:00.000,"CRUDE OIL, LIGHT SWEET - NEW YORK MERCANTILE EXCHANGE",637850,193967,728324,1173574,2161434,2017-04-18,443883,-445250
2017-04-25T00:00:00.000,"CRUDE OIL, LIGHT SWEET - NEW YORK MERCANTILE EXCHANGE",618756,206934,738168,1171793,2188272,2017-04-25,411822,-433625
2017-05-02T00:00:00.000,"CRUDE OIL, LIGHT SWEET - NEW YORK MERCANTILE EXCHANGE",630692,257548,756754,1166614,2215531,2017-05-02,373144,-409860
2017-05-09T00:00:00.000,"CRUDE OIL, LIGHT SWEET - NEW YORK MERCANTILE EXCHANGE",655196,326445,832830,1172624,2276413,2017-05-09,328751,-339794
2017-05-16T00:00:00.000,"CRUDE OIL, LIGHT SWEET - NEW YORK MERCANTILE EXCHANGE",646041,317089,863704,1197211,2337124,2017-05-16,328952,-333507
2017-05-23T00:00:00.000,"CRUDE OIL, LIGHT SWEET - NEW YORK MERCANTILE EXCHANGE",595499,222510,816945,1185496,2211099,2017-05-23,372989,-368551
2017-05-30T00:00:00.000,"CRUDE OIL, LIGHT SWEET - NEW YORK MERCANTILE EXCHANGE",595577,221822,806439,1184204,2198081,2017-05-30,373755,-377765
2017-06-06T00:00:00.000,"CRUDE OIL, LIGHT SWEET - NEW YORK MERCANTILE EXCHANGE",624855,242386,794444,1185263,2228585,2017-06-06,382469,-390819
2017-06-13T00:00:00.000,"CRUDE OIL, LIGHT SWEET - NEW YORK MERCANTILE EXCHANGE",639309,280310,788989,1164994,2176740,2017-06-13,358999,-376005
2017-06-20T00:00:00.000,"CRUDE OIL, LIGHT SWEET - NEW YORK MERCANTILE EXCHANGE",628548,299784,783406,1143120,2118015,2017-06-20,328764,-359714
2017-06-27T00:00:00.000,"CRUDE OIL, LIGHT SWEET - NEW YORK MERCANTILE EXCHANGE",638878,311690,812438,1158776,2143111,2017-06-27,327188,-346338
2017-07-03T00:00:00.000,"CRUDE OIL, LIGHT SWEET - NEW YORK MERCANTILE EXCHANGE",633802,292755,845140,1183286,2172632,2017-07-03,341047,-338146
2017-07-11T00:00:00.000,"CRUDE OIL, LIGHT SWEET - NEW YORK MERCANTILE EXCHANGE",629009,270984,812144,1173515,2133575,2017-07-11,358025,-361371
2017-07-18T00:00:00.000,"CRUDE OIL, LIGHT SWEET - NEW YORK MERCANTILE EXCHANGE",652015,255556,803854,1202174,2140060,2017-07-18,396459,-398320
2017-07-25T00:00:00.000,"CRUDE OIL, LIGHT SWEET - NEW YORK MERCANTILE EXCHANGE",659050,235712,764804,1186870,2149971,2017-07-25,423338,-422066
2017-08-01T00:00:00.000,"CRUDE OIL, LIGHT SWEET - NEW YORK MERCANTILE EXCHANGE",717912,231147,732709,1217844,2219691,2017-08-01,486765,-485135
2017-08-08T00:00:00.000,"CRUDE OIL, LIGHT SWEET - NEW YORK MERCANTILE EXCHANGE",707536,226907,714874,1191616,2215548,2017-08-08,480629,-476742
2017-08-15T00:00:00.000,"CRUDE OIL, LIGHT SWEET - NEW YORK MERCANTILE EXCHANGE",699351,235878,781560,1255059,2311603,2017-08-15,463473,-473499
2017-08-22T00:00:00.000,"CRUDE OIL, LIGHT SWEET - NEW YORK MERCANTILE EXCHANGE",676829,231381,751249,1207115,2236977,2017-08-22,445448,-455866
2017-08-29T00:00:00.000,"CRUDE OIL, LIGHT SWEET - NEW YORK MERCANTILE EXCHANGE",663313,297448,788228,1169408,2247058,2017-08-29,365865,-381180
2017-09-05T00:00:00.000,"CRUDE OIL, LIGHT SWEET - NEW YORK MERCANTILE EXCHANGE",675605,293492,815931,1204660,2326586,2017-09-05,382113,-388729
2017-09-12T00:00:00.000,"CRUDE OIL, LIGHT SWEET - NEW YORK MERCANTILE EXCHANGE",662650,288170,857037,1236352,2345125,2017-09-12,374480,-379315
2017-09-19T00:00:00.000,"CRUDE OIL, LIGHT SWEET - NEW YORK MERCANTILE EXCHANGE",678156,260082,858264,1278201,2377488,2017-09-19,418074,-419937
2017-09-26T00:00:00.000,"CRUDE OIL, LIGHT SWEET - NEW YORK MERCANTILE EXCHANGE",698180,244072,824910,1284235,2411223,2017-09-26,454108,-459325
2017-10-03T00:00:00.000,"CRUDE OIL, LIGHT SWEET - NEW YORK MERCANTILE EXCHANGE",687611,243295,848375,1300591,2471226,2017-10-03,444316,-452216
2017-10-10T00:00:00.000,"CRUDE OIL, LIGHT SWEET - NEW YORK MERCANTILE EXCHANGE",685322,268261,822776,1242946,2437479,2017-10-10,417061,-420170
2017-10-17T00:00:00.000,"CRUDE OIL, LIGHT SWEET - NEW YORK MERCANTILE EXCHANGE",701946,272421,802074,1233592,2440472,2017-10-17,429525,-431518
2017-10-24T00:00:00.000,"CRUDE OIL, LIGHT SWEET - NEW YORK MERCANTILE EXCHANGE",710682,263855,772710,1222299,2371940,2017-10-24,446827,-449589
2017-10-31T00:00:00.000,"CRUDE OIL, LIGHT SWEET - NEW YORK MERCANTILE EXCHANGE",734763,231814,809563,1312437,2509878,2017-10-31,502949,-502874
2017-11-07T00:00:00.000,"CRUDE OIL, LIGHT SWEET - NEW YORK MERCANTILE EXCHANGE",758743,213537,836669,1388076,2601977,2017-11-07,545206,-551407
2017-11-14T00:00:00.000,"CRUDE OIL, LIGHT SWEET - NEW YORK MERCANTILE EXCHANGE",778738,182272,793419,1407503,2627570,2017-11-14,596466,-614084
2017-11-21T00:00:00.000,"CRUDE OIL, LIGHT SWEET - NEW YORK MERCANTILE EXCHANGE",742158,165080,748100,1331898,2512147,2017-11-21,577078,-583798
2017-11-28T00:00:00.000,"CRUDE OIL, LIGHT SWEET - NEW YORK MERCANTILE EXCHANGE",763786,153953,738304,1360100,2489012,2017-11-28,609833,-621796
2017-12-05T00:00:00.000,"CRUDE OIL, LIGHT SWEET - NEW YORK MERCANTILE EXCHANGE",759978,148850,787163,1410423,2554224,2017-12-05,611128,-623260
2017-12-12T00:00:00.000,"CRUDE OIL, LIGHT SWEET - NEW YORK MERCANTILE EXCHANGE",761121,146624,781944,1411274,2571686,2017-12-12,614497,-629330
2017-12-19T00:00:00.000,"CRUDE OIL, LIGHT SWEET - NEW YORK MERCANTILE EXCHANGE",749848,148009,752045,1372036,2456059,2017-12-19,601839,-619991
2017-12-26T00:00:00.000,"CRUDE OIL, LIGHT SWEET - NEW YORK MERCANTILE EXCHANGE",772893,140732,750189,1394458,2460193,2017-12-26,632161,-644269
2018-01-02T00:00:00.000,"CRUDE OIL, LIGHT SWEET - NEW YORK MERCANTILE EXCHANGE",762666,138453,766347,1414461,2479798,2018-01-02,624213,-648114
2018-01-09T00:00:00.000,"CRUDE OIL, LIGHT SWEET - NEW YORK MERCANTILE EXCHANGE",801494,143904,766612,1440710,2545313,2018-01-09,657590,-674098
2018-01-16T00:00:00.000,"CRUDE OIL, LIGHT SWEET - NEW YORK MERCANTILE EXCHANGE",854090,146303,755208,1486922,2611581,2018-01-16,707787,-731714
2018-01-23T00:00:00.000,"CRUDE OIL, LIGHT SWEET - NEW YORK MERCANTILE EXCHANGE",852332,135637,737640,1476614,2593128,2018-01-23,716695,-738974
2018-01-30T00:00:00.000,"CRUDE OIL, LIGHT SWEET - NEW YORK MERCANTILE EXCHANGE",866033,131475,727045,1491842,2643683,2018-01-30,734558,-764797
2018-02-06T00:00:00.000,"CRUDE OIL, LIGHT SWEET - NEW YORK MERCANTILE EXCHANGE",862102,123005,724228,1485652,2589270,2018-02-06,739097,-761424
2018-02-13T00:00:00.000,"CRUDE OIL, LIGHT SWEET - NEW YORK MERCANTILE EXCHANGE",837456,125195,691555,1427468,2530604,2018-02-13,712261,-735913
2018-02-20T00:00:00.000,"CRUDE OIL, LIGHT SWEET - NEW YORK MERCANTILE EXCHANGE",804138,114772,666886,1382974,2431805,2018-02-20,689366,-716088
2018-02-27T00:00:00.000,"CRUDE OIL, LIGHT SWEET - NEW YORK MERCANTILE EXCHANGE",823435,119331,670505,1400494,2460214,2018-02-27,704104,-729989
2018-03-06T00:00:00.000,"CRUDE OIL, LIGHT SWEET - NEW YORK MERCANTILE EXCHANGE",814991,128484,694814,1409362,2451492,2018-03-06,686507,-714548
2018-03-13T00:00:00.000,"CRUDE OIL, LIGHT SWEET - NEW YORK MERCANTILE EXCHANGE",799257,130724,729556,1426920,2403162,2018-03-13,668533,-697364
2018-03-20T00:00:00.000,"CRUDE OIL, LIGHT SWEET - NEW YORK MERCANTILE EXCHANGE",823181,119473,711442,1435318,2392391,2018-03-20,703708,-723876
2018-03-27T00:00:00.000,"CRUDE OIL, LIGHT SWEET - NEW YORK MERCANTILE EXCHANGE",854255,138485,748843,1486874,2513575,2018-03-27,715770,-738031
2018-04-03T00:00:00.000,"CRUDE OIL, LIGHT SWEET - NEW YORK MERCANTILE EXCHANGE",829287,129742,784653,1509217,2547337,2018-04-03,699545,-724564
2018-04-10T00:00:00.000,"CRUDE OIL, LIGHT SWEET - NEW YORK MERCANTILE EXCHANGE",836353,129273,736394,1464070,2480033,2018-04-10,707080,-727676
2018-04-17T00:00:00.000,"CRUDE OIL, LIGHT SWEET - NEW YORK MERCANTILE EXCHANGE",849993,121862,762457,1506450,2596578,2018-04-17,728131,-743993
2018-04-24T00:00:00.000,"CRUDE OIL, LIGHT SWEET - NEW YORK MERCANTILE EXCHANGE",838898,126475,760726,1499069,2574820,2018-04-24,712423,-738343
2018-05-01T00:00:00.000,"CRUDE OIL, LIGHT SWEET - NEW YORK MERCANTILE EXCHANGE",815176,124449,814396,1534302,2621768,2018-05-01,690727,-719906
2018-05-08T00:00:00.000,"CRUDE OIL, LIGHT SWEET - NEW YORK MERCANTILE EXCHANGE",804806,124878,856480,1554820,2658229,2018-05-08,679928,-698340
2018-05-15T00:00:00.000,"CRUDE OIL, LIGHT SWEET - NEW YORK MERCANTILE EXCHANGE",772511,128067,882946,1557321,2706454,2018-05-15,644444,-674375
2018-05-22T00:00:00.000,"CRUDE OIL, LIGHT SWEET - NEW YORK MERCANTILE EXCHANGE",750320,116934,843227,1508729,2643354,2018-05-22,633386,-665502
2018-05-29T00:00:00.000,"CRUDE OIL, LIGHT SWEET - NEW YORK MERCANTILE EXCHANGE",729699,121871,835222,1487851,2620926,2018-05-29,607828,-652629
2018-06-05T00:00:00.000,"CRUDE OIL, LIGHT SWEET - NEW YORK MERCANTILE EXCHANGE",709364,125788,829414,1462700,2546827,2018-06-05,583576,-633286
2018-06-12T00:00:00.000,"CRUDE OIL, LIGHT SWEET - NEW YORK MERCANTILE EXCHANGE",720342,125049,819735,1460483,2524439,2018-06-12,595293,-640748
2018-06-19T00:00:00.000,"CRUDE OIL, LIGHT SWEET - NEW YORK MERCANTILE EXCHANGE",694421,113474,789790,1409863,2458404,2018-06-19,580947,-620073
2018-06-26T00:00:00.000,"CRUDE OIL, LIGHT SWEET - NEW YORK MERCANTILE EXCHANGE",719301,94210,759679,1415137,2423829,2018-06-26,625091,-655458
2018-07-03T00:00:00.000,"CRUDE OIL, LIGHT SWEET - NEW YORK MERCANTILE EXCHANGE",762738,106018,741490,1425416,2466531,2018-07-03,656720,-683926
2018-07-10T00:00:00.000,"CRUDE OIL, LIGHT SWEET - NEW YORK MERCANTILE EXCHANGE",755271,100806,759616,1446697,2499172,2018-07-10,654465,-687081
2018-07-17T00:00:00.000,"CRUDE OIL, LIGHT SWEET - NEW YORK MERCANTILE EXCHANGE",710471,79177,754424,1425647,2440486,2018-07-17,631294,-671223
2018-07-24T00:00:00.000,"CRUDE OIL, LIGHT SWEET - NEW YORK MERCANTILE EXCHANGE",688176,77705,734311,1385967,2361062,2018-07-24,610471,-651656
2018-07-31T00:00:00.000,"CRUDE OIL, LIGHT SWEET - NEW YORK MERCANTILE EXCHANGE",698719,85319,729197,1380794,2349169,2018-07-31,613400,-651597
2018-08-07T00:00:00.000,"CRUDE OIL, LIGHT SWEET - NEW YORK MERCANTILE EXCHANGE",691708,82781,726683,1379031,2342575,2018-08-07,608927,-652348
2018-08-14T00:00:00.000,"CRUDE OIL, LIGHT SWEET - NEW YORK MERCANTILE EXCHANGE",655245,81817,728661,1347408,2329989,2018-08-14,573428,-618747
2018-08-21T00:00:00.000,"CRUDE OIL, LIGHT SWEET - NEW YORK MERCANTILE EXCHANGE",642062,103277,702718,1281562,2235767,2018-08-21,538785,-578844
2018-08-28T00:00:00.000,"CRUDE OIL, LIGHT SWEET - NEW YORK MERCANTILE EXCHANGE",654384,104071,707358,1293184,2240977,2018-08-28,550313,-585826
2018-09-04T00:00:00.000,"CRUDE OIL, LIGHT SWEET - NEW YORK MERCANTILE EXCHANGE",673427,107697,723130,1322657,2303047,2018-09-04,565730,-599527
2018-09-11T00:00:00.000,"CRUDE OIL, LIGHT SWEET - NEW YORK MERCANTILE EXCHANGE",652935,109090,723473,1299282,2281869,2018-09-11,543845,-575809
2018-09-18T00:00:00.000,"CRUDE OIL, LIGHT SWEET - NEW YORK MERCANTILE EXCHANGE",626914,96548,740953,1308891,2228937,2018-09-18,530366,-567938
2018-09-25T00:00:00.000,"CRUDE OIL, LIGHT SWEET - NEW YORK MERCANTILE EXCHANGE",647214,87129,700707,1296897,2225779,2018-09-25,560085,-596190
2018-10-02T00:00:00.000,"CRUDE OIL, LIGHT SWEET - NEW YORK MERCANTILE EXCHANGE",653899,104990,703730,1287359,2245589,2018-10-02,548909,-583629
2018-10-09T00:00:00.000,"CRUDE OIL, LIGHT SWEET - NEW YORK MERCANTILE EXCHANGE",633117,105066,695108,1263764,2217171,2018-10-09,528051,-568656
2018-10-16T00:00:00.000,"CRUDE OIL, LIGHT SWEET - NEW YORK MERCANTILE EXCHANGE",614423,121194,725465,1262652,2218887,2018-10-16,493229,-537187
2018-10-23T00:00:00.000,"CRUDE OIL, LIGHT SWEET - NEW YORK MERCANTILE EXCHANGE",585412,130134,712772,1215587,2131494,2018-10-23,455278,-502815
2018-10-30T00:00:00.000,"CRUDE OIL, LIGHT SWEET - NEW YORK MERCANTILE EXCHANGE",565671,133033,746497,1213568,2093055,2018-10-30,432638,-467071
2018-11-06T00:00:00.000,"CRUDE OIL, LIGHT SWEET - NEW YORK MERCANTILE EXCHANGE",554562,150779,771639,1218250,2075239,2018-11-06,403783,-446611
2018-11-13T00:00:00.000,"CRUDE OIL, LIGHT SWEET - NEW YORK MERCANTILE EXCHANGE",561445,180247,810757,1230284,2110793,2018-11-13,381198,-419527
2018-11-20T00:00:00.000,"CRUDE OIL, LIGHT SWEET - NEW YORK MERCANTILE EXCHANGE",528849,161662,769964,1166354,1998866,2018-11-20,367187,-396390
2018-11-27T00:00:00.000,"CRUDE OIL, LIGHT SWEET - NEW YORK MERCANTILE EXCHANGE",511679,163558,794261,1167476,2020092,2018-11-27,348121,-373215
2018-12-04T00:00:00.000,"CRUDE OIL, LIGHT SWEET - NEW YORK MERCANTILE EXCHANGE",505292,175146,814526,1163050,2048735,2018-12-04,330146,-348524
2018-12-11T00:00:00.000,"CRUDE OIL, LIGHT SWEET - NEW YORK MERCANTILE EXCHANGE",504584,195078,801203,1132155,2050634,2018-12-11,309506,-330952
2018-12-18T00:00:00.000,"CRUDE OIL, LIGHT SWEET - NEW YORK MERCANTILE EXCHANGE",502715,193107,820153,1154438,2063376,2018-12-18,309608,-334285
2018-12-24T00:00:00.000,"CRUDE OIL, LIGHT SWEET - NEW YORK MERCANTILE EXCHANGE",502719,196407,812412,1134409,2073992,2018-12-24,306312,-321997
2018-12-31T00:00:00.000,"CRUDE OIL, LIGHT SWEET - NEW YORK MERCANTILE EXCHANGE",502972,204259,806681,1116212,2104675,2018-12-31,298713,-309531
2019-01-08T00:00:00.000,"CRUDE OIL, LIGHT SWEET - NEW YORK MERCANTILE EXCHANGE",498716,221505,820328,1095603,2120930,2019-01-08,277211,-275275
2019-01-15T00:00:00.000,"CRUDE OIL, LIGHT SWEET - NEW YORK MERCANTILE EXCHANGE",498357,191432,811898,1121322,2103777,2019-01-15,306925,-309424
2019-01-22T00:00:00.000,"CRUDE OIL, LIGHT SWEET - NEW YORK MERCANTILE EXCHANGE",500895,166036,804057,1139050,2048817,2019-01-22,334859,-334993
2019-01-29T00:00:00.000,"CRUDE OIL, LIGHT SWEET - NEW YORK MERCANTILE EXCHANGE",499297,158386,804921,1147776,2042018,2019-01-29,340911,-342855
2019-02-05T00:00:00.000,"CRUDE OIL, LIGHT SWEET - NEW YORK MERCANTILE EXCHANGE",491870,170261,816098,1148220,2057061,2019-02-05,321609,-332122
2019-02-12T00:00:00.000,"CRUDE OIL, LIGHT SWEET - NEW YORK MERCANTILE EXCHANGE",472181,183967,841465,1140393,2077398,2019-02-12,288214,-298928
2019-02-19T00:00:00.000,"CRUDE OIL, LIGHT SWEET - NEW YORK MERCANTILE EXCHANGE",479000,165033,809084,1131507,2019218,2019-02-19,313967,-322423
2019-02-26T00:00:00.000,"CRUDE OIL, LIGHT SWEET - NEW YORK MERCANTILE EXCHANGE",486235,158564,822211,1159831,2025884,2019-02-26,327671,-337620
2019-03-05T00:00:00.000,"CRUDE OIL, LIGHT SWEET - NEW YORK MERCANTILE EXCHANGE",497656,148855,811089,1168664,2067851,2019-03-05,348801,-357575
2019-03-12T00:00:00.000,"CRUDE OIL, LIGHT SWEET - NEW YORK MERCANTILE EXCHANGE",500169,137904,753879,1123382,2012864,2019-03-12,362265,-369503
2019-03-19T00:00:00.000,"CRUDE OIL, LIGHT SWEET - NEW YORK MERCANTILE EXCHANGE",534563,119817,701175,1128022,1962559,2019-03-19,414746,-426847
2019-03-26T00:00:00.000,"CRUDE OIL, LIGHT SWEET - NEW YORK MERCANTILE EXCHANGE",560552,111933,696940,1152358,1968511,2019-03-26,448619,-455418
2019-04-02T00:00:00.000,"CRUDE OIL, LIGHT SWEET - NEW YORK MERCANTILE EXCHANGE",590312,108951,702767,1190040,1975009,2019-04-02,481361,-487273
2019-04-09T00:00:00.000,"CRUDE OIL, LIGHT SWEET - NEW YORK MERCANTILE EXCHANGE",621766,105104,712040,1247522,2021814,2019-04-09,516662,-535482
2019-04-16T00:00:00.000,"CRUDE OIL, LIGHT SWEET - NEW YORK MERCANTILE EXCHANGE",616110,100852,732726,1262716,2092151,2019-04-16,515258,-529990
2019-04-23T00:00:00.000,"CRUDE OIL, LIGHT SWEET - NEW YORK MERCANTILE EXCHANGE",644670,97311,716970,1287439,2139213,2019-04-23,547359,-570469
2019-04-30T00:00:00.000,"CRUDE OIL, LIGHT SWEET - NEW YORK MERCANTILE EXCHANGE",638298,114195,711575,1260738,2144648,2019-04-30,524103,-549163
2019-05-07T00:00:00.000,"CRUDE OIL, LIGHT SWEET - NEW YORK MERCANTILE EXCHANGE",616789,122453,693384,1214963,2133539,2019-05-07,494336,-521579
2019-05-14T00:00:00.000,"CRUDE OIL, LIGHT SWEET - NEW YORK MERCANTILE EXCHANGE",607979,120171,735104,1243983,2153657,2019-05-14,487808,-508879
2019-05-21T00:00:00.000,"CRUDE OIL, LIGHT SWEET - NEW YORK MERCANTILE EXCHANGE",585979,107581,690552,1192438,2085029,2019-05-21,478398,-501886
2019-05-28T00:00:00.000,"CRUDE OIL, LIGHT SWEET - NEW YORK MERCANTILE EXCHANGE",564433,125495,726384,1175461,2102854,2019-05-28,438938,-449077
2019-06-04T00:00:00.000,"CRUDE OIL, LIGHT SWEET - NEW YORK MERCANTILE EXCHANGE",538947,138779,737144,1148692,2078407,2019-06-04,400168,-411548
2019-06-11T00:00:00.000,"CRUDE OIL, LIGHT SWEET - NEW YORK MERCANTILE EXCHANGE",515457,163802,748569,1107188,2057046,2019-06-11,351655,-358619
2019-06-18T00:00:00.000,"CRUDE OIL, LIGHT SWEET - NEW YORK MERCANTILE EXCHANGE",502749,139662,731622,1094291,2003618,2019-06-18,363087,-362669
2019-06-25T00:00:00.000,"CRUDE OIL, LIGHT SWEET - NEW YORK MERCANTILE EXCHANGE",496941,118138,741191,1116099,2004961,2019-06-25,378803,-374908
2019-07-02T00:00:00.000,"CRUDE OIL, LIGHT SWEET - NEW YORK MERCANTILE EXCHANGE",513180,120370,731964,1130195,2031169,2019-07-02,392810,-398231
2019-07-09T00:00:00.000,"CRUDE OIL, LIGHT SWEET - NEW YORK MERCANTILE EXCHANGE",505696,115547,709961,1102928,1999766,2019-07-09,390149,-392967
2019-07-16T00:00:00.000,"CRUDE OIL, LIGHT SWEET - NEW YORK MERCANTILE EXCHANGE",545484,121722,718705,1150251,2089629,2019-07-16,423762,-431546
2019-07-23T00:00:00.000,"CRUDE OIL, LIGHT SWEET - NEW YORK MERCANTILE EXCHANGE",537940,140089,710726,1108214,2056492,2019-07-23,397851,-397488
2019-07-30T00:00:00.000,"CRUDE OIL, LIGHT SWEET - NEW YORK MERCANTILE EXCHANGE",540238,152947,732821,1119888,2069072,2019-07-30,387291,-387067
2019-08-06T00:00:00.000,"CRUDE OIL, LIGHT SWEET - NEW YORK MERCANTILE EXCHANGE",540924,165283,760794,1134883,2070210,2019-08-06,375641,-374089
2019-08-13T00:00:00.000,"CRUDE OIL, LIGHT SWEET - NEW YORK MERCANTILE EXCHANGE",547040,164896,715157,1086691,2059135,2019-08-13,382144,-371534
2019-08-20T00:00:00.000,"CRUDE OIL, LIGHT SWEET - NEW YORK MERCANTILE EXCHANGE",528969,114334,692171,1097984,2002847,2019-08-20,414635,-405813
2019-08-27T00:00:00.000,"CRUDE OIL, LIGHT SWEET - NEW YORK MERCANTILE EXCHANGE",513465,121815,713511,1095956,2003007,2019-08-27,391650,-382445
2019-09-03T00:00:00.000,"CRUDE OIL, LIGHT SWEET - NEW YORK MERCANTILE EXCHANGE",508940,124783,748832,1130951,2082415,2019-09-03,384157,-382119
2019-09-10T00:00:00.000,"CRUDE OIL, LIGHT SWEET - NEW YORK MERCANTILE EXCHANGE",527579,99374,716210,1140398,2080994,2019-09-10,428205,-424188
2019-09-17T00:00:00.000,"CRUDE OIL, LIGHT SWEET - NEW YORK MERCANTILE EXCHANGE",530357,103252,726980,1167263,2073041,2019-09-17,427105,-440283
2019-09-24T00:00:00.000,"CRUDE OIL, LIGHT SWEET - NEW YORK MERCANTILE EXCHANGE",528493,104331,740041,1180295,2048088,2019-09-24,424162,-440254
2019-10-01T00:00:00.000,"CRUDE OIL, LIGHT SWEET - NEW YORK MERCANTILE EXCHANGE",514829,125510,783419,1185396,2085676,2019-10-01,389319,-401977
2019-10-08T00:00:00.000,"CRUDE OIL, LIGHT SWEET - NEW YORK MERCANTILE EXCHANGE",520283,165198,793152,1156661,2105717,2019-10-08,355085,-363509
2019-10-15T00:00:00.000,"CRUDE OIL, LIGHT SWEET - NEW YORK MERCANTILE EXCHANGE",536406,179522,785449,1149906,2136717,2019-10-15,356884,-364457
2019-10-22T00:00:00.000,"CRUDE OIL, LIGHT SWEET - NEW YORK MERCANTILE EXCHANGE",548951,182779,761207,1128177,2081290,2019-10-22,366172,-366970
2019-10-29T00:00:00.000,"CRUDE OIL, LIGHT SWEET - NEW YORK MERCANTILE EXCHANGE",552242,168895,746098,1130275,2045914,2019-10-29,383347,-384177
2019-11-05T00:00:00.000,"CRUDE OIL, LIGHT SWEET - NEW YORK MERCANTILE EXCHANGE",565026,158886,738893,1144839,2083893,2019-11-05,406140,-405946
2019-11-12T00:00:00.000,"CRUDE OIL, LIGHT SWEET - NEW YORK MERCANTILE EXCHANGE",539082,114485,771412,1196163,2151499,2019-11-12,424597,-424751
2019-11-19T00:00:00.000,"CRUDE OIL, LIGHT SWEET - NEW YORK MERCANTILE EXCHANGE",541420,111445,739984,1181128,2123596,2019-11-19,429975,-441144
2019-11-26T00:00:00.000,"CRUDE OIL, LIGHT SWEET - NEW YORK MERCANTILE EXCHANGE",553737,82801,750667,1225443,2187168,2019-11-26,470936,-474776
2019-12-03T00:00:00.000,"CRUDE OIL, LIGHT SWEET - NEW YORK MERCANTILE EXCHANGE",531120,103085,769453,1207163,2163757,2019-12-03,428035,-437710
2019-12-10T00:00:00.000,"CRUDE OIL, LIGHT SWEET - NEW YORK MERCANTILE EXCHANGE",577216,81677,773624,1275613,2229813,2019-12-10,495539,-501989
2019-12-17T00:00:00.000,"CRUDE OIL, LIGHT SWEET - NEW YORK MERCANTILE EXCHANGE",612113,75736,731664,1273627,2166584,2019-12-17,536377,-541963
2019-12-24T00:00:00.000,"CRUDE OIL, LIGHT SWEET - NEW YORK MERCANTILE EXCHANGE",625302,75225,686308,1245177,2114661,2019-12-24,550077,-558869
2019-12-31T00:00:00.000,"CRUDE OIL, LIGHT SWEET - NEW YORK MERCANTILE EXCHANGE",626848,71991,708342,1275977,2145567,2019-12-31,554857,-567635
2020-01-07T00:00:00.000,"CRUDE OIL, LIGHT SWEET - NEW YORK MERCANTILE EXCHANGE",639009,71737,730106,1328031,2244930,2020-01-07,567272,-597925
2020-01-14T00:00:00.000,"CRUDE OIL, LIGHT SWEET - NEW YORK MERCANTILE EXCHANGE",610444,80132,687440,1251772,2215893,2020-01-14,530312,-564332
2020-01-21T00:00:00.000,"CRUDE OIL, LIGHT SWEET - NEW YORK MERCANTILE EXCHANGE",599228,78660,659991,1209467,2146832,2020-01-21,520568,-549476
2020-01-28T00:00:00.000,"CRUDE OIL, LIGHT SWEET - NEW YORK MERCANTILE EXCHANGE",588255,126493,677261,1163396,2172019,2020-01-28,461762,-486135
2020-02-04T00:00:00.000,"CRUDE OIL, LIGHT SWEET - NEW YORK MERCANTILE EXCHANGE",576917,179543,784991,1210117,2271741,2020-02-04,397374,-425126
2020-02-11T00:00:00.000,"CRUDE OIL, LIGHT SWEET - NEW YORK MERCANTILE EXCHANGE",577155,180386,777032,1189639,2213522,2020-02-11,396769,-412607
2020-02-18T00:00:00.000,"CRUDE OIL, LIGHT SWEET - NEW YORK MERCANTILE EXCHANGE",571252,159488,735730,1155940,2138168,2020-02-18,411764,-420210
2020-02-25T00:00:00.000,"CRUDE OIL, LIGHT SWEET - NEW YORK MERCANTILE EXCHANGE",558798,127332,779654,1219457,2179833,2020-02-25,431466,-439803
2020-03-03T00:00:00.000,"CRUDE OIL, LIGHT SWEET - NEW YORK MERCANTILE EXCHANGE",563904,175535,812983,1203153,2196089,2020-03-03,388369,-390170
2020-03-10T00:00:00.000,"CRUDE OIL, LIGHT SWEET - NEW YORK MERCANTILE EXCHANGE",587567,200170,813833,1210215,2220972,2020-03-10,387397,-396382
2020-03-17T00:00:00.000,"CRUDE OIL, LIGHT SWEET - NEW YORK MERCANTILE EXCHANGE",572819,132582,823071,1279669,2154450,2020-03-17,440237,-456598
2020-03-24T00:00:00.000,"CRUDE OIL, LIGHT SWEET - NEW YORK MERCANTILE EXCHANGE",578366,142353,804091,1270984,2141284,2020-03-24,436013,-466893
2020-03-31T00:00:00.000,"CRUDE OIL, LIGHT SWEET - NEW YORK MERCANTILE EXCHANGE",624397,189289,886042,1365436,2340672,2020-03-31,435108,-479394
2020-04-07T00:00:00.000,"CRUDE OIL, LIGHT SWEET - NEW YORK MERCANTILE EXCHANGE",655771,170876,885811,1410858,2342227,2020-04-07,484895,-525047
2020-04-14T00:00:00.000,"CRUDE OIL, LIGHT SWEET - NEW YORK MERCANTILE EXCHANGE",700474,189805,822782,1377611,2353955,2020-04-14,510669,-554829
2020-04-21T00:00:00.000,"CRUDE OIL, LIGHT SWEET - NEW YORK MERCANTILE EXCHANGE",736248,149068,783684,1376266,2276638,2020-04-21,587180,-592582
2020-04-28T00:00:00.000,"CRUDE OIL, LIGHT SWEET - NEW YORK MERCANTILE EXCHANGE",737778,148390,779516,1369801,2261202,2020-04-28,589388,-590285
2020-05-05T00:00:00.000,"CRUDE OIL, LIGHT SWEET - NEW YORK MERCANTILE EXCHANGE",722912,192300,829802,1366700,2243871,2020-05-05,530612,-536898
2020-05-12T00:00:00.000,"CRUDE OIL, LIGHT SWEET - NEW YORK MERCANTILE EXCHANGE",709557,168538,826291,1384262,2248020,2020-05-12,541019,-557971
2020-05-19T00:00:00.000,"CRUDE OIL, LIGHT SWEET - NEW YORK MERCANTILE EXCHANGE",692017,148414,748156,1323111,2158749,2020-05-19,543603,-574955
2020-05-26T00:00:00.000,"CRUDE OIL, LIGHT SWEET - NEW YORK MERCANTILE EXCHANGE",701234,158660,725955,1297095,2135678,2020-05-26,542574,-571140
2020-06-02T00:00:00.000,"CRUDE OIL, LIGHT SWEET - NEW YORK MERCANTILE EXCHANGE",729172,160842,712466,1312480,2127664,2020-06-02,568330,-600014
2020-06-09T00:00:00.000,"CRUDE OIL, LIGHT SWEET - NEW YORK MERCANTILE EXCHANGE",732934,165025,708053,1316616,2126629,2020-06-09,567909,-608563
2020-06-16T00:00:00.000,"CRUDE OIL, LIGHT SWEET - NEW YORK MERCANTILE EXCHANGE",706483,160211,681426,1261735,2076990,2020-06-16,546272,-580309
2020-06-23T00:00:00.000,"CRUDE OIL, LIGHT SWEET - NEW YORK MERCANTILE EXCHANGE",711257,150374,647160,1243038,2003477,2020-06-23,560883,-595878
2020-06-30T00:00:00.000,"CRUDE OIL, LIGHT SWEET - NEW YORK MERCANTILE EXCHANGE",704393,160567,638159,1208544,2008618,2020-06-30,543826,-570385
2020-07-07T00:00:00.000,"CRUDE OIL, LIGHT SWEET - NEW YORK MERCANTILE EXCHANGE",686543,151226,630952,1193278,1972049,2020-07-07,535317,-562326
2020-07-14T00:00:00.000,"CRUDE OIL, LIGHT SWEET - NEW YORK MERCANTILE EXCHANGE",692258,152507,662645,1223438,2019705,2020-07-14,539751,-560793
2020-07-21T00:00:00.000,"CRUDE OIL, LIGHT SWEET - NEW YORK MERCANTILE EXCHANGE",687910,139034,613323,1191979,1956768,2020-07-21,548876,-578656
2020-07-28T00:00:00.000,"CRUDE OIL, LIGHT SWEET - NEW YORK MERCANTILE EXCHANGE",676822,144253,639196,1203653,1992556,2020-07-28,532569,-564457
2020-08-04T00:00:00.000,"CRUDE OIL, LIGHT SWEET - NEW YORK MERCANTILE EXCHANGE",693752,157486,626120,1193181,2032921,2020-08-04,536266,-567061
2020-08-11T00:00:00.000,"CRUDE OIL, LIGHT SWEET - NEW YORK MERCANTILE EXCHANGE",682827,161892,652925,1209722,2060880,2020-08-11,520935,-556797
2020-08-18T00:00:00.000,"CRUDE OIL, LIGHT SWEET - NEW YORK MERCANTILE EXCHANGE",665585,154890,653925,1201672,2044952,2020-08-18,510695,-547747
2020-08-25T00:00:00.000,"CRUDE OIL, LIGHT SWEET - NEW YORK MERCANTILE EXCHANGE",671889,171190,639675,1176644,2052448,2020-08-25,500699,-536969
2020-09-01T00:00:00.000,"CRUDE OIL, LIGHT SWEET - NEW YORK MERCANTILE EXCHANGE",665460,174545,632603,1159839,2064137,2020-09-01,490915,-527236
2020-09-08T00:00:00.000,"CRUDE OIL, LIGHT SWEET - NEW YORK MERCANTILE EXCHANGE",637225,187859,636687,1116869,2046660,2020-09-08,449366,-480182
2020-09-15T00:00:00.000,"CRUDE OIL, LIGHT SWEET - NEW YORK MERCANTILE EXCHANGE",649093,199349,674641,1149488,2108987,2020-09-15,449744,-474847
2020-09-22T00:00:00.000,"CRUDE OIL, LIGHT SWEET - NEW YORK MERCANTILE EXCHANGE",647934,175165,625246,1117945,2028620,2020-09-22,472769,-492699
2020-09-29T00:00:00.000,"CRUDE OIL, LIGHT SWEET - NEW YORK MERCANTILE EXCHANGE",648622,186711,646882,1128084,2078331,2020-09-29,461911,-481202
2020-10-06T00:00:00.000,"CRUDE OIL, LIGHT SWEET - NEW YORK MERCANTILE EXCHANGE",657787,186251,670668,1159032,2111762,2020-10-06,471536,-488364
2020-10-13T00:00:00.000,"CRUDE OIL, LIGHT SWEET - NEW YORK MERCANTILE EXCHANGE",649933,177136,646900,1143815,2059382,2020-10-13,472797,-496915
2020-10-20T00:00:00.000,"CRUDE OIL, LIGHT SWEET - NEW YORK MERCANTILE EXCHANGE",664697,174349,613378,1124495,2008815,2020-10-20,490348,-511117
2020-10-27T00:00:00.000,"CRUDE OIL, LIGHT SWEET - NEW YORK MERCANTILE EXCHANGE",659778,187688,613337,1112141,2011744,2020-10-27,472090,-498804
2020-11-03T00:00:00.000,"CRUDE OIL, LIGHT SWEET - NEW YORK MERCANTILE EXCHANGE",639145,196685,632058,1099616,2013491,2020-11-03,442460,-467558
2020-11-10T00:00:00.000,"CRUDE OIL, LIGHT SWEET - NEW YORK MERCANTILE EXCHANGE",633743,170205,650044,1135537,2053450,2020-11-10,463538,-485493
2020-11-17T00:00:00.000,"CRUDE OIL, LIGHT SWEET - NEW YORK MERCANTILE EXCHANGE",638245,157434,660992,1165028,2083804,2020-11-17,480811,-504036
2020-11-24T00:00:00.000,"CRUDE OIL, LIGHT SWEET - NEW YORK MERCANTILE EXCHANGE",673157,150518,631574,1187360,2083018,2020-11-24,522639,-555786
2020-12-01T00:00:00.000,"CRUDE OIL, LIGHT SWEET - NEW YORK MERCANTILE EXCHANGE",677347,160182,646931,1206926,2122605,2020-12-01,517165,-559995
2020-12-08T00:00:00.000,"CRUDE OIL, LIGHT SWEET - NEW YORK MERCANTILE EXCHANGE",671096,156467,656757,1213232,2131913,2020-12-08,514629,-556475
2020-12-15T00:00:00.000,"CRUDE OIL, LIGHT SWEET - NEW YORK MERCANTILE EXCHANGE",664557,150753,689753,1241691,2154618,2020-12-15,513804,-551938
2020-12-21T00:00:00.000,"CRUDE OIL, LIGHT SWEET - NEW YORK MERCANTILE EXCHANGE",665598,139896,646989,1217566,2120797,2020-12-21,525702,-570577
2020-12-29T00:00:00.000,"CRUDE OIL, LIGHT SWEET - NEW YORK MERCANTILE EXCHANGE",655694,143963,658049,1209999,2121502,2020-12-29,511731,-551950
2021-01-05T00:00:00.000,"CRUDE OIL, LIGHT SWEET - NEW YORK MERCANTILE EXCHANGE",684132,165483,666425,1228276,2169541,2021-01-05,518649,-561851
2021-01-12T00:00:00.000,"CRUDE OIL, LIGHT SWEET - NEW YORK MERCANTILE EXCHANGE",692315,164598,691724,1268648,2234696,2021-01-12,527717,-576924
2021-01-19T00:00:00.000,"CRUDE OIL, LIGHT SWEET - NEW YORK MERCANTILE EXCHANGE",664833,156249,691131,1248832,2217037,2021-01-19,508584,-557701
2021-01-26T00:00:00.000,"CRUDE OIL, LIGHT SWEET - NEW YORK MERCANTILE EXCHANGE",676393,171781,718598,1269649,2316660,2021-01-26,504612,-551051
2021-02-02T00:00:00.000,"CRUDE OIL, LIGHT SWEET - NEW YORK MERCANTILE EXCHANGE",675461,176287,775736,1323943,2389677,2021-02-02,499174,-548207
2021-02-09T00:00:00.000,"CRUDE OIL, LIGHT SWEET - NEW YORK MERCANTILE EXCHANGE",694842,180584,796806,1367838,2446808,2021-02-09,514258,-571032
2021-02-16T00:00:00.000,"CRUDE OIL, LIGHT SWEET - NEW YORK MERCANTILE EXCHANGE",697095,182382,844358,1419142,2507620,2021-02-16,514713,-574784
2021-02-23T00:00:00.000,"CRUDE OIL, LIGHT SWEET - NEW YORK MERCANTILE EXCHANGE",682881,171041,829624,1399448,2460204,2021-02-23,511840,-569824
2021-03-02T00:00:00.000,"CRUDE OIL, LIGHT SWEET - NEW YORK MERCANTILE EXCHANGE",688229,169210,813268,1391104,2491831,2021-03-02,519019,-577836
2021-03-09T00:00:00.000,"CRUDE OIL, LIGHT SWEET - NEW YORK MERCANTILE EXCHANGE",692508,155070,811737,1406368,2494636,2021-03-09,537438,-594631
2021-03-16T00:00:00.000,"CRUDE OIL, LIGHT SWEET - NEW YORK MERCANTILE EXCHANGE",680508,155066,825944,1405144,2523179,2021-03-16,525442,-579200
2021-03-23T00:00:00.000,"CRUDE OIL, LIGHT SWEET - NEW YORK MERCANTILE EXCHANGE",683015,159960,775046,1352802,2321767,2021-03-23,523055,-577756
2021-03-30T00:00:00.000,"CRUDE OIL, LIGHT SWEET - NEW YORK MERCANTILE EXCHANGE",671158,139848,762929,1342122,2327016,2021-03-30,531310,-579193
2021-04-06T00:00:00.000,"CRUDE OIL, LIGHT SWEET - NEW YORK MERCANTILE EXCHANGE",649237,137512,784153,1347627,2340357,2021-04-06,511725,-563474
2021-04-13T00:00:00.000,"CRUDE OIL, LIGHT SWEET - NEW YORK MERCANTILE EXCHANGE",643807,151129,805801,1350489,2301831,2021-04-13,492678,-544688
2021-04-20T00:00:00.000,"CRUDE OIL, LIGHT SWEET - NEW YORK MERCANTILE EXCHANGE",650867,150884,826122,1374996,2346793,2021-04-20,499983,-548874
2021-04-27T00:00:00.000,"CRUDE OIL, LIGHT SWEET - NEW YORK MERCANTILE EXCHANGE",650300,160589,835304,1377445,2353470,2021-04-27,489711,-542141
2021-05-04T00:00:00.000,"CRUDE OIL, LIGHT SWEET - NEW YORK MERCANTILE EXCHANGE",658677,158664,838839,1395309,2419641,2021-05-04,500013,-556470
2021-05-11T00:00:00.000,"CRUDE OIL, LIGHT SWEET - NEW YORK MERCANTILE EXCHANGE",650118,153557,859810,1416661,2444466,2021-05-11,496561,-556851
2021-05-18T00:00:00.000,"CRUDE OIL, LIGHT SWEET - NEW YORK MERCANTILE EXCHANGE",612530,136583,891029,1423558,2458804,2021-05-18,475947,-532529
2021-05-25T00:00:00.000,"CRUDE OIL, LIGHT SWEET - NEW YORK MERCANTILE EXCHANGE",625568,150078,847843,1372383,2426045,2021-05-25,475490,-524540
2021-06-01T00:00:00.000,"CRUDE OIL, LIGHT SWEET - NEW YORK MERCANTILE EXCHANGE",638635,147338,874518,1421110,2507073,2021-06-01,491297,-546592
2021-06-08T00:00:00.000,"CRUDE OIL, LIGHT SWEET - NEW YORK MERCANTILE EXCHANGE",657352,146853,862588,1423541,2511533,2021-06-08,510499,-560953
2021-06-15T00:00:00.000,"CRUDE OIL, LIGHT SWEET - NEW YORK MERCANTILE EXCHANGE",664365,140409,868390,1440290,2474859,2021-06-15,523956,-571900
2021-06-22T00:00:00.000,"CRUDE OIL, LIGHT SWEET - NEW YORK MERCANTILE EXCHANGE",669980,143819,759883,1334321,2348317,2021-06-22,526161,-574438
2021-06-29T00:00:00.000,"CRUDE OIL, LIGHT SWEET - NEW YORK MERCANTILE EXCHANGE",664867,142377,785783,1361867,2369631,2021-06-29,522490,-576084
2021-07-06T00:00:00.000,"CRUDE OIL, LIGHT SWEET - NEW YORK MERCANTILE EXCHANGE",640068,142717,822892,1374254,2413946,2021-07-06,497351,-551362
2021-07-13T00:00:00.000,"CRUDE OIL, LIGHT SWEET - NEW YORK MERCANTILE EXCHANGE",636318,137222,819975,1367530,2413536,2021-07-13,499096,-547555
2021-07-20T00:00:00.000,"CRUDE OIL, LIGHT SWEET - NEW YORK MERCANTILE EXCHANGE",593046,144306,747511,1248047,2243475,2021-07-20,448740,-500536
2021-07-27T00:00:00.000,"CRUDE OIL, LIGHT SWEET - NEW YORK MERCANTILE EXCHANGE",601411,151647,827518,1315407,2326985,2021-07-27,449764,-487889
2021-08-03T00:00:00.000,"CRUDE OIL, LIGHT SWEET - NEW YORK MERCANTILE EXCHANGE",583470,152943,818264,1292622,2313202,2021-08-03,430527,-474358
2021-08-10T00:00:00.000,"CRUDE OIL, LIGHT SWEET - NEW YORK MERCANTILE EXCHANGE",556062,155649,747515,1194034,2194794,2021-08-10,400413,-446519
2021-08-17T00:00:00.000,"CRUDE OIL, LIGHT SWEET - NEW YORK MERCANTILE EXCHANGE",538862,134539,712347,1159601,2135698,2021-08-17,404323,-447254
2021-08-24T00:00:00.000,"CRUDE OIL, LIGHT SWEET - NEW YORK MERCANTILE EXCHANGE",528784,154472,686132,1094154,2042879,2021-08-24,374312,-408022
2021-08-31T00:00:00.000,"CRUDE OIL, LIGHT SWEET - NEW YORK MERCANTILE EXCHANGE",515630,159102,720006,1114319,2074185,2021-08-31,356528,-394313
2021-09-07T00:00:00.000,"CRUDE OIL, LIGHT SWEET - NEW YORK MERCANTILE EXCHANGE",506565,157407,756271,1147522,2107706,2021-09-07,349158,-391251
2021-09-14T00:00:00.000,"CRUDE OIL, LIGHT SWEET - NEW YORK MERCANTILE EXCHANGE",512626,157562,778938,1176126,2145165,2021-09-14,355064,-397188
2021-09-21T00:00:00.000,"CRUDE OIL, LIGHT SWEET - NEW YORK MERCANTILE EXCHANGE",506363,150385,728666,1124846,2101558,2021-09-21,355978,-396180
2021-09-28T00:00:00.000,"CRUDE OIL, LIGHT SWEET - NEW YORK MERCANTILE EXCHANGE",527523,153709,738761,1157641,2175199,2021-09-28,373814,-418880
2021-10-05T00:00:00.000,"CRUDE OIL, LIGHT SWEET - NEW YORK MERCANTILE EXCHANGE",548561,150254,726829,1170088,2230794,2021-10-05,398307,-443259
2021-10-12T00:00:00.000,"CRUDE OIL, LIGHT SWEET - NEW YORK MERCANTILE EXCHANGE",564001,159225,721614,1175298,2231227,2021-10-12,404776,-453684
2021-10-19T00:00:00.000,"CRUDE OIL, LIGHT SWEET - NEW YORK MERCANTILE EXCHANGE",565720,136126,698992,1172173,2205089,2021-10-19,429594,-473181
2021-10-26T00:00:00.000,"CRUDE OIL, LIGHT SWEET - NEW YORK MERCANTILE EXCHANGE",550171,126453,694591,1167003,2144359,2021-10-26,423718,-472412
2021-11-02T00:00:00.000,"CRUDE OIL, LIGHT SWEET - NEW YORK MERCANTILE EXCHANGE",548631,129338,705007,1166523,2121461,2021-11-02,419293,-461516
2021-11-09T00:00:00.000,"CRUDE OIL, LIGHT SWEET - NEW YORK MERCANTILE EXCHANGE",552579,131267,705286,1167250,2081385,2021-11-09,421312,-461964
2021-11-16T00:00:00.000,"CRUDE OIL, LIGHT SWEET - NEW YORK MERCANTILE EXCHANGE",510169,94384,711066,1181390,2057633,2021-11-16,415785,-470324
2021-11-23T00:00:00.000,"CRUDE OIL, LIGHT SWEET - NEW YORK MERCANTILE EXCHANGE",510586,102929,713989,1168954,2028573,2021-11-23,407657,-454965
2021-11-30T00:00:00.000,"CRUDE OIL, LIGHT SWEET - NEW YORK MERCANTILE EXCHANGE",511862,124628,710000,1142885,2033286,2021-11-30,387234,-432885
2021-12-07T00:00:00.000,"CRUDE OIL, LIGHT SWEET - NEW YORK MERCANTILE EXCHANGE",492585,125353,724626,1125057,1972536,2021-12-07,367232,-400431
2021-12-14T00:00:00.000,"CRUDE OIL, LIGHT SWEET - NEW YORK MERCANTILE EXCHANGE",483233,136096,739745,1125272,1953397,2021-12-14,347137,-385527
2021-12-21T00:00:00.000,"CRUDE OIL, LIGHT SWEET - NEW YORK MERCANTILE EXCHANGE",478276,138021,740195,1116011,1892701,2021-12-21,340255,-375816
2021-12-28T00:00:00.000,"CRUDE OIL, LIGHT SWEET - NEW YORK MERCANTILE EXCHANGE",469946,131517,711711,1084803,1867339,2021-12-28,338429,-373092
2022-01-04T00:00:00.000,"CRUDE OIL, LIGHT SWEET - NEW YORK MERCANTILE EXCHANGE",462594,129769,718728,1088684,1887131,2022-01-04,332825,-369956
2022-01-11T00:00:00.000,"CRUDE OIL, LIGHT SWEET - NEW YORK MERCANTILE EXCHANGE",484370,123865,726296,1123236,1966615,2022-01-11,360505,-396940
2022-01-18T00:00:00.000,"CRUDE OIL, LIGHT SWEET - NEW YORK MERCANTILE EXCHANGE",503178,117397,759825,1186877,2059564,2022-01-18,385781,-427052
2022-01-25T00:00:00.000,"CRUDE OIL, LIGHT SWEET - NEW YORK MERCANTILE EXCHANGE",492310,118895,749821,1170467,2095994,2022-01-25,373415,-420646
2022-02-01T00:00:00.000,"CRUDE OIL, LIGHT SWEET - NEW YORK MERCANTILE EXCHANGE",487606,118702,719202,1133860,2093735,2022-02-01,368904,-414658
2022-02-08T00:00:00.000,WTI-PHYSICAL - NEW YORK MERCANTILE EXCHANGE,480560,117177,762286,1174430,2170681,2022-02-08,363383,-412144
2022-02-15T00:00:00.000,WTI-PHYSICAL - NEW YORK MERCANTILE EXCHANGE,458819,110726,767338,1159338,2122758,2022-02-15,348093,-392000
2022-02-22T00:00:00.000,WTI-PHYSICAL - NEW YORK MERCANTILE EXCHANGE,442102,103061,743113,1126004,2058132,2022-02-22,339041,-382891
2022-03-01T00:00:00.000,WTI-PHYSICAL - NEW YORK MERCANTILE EXCHANGE,465365,96702,729585,1140540,2028476,2022-03-01,368663,-410955
2022-03-08T00:00:00.000,WTI-PHYSICAL - NEW YORK MERCANTILE EXCHANGE,455339,93674,696449,1105258,1896974,2022-03-08,361665,-408809
2022-03-15T00:00:00.000,WTI-PHYSICAL - NEW YORK MERCANTILE EXCHANGE,444601,102786,700410,1083012,1850794,2022-03-15,341815,-382602
2022-03-22T00:00:00.000,WTI-PHYSICAL - NEW YORK MERCANTILE EXCHANGE,436560,96591,654309,1034389,1788211,2022-03-22,339969,-380080
2022-03-29T00:00:00.000,WTI-PHYSICAL - NEW YORK MERCANTILE EXCHANGE,420097,101366,654965,1015127,1795929,2022-03-29,318731,-360162
2022-04-05T00:00:00.000,WTI-PHYSICAL - NEW YORK MERCANTILE EXCHANGE,413132,104538,681802,1037237,1823366,2022-04-05,308594,-355435
2022-04-12T00:00:00.000,WTI-PHYSICAL - NEW YORK MERCANTILE EXCHANGE,411978,107200,688852,1039455,1783725,2022-04-12,304778,-350603
2022-04-19T00:00:00.000,WTI-PHYSICAL - NEW YORK MERCANTILE EXCHANGE,411622,103925,661788,1013040,1740300,2022-04-19,307697,-351252
2022-04-26T00:00:00.000,WTI-PHYSICAL - NEW YORK MERCANTILE EXCHANGE,413638,97575,635548,993869,1733586,2022-04-26,316063,-358321
2022-05-03T00:00:00.000,WTI-PHYSICAL - NEW YORK MERCANTILE EXCHANGE,419692,97991,620327,986540,1751564,2022-05-03,321701,-366213
2022-05-10T00:00:00.000,WTI-PHYSICAL - NEW YORK MERCANTILE EXCHANGE,415170,104367,614716,969195,1736594,2022-05-10,310803,-354479
2022-05-17T00:00:00.000,WTI-PHYSICAL - NEW YORK MERCANTILE EXCHANGE,416190,90553,611264,975133,1730665,2022-05-17,325637,-363869
2022-05-24T00:00:00.000,WTI-PHYSICAL - NEW YORK MERCANTILE EXCHANGE,422541,87780,584496,959123,1711863,2022-05-24,334761,-374627
2022-05-31T00:00:00.000,WTI-PHYSICAL - NEW YORK MERCANTILE EXCHANGE,421683,88707,622867,996628,1787928,2022-05-31,332976,-373761
2022-06-07T00:00:00.000,WTI-PHYSICAL - NEW YORK MERCANTILE EXCHANGE,423882,95626,622320,991353,1790618,2022-06-07,328256,-369033
2022-06-14T00:00:00.000,WTI-PHYSICAL - NEW YORK MERCANTILE EXCHANGE,409427,106481,604944,946598,1715674,2022-06-14,302946,-341654
2022-06-21T00:00:00.000,WTI-PHYSICAL - NEW YORK MERCANTILE EXCHANGE,388496,98994,594860,918775,1658636,2022-06-21,289502,-323915
2022-06-28T00:00:00.000,WTI-PHYSICAL - NEW YORK MERCANTILE EXCHANGE,396046,96354,599957,927895,1651566,2022-06-28,299692,-327938
2022-07-05T00:00:00.000,WTI-PHYSICAL - NEW YORK MERCANTILE EXCHANGE,394943,114420,601996,906213,1637862,2022-07-05,280523,-304217
2022-07-12T00:00:00.000,WTI-PHYSICAL - NEW YORK MERCANTILE EXCHANGE,375155,106827,590438,884964,1612803,2022-07-12,268328,-294526
2022-07-19T00:00:00.000,WTI-PHYSICAL - NEW YORK MERCANTILE EXCHANGE,374677,103586,580330,874019,1577616,2022-07-19,271091,-293689
2022-07-26T00:00:00.000,WTI-PHYSICAL - NEW YORK MERCANTILE EXCHANGE,368453,109193,595032,878521,1597451,2022-07-26,259260,-283489
2022-08-02T00:00:00.000,WTI-PHYSICAL - NEW YORK MERCANTILE EXCHANGE,361810,108058,616741,889607,1606910,2022-08-02,253752,-272866
2022-08-09T00:00:00.000,WTI-PHYSICAL - NEW YORK MERCANTILE EXCHANGE,338172,127521,636980,875053,1570131,2022-08-09,210651,-238073
2022-08-16T00:00:00.000,WTI-PHYSICAL - NEW YORK MERCANTILE EXCHANGE,346865,131925,638971,878262,1557349,2022-08-16,214940,-239291
2022-08-23T00:00:00.000,WTI-PHYSICAL - NEW YORK MERCANTILE EXCHANGE,341918,95698,595411,863667,1503506,2022-08-23,246220,-268256
2022-08-30T00:00:00.000,WTI-PHYSICAL - NEW YORK MERCANTILE EXCHANGE,332415,103226,588601,844849,1470207,2022-08-30,229189,-256248
2022-09-06T00:00:00.000,WTI-PHYSICAL - NEW YORK MERCANTILE EXCHANGE,326007,111529,599689,840106,1480320,2022-09-06,214478,-240417
2022-09-13T00:00:00.000,WTI-PHYSICAL - NEW YORK MERCANTILE EXCHANGE,340716,113659,600618,844625,1498059,2022-09-13,227057,-244007
2022-09-20T00:00:00.000,WTI-PHYSICAL - NEW YORK MERCANTILE EXCHANGE,342588,102710,589445,851013,1481545,2022-09-20,239878,-261568
2022-09-27T00:00:00.000,WTI-PHYSICAL - NEW YORK MERCANTILE EXCHANGE,333933,107853,598428,845300,1504991,2022-09-27,226080,-246872
2022-10-04T00:00:00.000,WTI-PHYSICAL - NEW YORK MERCANTILE EXCHANGE,331695,89696,587375,848229,1495538,2022-10-04,241999,-260854
2022-10-11T00:00:00.000,WTI-PHYSICAL - NEW YORK MERCANTILE EXCHANGE,345258,86038,584609,868235,1499498,2022-10-11,259220,-283626
2022-10-18T00:00:00.000,WTI-PHYSICAL - NEW YORK MERCANTILE EXCHANGE,336209,84664,568559,842316,1454431,2022-10-18,251545,-273757
2022-10-25T00:00:00.000,WTI-PHYSICAL - NEW YORK MERCANTILE EXCHANGE,335340,86261,566297,834323,1436942,2022-10-25,249079,-268026
2022-11-01T00:00:00.000,WTI-PHYSICAL - NEW YORK MERCANTILE EXCHANGE,346196,91387,576519,852280,1459052,2022-11-01,254809,-275761
2022-11-08T00:00:00.000,WTI-PHYSICAL - NEW YORK MERCANTILE EXCHANGE,368585,93795,551749,853074,1446658,2022-11-08,274790,-301325
2022-11-15T00:00:00.000,WTI-PHYSICAL - NEW YORK MERCANTILE EXCHANGE,361681,83414,562505,869900,1469437,2022-11-15,278267,-307395
2022-11-22T00:00:00.000,WTI-PHYSICAL - NEW YORK MERCANTILE EXCHANGE,320640,68165,508179,785173,1405565,2022-11-22,252475,-276994
2022-11-29T00:00:00.000,WTI-PHYSICAL - NEW YORK MERCANTILE EXCHANGE,306174,66435,512256,774910,1412121,2022-11-29,239739,-262654
2022-12-06T00:00:00.000,WTI-PHYSICAL - NEW YORK MERCANTILE EXCHANGE,330159,98439,520086,779639,1436728,2022-12-06,231720,-259553
2022-12-13T00:00:00.000,WTI-PHYSICAL - NEW YORK MERCANTILE EXCHANGE,327161,97602,534512,782259,1450482,2022-12-13,229559,-247747
2022-12-20T00:00:00.000,WTI-PHYSICAL - NEW YORK MERCANTILE EXCHANGE,326195,88004,496161,752719,1395622,2022-12-20,238191,-256558
2022-12-27T00:00:00.000,WTI-PHYSICAL - NEW YORK MERCANTILE EXCHANGE,325017,77399,497251,763805,1413545,2022-12-27,247618,-266554
2023-01-03T00:00:00.000,WTI-PHYSICAL - NEW YORK MERCANTILE EXCHANGE,323546,95939,527773,776813,1459936,2023-01-03,227607,-249040
2023-01-10T00:00:00.000,WTI-PHYSICAL - NEW YORK MERCANTILE EXCHANGE,307170,101934,583480,808982,1557092,2023-01-10,205236,-225502
2023-01-17T00:00:00.000,WTI-PHYSICAL - NEW YORK MERCANTILE EXCHANGE,319541,80323,599472,855071,1613466,2023-01-17,239218,-255599
2023-01-24T00:00:00.000,WTI-PHYSICAL - NEW YORK MERCANTILE EXCHANGE,328480,78681,614901,888147,1660450,2023-01-24,249799,-273246
2023-01-31T00:00:00.000,WTI-PHYSICAL - NEW YORK MERCANTILE EXCHANGE,335074,91254,629204,895826,1726378,2023-01-31,243820,-266622
2023-02-07T00:00:00.000,WTI-PHYSICAL - NEW YORK MERCANTILE EXCHANGE,331962,107811,674260,918808,1791955,2023-02-07,224151,-244548
2023-02-14T00:00:00.000,WTI-PHYSICAL - NEW YORK MERCANTILE EXCHANGE,335241,107700,712599,959969,1821601,2023-02-14,227541,-247370
2023-02-21T00:00:00.000,WTI-PHYSICAL - NEW YORK MERCANTILE EXCHANGE,322622,102951,692634,933931,1756029,2023-02-21,219671,-241297
2023-02-28T00:00:00.000,WTI-PHYSICAL - NEW YORK MERCANTILE EXCHANGE,327155,111841,688223,919521,1750212,2023-02-28,215314,-231298
2023-03-07T00:00:00.000,WTI-PHYSICAL - NEW YORK MERCANTILE EXCHANGE,319139,112238,677667,912156,1755027,2023-03-07,206901,-234489
2023-03-14T00:00:00.000,WTI-PHYSICAL - NEW YORK MERCANTILE EXCHANGE,302527,126308,695298,907931,1767660,2023-03-14,176219,-212633
2023-03-21T00:00:00.000,WTI-PHYSICAL - NEW YORK MERCANTILE EXCHANGE,303340,148999,719060,897964,1791902,2023-03-21,154341,-178904
2023-03-28T00:00:00.000,WTI-PHYSICAL - NEW YORK MERCANTILE EXCHANGE,289653,108584,680208,871824,1785807,2023-03-28,181069,-191616
2023-04-04T00:00:00.000,WTI-PHYSICAL - NEW YORK MERCANTILE EXCHANGE,307515,81388,700883,940853,1858446,2023-04-04,226127,-239970
2023-04-11T00:00:00.000,WTI-PHYSICAL - NEW YORK MERCANTILE EXCHANGE,309997,74365,700591,956002,1875140,2023-04-11,235632,-255411
2023-04-18T00:00:00.000,WTI-PHYSICAL - NEW YORK MERCANTILE EXCHANGE,322133,77558,699264,972511,1913192,2023-04-18,244575,-273247
2023-04-25T00:00:00.000,WTI-PHYSICAL - NEW YORK MERCANTILE EXCHANGE,323831,87393,674209,945406,1826195,2023-04-25,236438,-271197
2023-05-02T00:00:00.000,WTI-PHYSICAL - NEW YORK MERCANTILE EXCHANGE,323737,108892,737538,990443,1908299,2023-05-02,214845,-252905
2023-05-09T00:00:00.000,WTI-PHYSICAL - NEW YORK MERCANTILE EXCHANGE,338155,121527,753894,993350,1885886,2023-05-09,216628,-239456
2023-05-16T00:00:00.000,WTI-PHYSICAL - NEW YORK MERCANTILE EXCHANGE,327971,136502,730636,946248,1856570,2023-05-16,191469,-215612
2023-05-23T00:00:00.000,WTI-PHYSICAL - NEW YORK MERCANTILE EXCHANGE,317600,124481,705745,923131,1847901,2023-05-23,193119,-217386
2023-05-30T00:00:00.000,WTI-PHYSICAL - NEW YORK MERCANTILE EXCHANGE,322085,159494,744190,937067,1920740,2023-05-30,162591,-192877
2023-06-06T00:00:00.000,WTI-PHYSICAL - NEW YORK MERCANTILE EXCHANGE,339318,166876,769312,967689,1951628,2023-06-06,172442,-198377
2023-06-13T00:00:00.000,WTI-PHYSICAL - NEW YORK MERCANTILE EXCHANGE,353560,198486,741758,926030,1886782,2023-06-13,155074,-184272
2023-06-20T00:00:00.000,WTI-PHYSICAL - NEW YORK MERCANTILE EXCHANGE,341074,174597,718413,908331,1846816,2023-06-20,166477,-189918
2023-06-27T00:00:00.000,WTI-PHYSICAL - NEW YORK MERCANTILE EXCHANGE,338078,199690,742002,908660,1865745,2023-06-27,138388,-166658
2023-07-03T00:00:00.000,WTI-PHYSICAL - NEW YORK MERCANTILE EXCHANGE,316998,175569,737228,907376,1816043,2023-07-03,141429,-170148
2023-07-11T00:00:00.000,WTI-PHYSICAL - NEW YORK MERCANTILE EXCHANGE,339297,165864,700019,896707,1796348,2023-07-11,173433,-196688
2023-07-18T00:00:00.000,WTI-PHYSICAL - NEW YORK MERCANTILE EXCHANGE,359341,153242,645941,879431,1768189,2023-07-18,206099,-233490
2023-07-25T00:00:00.000,WTI-PHYSICAL - NEW YORK MERCANTILE EXCHANGE,350507,125311,642195,893171,1743598,2023-07-25,225196,-250976
2023-08-01T00:00:00.000,WTI-PHYSICAL - NEW YORK MERCANTILE EXCHANGE,363726,121867,641294,908533,1752072,2023-08-01,241859,-267239
2023-08-08T00:00:00.000,WTI-PHYSICAL - NEW YORK MERCANTILE EXCHANGE,378987,123059,630960,909298,1703711,2023-08-08,255928,-278338
2023-08-15T00:00:00.000,WTI-PHYSICAL - NEW YORK MERCANTILE EXCHANGE,371168,129060,638000,908101,1702766,2023-08-15,242108,-270101
2023-08-22T00:00:00.000,WTI-PHYSICAL - NEW YORK MERCANTILE EXCHANGE,362484,128113,603247,859588,1623347,2023-08-22,234371,-256341
2023-08-29T00:00:00.000,WTI-PHYSICAL - NEW YORK MERCANTILE EXCHANGE,359199,118294,632098,893046,1658521,2023-08-29,240905,-260948
2023-09-05T00:00:00.000,WTI-PHYSICAL - NEW YORK MERCANTILE EXCHANGE,400472,101150,597611,906608,1703130,2023-09-05,299322,-308997
2023-09-12T00:00:00.000,WTI-PHYSICAL - NEW YORK MERCANTILE EXCHANGE,428798,101927,625224,973937,1791696,2023-09-12,326871,-348713
2023-09-19T00:00:00.000,WTI-PHYSICAL - NEW YORK MERCANTILE EXCHANGE,442288,113862,586355,941190,1692990,2023-09-19,328426,-354835
2023-09-26T00:00:00.000,WTI-PHYSICAL - NEW YORK MERCANTILE EXCHANGE,469051,118996,559689,935093,1750559,2023-09-26,350055,-375404
2023-10-03T00:00:00.000,WTI-PHYSICAL - NEW YORK MERCANTILE EXCHANGE,461207,111647,581172,963118,1787495,2023-10-03,349560,-381946
2023-10-10T00:00:00.000,WTI-PHYSICAL - NEW YORK MERCANTILE EXCHANGE,412824,90850,604031,967041,1753314,2023-10-10,321974,-363010
2023-10-17T00:00:00.000,WTI-PHYSICAL - NEW YORK MERCANTILE EXCHANGE,388843,82455,573174,913724,1654168,2023-10-17,306388,-340550
2023-10-24T00:00:00.000,WTI-PHYSICAL - NEW YORK MERCANTILE EXCHANGE,396530,95765,552752,893710,1628044,2023-10-24,300765,-340958
2023-10-31T00:00:00.000,WTI-PHYSICAL - NEW YORK MERCANTILE EXCHANGE,383782,121524,589413,898180,1671255,2023-10-31,262258,-308767
2023-11-07T00:00:00.000,WTI-PHYSICAL - NEW YORK MERCANTILE EXCHANGE,381151,145181,613983,890697,1688562,2023-11-07,235970,-276714
2023-11-14T00:00:00.000,WTI-PHYSICAL - NEW YORK MERCANTILE EXCHANGE,364379,148645,613239,860001,1639133,2023-11-14,215734,-246762
2023-11-21T00:00:00.000,WTI-PHYSICAL - NEW YORK MERCANTILE EXCHANGE,350785,143461,566944,796953,1553677,2023-11-21,207324,-230009
2023-11-28T00:00:00.000,WTI-PHYSICAL - NEW YORK MERCANTILE EXCHANGE,352382,169211,563152,769931,1563737,2023-11-28,183171,-206779
2023-12-05T00:00:00.000,WTI-PHYSICAL - NEW YORK MERCANTILE EXCHANGE,349661,180671,641357,835983,1650437,2023-12-05,168990,-194626
2023-12-12T00:00:00.000,WTI-PHYSICAL - NEW YORK MERCANTILE EXCHANGE,345985,194386,665322,840648,1650245,2023-12-12,151599,-175326
2023-12-19T00:00:00.000,WTI-PHYSICAL - NEW YORK MERCANTILE EXCHANGE,334735,151992,615887,811758,1579670,2023-12-19,182743,-195871
2023-12-26T00:00:00.000,WTI-PHYSICAL - NEW YORK MERCANTILE EXCHANGE,340839,141555,612350,823448,1554682,2023-12-26,199284,-211098
2024-01-02T00:00:00.000,WTI-PHYSICAL - NEW YORK MERCANTILE EXCHANGE,341114,177385,625459,807663,1586914,2024-01-02,163729,-182204
2024-01-09T00:00:00.000,WTI-PHYSICAL - NEW YORK MERCANTILE EXCHANGE,330308,160626,640427,825054,1598167,2024-01-09,169682,-184627
2024-01-16T00:00:00.000,WTI-PHYSICAL - NEW YORK MERCANTILE EXCHANGE,336741,174707,653455,832082,1610493,2024-01-16,162034,-178627
2024-01-23T00:00:00.000,WTI-PHYSICAL - NEW YORK MERCANTILE EXCHANGE,330919,146901,662311,864779,1649542,2024-01-23,184018,-202468
2024-01-30T00:00:00.000,WTI-PHYSICAL - NEW YORK MERCANTILE EXCHANGE,335363,138699,688500,907575,1747660,2024-01-30,196664,-219075
2024-02-06T00:00:00.000,WTI-PHYSICAL - NEW YORK MERCANTILE EXCHANGE,303774,141936,729646,918829,1808220,2024-02-06,161838,-189183
2024-02-13T00:00:00.000,WTI-PHYSICAL - NEW YORK MERCANTILE EXCHANGE,308074,137002,644521,836023,1715857,2024-02-13,171072,-191502
2024-02-20T00:00:00.000,WTI-PHYSICAL - NEW YORK MERCANTILE EXCHANGE,323548,131647,623393,840867,1662234,2024-02-20,191901,-217474
2024-02-27T00:00:00.000,WTI-PHYSICAL - NEW YORK MERCANTILE EXCHANGE,353996,129206,584071,832325,1658921,2024-02-27,224790,-248254
2024-03-05T00:00:00.000,WTI-PHYSICAL - NEW YORK MERCANTILE EXCHANGE,342161,103649,555705,827360,1642519,2024-03-05,238512,-271655
2024-03-12T00:00:00.000,WTI-PHYSICAL - NEW YORK MERCANTILE EXCHANGE,329318,95530,600736,865790,1718985,2024-03-12,233788,-265054
2024-03-19T00:00:00.000,WTI-PHYSICAL - NEW YORK MERCANTILE EXCHANGE,366016,88259,568958,877361,1713716,2024-03-19,277757,-308403
2024-03-26T00:00:00.000,WTI-PHYSICAL - NEW YORK MERCANTILE EXCHANGE,376903,98876,592280,907819,1775565,2024-03-26,278027,-315539
2024-04-02T00:00:00.000,WTI-PHYSICAL - NEW YORK MERCANTILE EXCHANGE,392328,91431,577082,909603,1757685,2024-04-02,300897,-332521
2024-04-09T00:00:00.000,WTI-PHYSICAL - NEW YORK MERCANTILE EXCHANGE,403797,106660,594942,932689,1762094,2024-04-09,297137,-337747
2024-04-16T00:00:00.000,WTI-PHYSICAL - NEW YORK MERCANTILE EXCHANGE,411987,121525,601207,930291,1799606,2024-04-16,290462,-329084
2024-04-23T00:00:00.000,WTI-PHYSICAL - NEW YORK MERCANTILE EXCHANGE,381478,116642,624054,931579,1765266,2024-04-23,264836,-307525
2024-04-30T00:00:00.000,WTI-PHYSICAL - NEW YORK MERCANTILE EXCHANGE,392782,127321,640379,949122,1794542,2024-04-30,265461,-308743
2024-05-07T00:00:00.000,WTI-PHYSICAL - NEW YORK MERCANTILE EXCHANGE,360533,145089,688456,949527,1836765,2024-05-07,215444,-261071
2024-05-14T00:00:00.000,WTI-PHYSICAL - NEW YORK MERCANTILE EXCHANGE,330395,127352,690868,941829,1787763,2024-05-14,203043,-250961
2024-05-21T00:00:00.000,WTI-PHYSICAL - NEW YORK MERCANTILE EXCHANGE,332352,113052,681865,948291,1784152,2024-05-21,219300,-266426
2024-05-28T00:00:00.000,WTI-PHYSICAL - NEW YORK MERCANTILE EXCHANGE,344619,100693,698055,976929,1833461,2024-05-28,243926,-278874
2024-06-04T00:00:00.000,WTI-PHYSICAL - NEW YORK MERCANTILE EXCHANGE,333481,122776,692480,946111,1814253,2024-06-04,210705,-253631
2024-06-11T00:00:00.000,WTI-PHYSICAL - NEW YORK MERCANTILE EXCHANGE,318183,84699,671546,931723,1755642,2024-06-11,233484,-260177
2024-06-18T00:00:00.000,WTI-PHYSICAL - NEW YORK MERCANTILE EXCHANGE,338662,91813,633916,908539,1677538,2024-06-18,246849,-274623
2024-06-25T00:00:00.000,WTI-PHYSICAL - NEW YORK MERCANTILE EXCHANGE,361099,89854,597559,900228,1680601,2024-06-25,271245,-302669
2024-07-02T00:00:00.000,WTI-PHYSICAL - NEW YORK MERCANTILE EXCHANGE,368485,88539,604586,915668,1721585,2024-07-02,279946,-311082
2024-07-09T00:00:00.000,WTI-PHYSICAL - NEW YORK MERCANTILE EXCHANGE,369229,85335,613841,939278,1767729,2024-07-09,283894,-325437
2024-07-16T00:00:00.000,WTI-PHYSICAL - NEW YORK MERCANTILE EXCHANGE,376427,88826,635900,960964,1831212,2024-07-16,287601,-325064
2024-07-23T00:00:00.000,WTI-PHYSICAL - NEW YORK MERCANTILE EXCHANGE,355611,79613,654310,965760,1809094,2024-07-23,275998,-311450
2024-07-30T00:00:00.000,WTI-PHYSICAL - NEW YORK MERCANTILE EXCHANGE,315613,70120,673020,951224,1787630,2024-07-30,245493,-278204
2024-08-06T00:00:00.000,WTI-PHYSICAL - NEW YORK MERCANTILE EXCHANGE,305742,83400,711141,958555,1828846,2024-08-06,222342,-247414
2024-08-13T00:00:00.000,WTI-PHYSICAL - NEW YORK MERCANTILE EXCHANGE,298198,66655,684508,944094,1790876,2024-08-13,231543,-259586
2024-08-20T00:00:00.000,WTI-PHYSICAL - NEW YORK MERCANTILE EXCHANGE,294896,72608,664359,918432,1742632,2024-08-20,222288,-254073
2024-08-27T00:00:00.000,WTI-PHYSICAL - NEW YORK MERCANTILE EXCHANGE,303474,76775,660872,911545,1742613,2024-08-27,226699,-250673
2024-09-03T00:00:00.000,WTI-PHYSICAL - NEW YORK MERCANTILE EXCHANGE,292388,115353,682831,887337,1727524,2024-09-03,177035,-204506
2024-09-10T00:00:00.000,WTI-PHYSICAL - NEW YORK MERCANTILE EXCHANGE,291592,151578,713623,877457,1802465,2024-09-10,140014,-163834
2024-09-17T00:00:00.000,WTI-PHYSICAL - NEW YORK MERCANTILE EXCHANGE,270552,125224,750362,916472,1812275,2024-09-17,145328,-166110
2024-09-24T00:00:00.000,WTI-PHYSICAL - NEW YORK MERCANTILE EXCHANGE,291429,132832,743449,917844,1780393,2024-09-24,158597,-174395
2024-10-01T00:00:00.000,WTI-PHYSICAL - NEW YORK MERCANTILE EXCHANGE,294894,135286,722963,897567,1771336,2024-10-01,159608,-174604
2024-10-08T00:00:00.000,WTI-PHYSICAL - NEW YORK MERCANTILE EXCHANGE,303823,113186,700799,914618,1707072,2024-10-08,190637,-213819
2024-10-15T00:00:00.000,WTI-PHYSICAL - NEW YORK MERCANTILE EXCHANGE,284023,99620,687682,900095,1689760,2024-10-15,184403,-212413
2024-10-22T00:00:00.000,WTI-PHYSICAL - NEW YORK MERCANTILE EXCHANGE,276720,102989,686117,882286,1648928,2024-10-22,173731,-196169
2024-10-29T00:00:00.000,WTI-PHYSICAL - NEW YORK MERCANTILE EXCHANGE,284996,133119,739720,915407,1751736,2024-10-29,151877,-175687
2024-11-05T00:00:00.000,WTI-PHYSICAL - NEW YORK MERCANTILE EXCHANGE,313914,117826,706922,918148,1746717,2024-11-05,196088,-211226
2024-11-12T00:00:00.000,WTI-PHYSICAL - NEW YORK MERCANTILE EXCHANGE,313504,126598,727026,934603,1792299,2024-11-12,186906,-207577
2024-11-19T00:00:00.000,WTI-PHYSICAL - NEW YORK MERCANTILE EXCHANGE,310655,116790,734005,936176,1768651,2024-11-19,193865,-202171
2024-11-26T00:00:00.000,WTI-PHYSICAL - NEW YORK MERCANTILE EXCHANGE,314518,114111,708808,915416,1740661,2024-11-26,200407,-206608
2024-12-03T00:00:00.000,WTI-PHYSICAL - NEW YORK MERCANTILE EXCHANGE,322841,121377,717612,929209,1780843,2024-12-03,201464,-211597
2024-12-10T00:00:00.000,WTI-PHYSICAL - NEW YORK MERCANTILE EXCHANGE,316216,126104,725970,927480,1808227,2024-12-10,190112,-201510
2024-12-17T00:00:00.000,WTI-PHYSICAL - NEW YORK MERCANTILE EXCHANGE,358867,128877,727114,964117,1827905,2024-12-17,229990,-237003
2024-12-24T00:00:00.000,WTI-PHYSICAL - NEW YORK MERCANTILE EXCHANGE,374050,127023,720545,971931,1829252,2024-12-24,247027,-251386
2024-12-31T00:00:00.000,WTI-PHYSICAL - NEW YORK MERCANTILE EXCHANGE,380405,126081,728760,985431,1872970,2024-12-31,254324,-256671
2025-01-07T00:00:00.000,WTI-PHYSICAL - NEW YORK MERCANTILE EXCHANGE,411623,132056,734563,1020693,1958411,2025-01-07,279567,-286130
2025-01-14T00:00:00.000,WTI-PHYSICAL - NEW YORK MERCANTILE EXCHANGE,433574,127283,693036,1010160,1896350,2025-01-14,306291,-317124
2025-01-21T00:00:00.000,WTI-PHYSICAL - NEW YORK MERCANTILE EXCHANGE,419398,120551,675134,991730,1867000,2025-01-21,298847,-316596
2025-01-28T00:00:00.000,WTI-PHYSICAL - NEW YORK MERCANTILE EXCHANGE,379083,114957,662454,952842,1782462,2025-01-28,264126,-290388
2025-02-04T00:00:00.000,WTI-PHYSICAL - NEW YORK MERCANTILE EXCHANGE,350584,120271,649455,909031,1765342,2025-02-04,230313,-259576
2025-02-11T00:00:00.000,WTI-PHYSICAL - NEW YORK MERCANTILE EXCHANGE,360033,140029,662237,906930,1788275,2025-02-11,220004,-244693
2025-02-18T00:00:00.000,WTI-PHYSICAL - NEW YORK MERCANTILE EXCHANGE,331841,134247,679607,897033,1752594,2025-02-18,197594,-217426
2025-02-25T00:00:00.000,WTI-PHYSICAL - NEW YORK MERCANTILE EXCHANGE,330987,159789,684896,879860,1768799,2025-02-25,171198,-194964
2025-03-04T00:00:00.000,WTI-PHYSICAL - NEW YORK MERCANTILE EXCHANGE,305908,151067,722278,900258,1816244,2025-03-04,154841,-177980
2025-03-11T00:00:00.000,WTI-PHYSICAL - NEW YORK MERCANTILE EXCHANGE,302868,138742,715375,894119,1793310,2025-03-11,164126,-178744
2025-03-18T00:00:00.000,WTI-PHYSICAL - NEW YORK MERCANTILE EXCHANGE,316473,149650,702875,885103,1768386,2025-03-18,166823,-182228
2025-03-25T00:00:00.000,WTI-PHYSICAL - NEW YORK MERCANTILE EXCHANGE,323827,143269,726524,916662,1783978,2025-03-25,180558,-190138
2025-04-01T00:00:00.000,WTI-PHYSICAL - NEW YORK MERCANTILE EXCHANGE,326705,159020,744725,921435,1836468,2025-04-01,167685,-176710
2025-04-08T00:00:00.000,WTI-PHYSICAL - NEW YORK MERCANTILE EXCHANGE,317288,177693,810211,958770,1991545,2025-04-08,139595,-148559
2025-04-15T00:00:00.000,WTI-PHYSICAL - NEW YORK MERCANTILE EXCHANGE,311402,165032,766976,920691,1918217,2025-04-15,146370,-153715
2025-04-22T00:00:00.000,WTI-PHYSICAL - NEW YORK MERCANTILE EXCHANGE,308492,137537,725078,898963,1860519,2025-04-22,170955,-173885
2025-04-29T00:00:00.000,WTI-PHYSICAL - NEW YORK MERCANTILE EXCHANGE,317166,139957,741648,925140,1896516,2025-04-29,177209,-183492
2025-05-06T00:00:00.000,WTI-PHYSICAL - NEW YORK MERCANTILE EXCHANGE,331348,155920,754904,935494,1982266,2025-05-06,175428,-180590
2025-05-13T00:00:00.000,WTI-PHYSICAL - NEW YORK MERCANTILE EXCHANGE,325023,139722,792294,977132,1948099,2025-05-13,185301,-184838
2025-05-20T00:00:00.000,WTI-PHYSICAL - NEW YORK MERCANTILE EXCHANGE,332659,146239,729895,916689,1873273,2025-05-20,186420,-186794
2025-05-27T00:00:00.000,WTI-PHYSICAL - NEW YORK MERCANTILE EXCHANGE,322611,156917,754023,923130,1943708,2025-05-27,165694,-169107
2025-06-03T00:00:00.000,WTI-PHYSICAL - NEW YORK MERCANTILE EXCHANGE,325172,157215,766053,940517,2010313,2025-06-03,167957,-174464
2025-06-10T00:00:00.000,WTI-PHYSICAL - NEW YORK MERCANTILE EXCHANGE,331261,139320,784001,984672,2017212,2025-06-10,191941,-200671
2025-06-17T00:00:00.000,WTI-PHYSICAL - NEW YORK MERCANTILE EXCHANGE,347851,116803,798666,1057717,1938664,2025-06-17,231048,-259051
2025-06-24T00:00:00.000,WTI-PHYSICAL - NEW YORK MERCANTILE EXCHANGE,357654,124685,754319,1024861,1961998,2025-06-24,232969,-270542
2025-07-01T00:00:00.000,WTI-PHYSICAL - NEW YORK MERCANTILE EXCHANGE,355241,120548,768735,1032630,1989440,2025-07-01,234693,-263895
2025-07-08T00:00:00.000,WTI-PHYSICAL - NEW YORK MERCANTILE EXCHANGE,333138,123764,791461,1028081,1991225,2025-07-08,209374,-236620
2025-07-15T00:00:00.000,WTI-PHYSICAL - NEW YORK MERCANTILE EXCHANGE,308915,146488,857803,1046199,2069099,2025-07-15,162427,-188396
2025-07-22T00:00:00.000,WTI-PHYSICAL - NEW YORK MERCANTILE EXCHANGE,308963,155632,855128,1036984,2013304,2025-07-22,153331,-181856
2025-07-29T00:00:00.000,WTI-PHYSICAL - NEW YORK MERCANTILE EXCHANGE,318449,162426,836644,1016236,2028873,2025-07-29,156023,-179592
2025-08-05T00:00:00.000,WTI-PHYSICAL - NEW YORK MERCANTILE EXCHANGE,310559,168730,830714,1001272,2036424,2025-08-05,141829,-170558
2025-08-12T00:00:00.000,WTI-PHYSICAL - NEW YORK MERCANTILE EXCHANGE,293224,176482,828037,970327,2010959,2025-08-12,116742,-142290
2025-08-19T00:00:00.000,WTI-PHYSICAL - NEW YORK MERCANTILE EXCHANGE,304490,184281,794912,935466,1922821,2025-08-19,120209,-140554
2025-08-26T00:00:00.000,WTI-PHYSICAL - NEW YORK MERCANTILE EXCHANGE,300389,190917,776556,907427,1912554,2025-08-26,109472,-130871
2025-09-02T00:00:00.000,WTI-PHYSICAL - NEW YORK MERCANTILE EXCHANGE,293055,190627,819102,940497,1987861,2025-09-02,102428,-121395
2025-09-09T00:00:00.000,WTI-PHYSICAL - NEW YORK MERCANTILE EXCHANGE,274256,192412,818832,920987,1957115,2025-09-09,81844,-102155
2025-09-16T00:00:00.000,WTI-PHYSICAL - NEW YORK MERCANTILE EXCHANGE,278276,179567,820579,935328,1962620,2025-09-16,98709,-114749
2025-09-23T00:00:00.000,WTI-PHYSICAL - NEW YORK MERCANTILE EXCHANGE,264809,161851,834737,953337,1936690,2025-09-23,102958,-118600
2025-09-30T00:00:00.000,WTI-PHYSICAL - NEW YORK MERCANTILE EXCHANGE,267821,164521,866383,999479,2006358,2025-09-30,103300,-133096
2025-10-07T00:00:00.000,WTI-PHYSICAL - NEW YORK MERCANTILE EXCHANGE,270570,196261,881576,979632,2036074,2025-10-07,74309,-98056
2025-10-14T00:00:00.000,WTI-PHYSICAL - NEW YORK MERCANTILE EXCHANGE,273817,212826,903255,984635,2066590,2025-10-14,60991,-81380
2025-10-21T00:00:00.000,WTI-PHYSICAL - NEW YORK MERCANTILE EXCHANGE,272677,232877,861305,916361,1997649,2025-10-21,39800,-55056
2025-10-28T00:00:00.000,WTI-PHYSICAL - NEW YORK MERCANTILE EXCHANGE,271722,206121,828417,906134,1891657,2025-10-28,65601,-77717
2025-11-04T00:00:00.000,WTI-PHYSICAL - NEW YORK MERCANTILE EXCHANGE,264952,190045,834408,918834,1924327,2025-11-04,74907,-84426
2025-11-10T00:00:00.000,WTI-PHYSICAL - NEW YORK MERCANTILE EXCHANGE,260995,200611,835114,906998,1913442,2025-11-10,60384,-71884
2025-11-18T00:00:00.000,WTI-PHYSICAL - NEW YORK MERCANTILE EXCHANGE,272101,202925,848489,928790,1868023,2025-11-18,69176,-80301
2025-11-25T00:00:00.000,WTI-PHYSICAL - NEW YORK MERCANTILE EXCHANGE,276481,221464,856770,921958,1890503,2025-11-25,55017,-65188
2025-12-02T00:00:00.000,WTI-PHYSICAL - NEW YORK MERCANTILE EXCHANGE,269962,218925,861709,922969,1914667,2025-12-02,51037,-61260
2025-12-09T00:00:00.000,WTI-PHYSICAL - NEW YORK MERCANTILE EXCHANGE,254333,195900,811076,889573,1867966,2025-12-09,58433,-78497
2025-12-16T00:00:00.000,WTI-PHYSICAL - NEW YORK MERCANTILE EXCHANGE,269214,214318,813610,886182,1916438,2025-12-16,54896,-72572
2025-12-23T00:00:00.000,WTI-PHYSICAL - NEW YORK MERCANTILE EXCHANGE,261767,196869,798358,866542,1863543,2025-12-23,64898,-68184
2025-12-30T00:00:00.000,WTI-PHYSICAL - NEW YORK MERCANTILE EXCHANGE,261395,196804,808460,878713,1898257,2025-12-30,64591,-70253
2026-01-06T00:00:00.000,WTI-PHYSICAL - NEW YORK MERCANTILE EXCHANGE,258956,201604,829757,900523,1968879,2026-01-06,57352,-70766
2026-01-13T00:00:00.000,WTI-PHYSICAL - NEW YORK MERCANTILE EXCHANGE,286136,228008,855313,920763,2018789,2026-01-13,58128,-65450
2026-01-20T00:00:00.000,WTI-PHYSICAL - NEW YORK MERCANTILE EXCHANGE,284809,206017,821803,918850,1964359,2026-01-20,78792,-97047
2026-01-27T00:00:00.000,WTI-PHYSICAL - NEW YORK MERCANTILE EXCHANGE,295247,198265,840875,955923,2035649,2026-01-27,96982,-115048
2026-02-03T00:00:00.000,WTI-PHYSICAL - NEW YORK MERCANTILE EXCHANGE,315529,190964,879932,1032431,2091314,2026-02-03,124565,-152499
2026-02-10T00:00:00.000,WTI-PHYSICAL - NEW YORK MERCANTILE EXCHANGE,320742,202928,846948,1002814,2070538,2026-02-10,117814,-155866
2026-02-17T00:00:00.000,WTI-PHYSICAL - NEW YORK MERCANTILE EXCHANGE,321645,180302,855378,1037007,2087493,2026-02-17,141343,-181629
2026-02-24T00:00:00.000,WTI-PHYSICAL - NEW YORK MERCANTILE EXCHANGE,352565,179853,827868,1044651,2102705,2026-02-24,172712,-216783
2026-03-03T00:00:00.000,WTI-PHYSICAL - NEW YORK MERCANTILE EXCHANGE,355158,183008,842957,1065284,2073033,2026-03-03,172150,-222327
2026-03-10T00:00:00.000,WTI-PHYSICAL - NEW YORK MERCANTILE EXCHANGE,394651,166636,827233,1103680,2051321,2026-03-10,228015,-276447
2026-03-17T00:00:00.000,WTI-PHYSICAL - NEW YORK MERCANTILE EXCHANGE,385768,167080,857135,1119764,2081576,2026-03-17,218688,-262629
2026-03-24T00:00:00.000,WTI-PHYSICAL - NEW YORK MERCANTILE EXCHANGE,376150,142530,841200,1108210,2002065,2026-03-24,233620,-267010
2026-03-31T00:00:00.000,WTI-PHYSICAL - NEW YORK MERCANTILE EXCHANGE,378087,164599,870799,1115890,2030970,2026-03-31,213488,-245091
2026-04-07T00:00:00.000,WTI-PHYSICAL - NEW YORK MERCANTILE EXCHANGE,381615,179462,883576,1114042,2037857,2026-04-07,202153,-230466
2026-04-14T00:00:00.000,WTI-PHYSICAL - NEW YORK MERCANTILE EXCHANGE,390468,183927,891010,1137945,2094492,2026-04-14,206541,-246935
2026-04-21T00:00:00.000,WTI-PHYSICAL - NEW YORK MERCANTILE EXCHANGE,380020,187718,873316,1100027,1984747,2026-04-21,192302,-226711
