date,close
2010-01-01,0.8984725475311279
2010-01-04,0.9124919772148132
2010-01-05,0.9118264317512512
2010-01-06,0.9204712510108948
2010-01-07,0.9177680015563965
2010-01-08,0.9250693917274475
2010-01-11,0.9297136068344116
2010-01-12,0.9204712510108948
2010-01-13,0.9242144227027893
2010-01-14,0.9313588738441467
2010-01-15,0.9226794838905334
2010-01-18,0.927385687828064
2010-01-19,0.9225943684577942
2010-01-20,0.9114938974380493
2010-01-21,0.904568076133728
2010-01-22,0.9012256860733032
2010-01-25,0.9049773812294006
2010-01-26,0.9001709818840027
2010-01-27,0.8962982892990112
2010-01-28,0.8935751914978027
2010-01-29,0.8843296766281128
2010-02-01,0.8919811248779297
2010-02-02,0.8873114585876465
2010-02-03,0.8822231888771057
2010-02-04,0.8689607381820679
2010-02-05,0.8685833811759949
2010-02-08,0.8634833097457886
2010-02-09,0.8775008320808411
2010-02-10,0.8768084645271301
2010-02-11,0.8902341723442078
2010-02-12,0.889284074306488
2010-02-15,0.889284074306488
2010-02-16,0.9013068675994873
2010-02-17,0.8987148404121399
2010-02-18,0.8896797299385071
2010-02-19,0.900009036064148
2010-02-22,0.9001709818840027
2010-02-23,0.8927774429321289
2010-02-24,0.8943743705749512
2010-02-25,0.8865247964859009
2010-02-26,0.8958967924118042
2010-03-01,0.9004952907562256
2010-03-02,0.9049773812294006
2010-03-03,0.9052231907844543
2010-03-04,0.8997660279273987
2010-03-05,0.9079353213310242
2010-03-08,0.9083476662635803
2010-03-09,0.9154156446456909
2010-03-10,0.9139096736907959
2010-03-11,0.9155831933021545
2010-03-12,0.9149130582809448
2010-03-15,0.9136592745780945
2010-03-16,0.9190332293510437
2010-03-17,0.9235315322875977
2010-03-18,0.9212344288825989
2010-03-19,0.9161703586578369
2010-03-22,0.9185266494750977
2010-03-23,0.9179364442825317
2010-03-24,0.9119095206260681
2010-03-25,0.9085953235626221
2010-03-26,0.9044044613838196
2010-03-29,0.9167582988739014
2010-03-30,0.9186110496520996
2010-03-31,0.9155831933021545
2010-04-01,0.920640766620636
2010-04-02,0.9196248054504395
2010-04-05,0.9208951592445374
2010-04-06,0.9278159141540527
2010-04-07,0.9272136688232422
2010-04-08,0.9290226101875305
2010-04-09,0.9335324764251709
2010-04-12,0.9266122579574585
2010-04-13,0.9279881119728088
2010-04-14,0.9359790086746216
2010-04-15,0.9339683651924133
2010-04-16,0.9242998361587524
2010-04-19,0.9254117608070374
2010-04-20,0.9313588738441467
2010-04-21,0.9275577664375305
2010-04-22,0.9257545471191406
2010-04-23,0.9279019832611084
2010-04-26,0.9278159141540527
2010-04-27,0.9165903329849243
2010-04-28,0.9246416687965393
2010-04-29,0.9308386445045471
2010-04-30,0.9248127341270447
2010-05-03,0.9268699884414673
2010-05-04,0.909587025642395
2010-05-05,0.9067827463150024
2010-05-06,0.8866034150123596
2010-05-07,0.8880206346511841
2010-05-10,0.9025270342826843
2010-05-11,0.8946143984794617
2010-05-12,0.8951749801635742
2010-05-13,0.895495593547821
2010-05-14,0.8861320614814758
2010-05-17,0.8775008320808411
2010-05-18,0.8617717623710632
2010-05-19,0.8476731181144714
2010-05-20,0.8134048581123352
2010-05-21,0.8327782154083252
2010-05-24,0.8248103260993958
2010-05-25,0.8279516100883484
2010-05-26,0.8258320689201355
2010-05-27,0.8470268845558167
2010-05-28,0.847385823726654
2010-05-31,0.8465966582298279
2010-06-01,0.8331944942474365
2010-06-02,0.8418217301368713
2010-06-03,0.8433836102485657
2010-06-04,0.8241984844207764
2010-06-07,0.8114906549453735
2010-06-08,0.8261731863021851
2010-06-09,0.8296689987182617
2010-06-10,0.8476012349128723
2010-06-11,0.8507018089294434
2010-06-14,0.8585164546966553
2010-06-15,0.8642295598983765
2010-06-16,0.8634833097457886
2010-06-17,0.8676036596298218
2010-06-18,0.8720676302909851
2010-06-21,0.8767315745353699
2010-06-22,0.8728288412094116
2010-06-23,0.8748906254768372
2010-06-24,0.8676036596298218
2010-06-25,0.8744316101074219
2010-06-28,0.8695652484893799
2010-06-29,0.8499065041542053
2010-06-30,0.8413259983062744
2010-07-01,0.8470268845558167
2010-07-02,0.8421052694320679
2010-07-05,0.837520956993103
2010-07-06,0.8509190082550049
2010-07-07,0.8635578751564026
2010-07-08,0.8774238228797913
2010-07-09,0.8781944513320923
2010-07-12,0.8761170506477356
2010-07-13,0.8837825655937195
2010-07-14,0.8816787600517273
2010-07-15,0.8837825655937195
2010-07-16,0.8697165250778198
2010-07-19,0.8677542209625244
2010-07-20,0.8824567198753357
2010-07-21,0.8764241933822632
2010-07-22,0.8943743705749512
2010-07-23,0.8958967924118042
2010-07-26,0.90203857421875
2010-07-27,0.9013068675994873
2010-07-28,0.8926180005073547
2010-07-29,0.9019572138786316
2010-07-30,0.9044044613838196
2010-08-02,0.9128252267837524
2010-08-03,0.9131585955619812
2010-08-04,0.9129085540771484
2010-08-05,0.9165903329849243
2010-08-06,0.9151642918586731
2010-08-09,0.9181893467903137
2010-08-10,0.9160025715827942
2010-08-11,0.9134088158607483
2010-08-12,0.8942144513130188
2010-08-13,0.8975855112075806
2010-08-16,0.8938946723937988
2010-08-17,0.8959770798683167
2010-08-18,0.9053869843482971
2010-08-19,0.898391842842102
2010-08-20,0.8914245367050171
2010-08-23,0.8880206346511841
2010-08-24,0.89007568359375
2010-08-25,0.8835482597351074
2010-08-26,0.8847208619117737
2010-08-27,0.8848774433135986
2010-08-30,0.9026899933815002
2010-08-31,0.8918219804763794
2010-09-01,0.893255889415741
2010-09-02,0.9098353385925293
2010-09-03,0.9100009202957153
2010-09-06,0.9157509207725525
2010-09-07,0.9167582988739014
2010-09-08,0.9105809926986694
2010-09-09,0.9182736277580261
2010-09-10,0.9230201244354248
2010-09-13,0.9291952848434448
2010-09-14,0.9337940216064453
2010-09-15,0.9400263428688049
2010-09-16,0.9389671087265015
2010-09-17,0.936154305934906
2010-09-20,0.9376465678215027
2010-09-21,0.9464319944381714
2010-09-22,0.9535616040229797
2010-09-23,0.9530163407325745
2010-09-24,0.9498479962348938
2010-09-27,0.9608917236328125
2010-09-28,0.9599692821502686
2010-09-29,0.967117965221405
2010-09-30,0.9693679809570312
2010-10-01,0.9644131064414978
2010-10-04,0.9717229008674622
2010-10-05,0.9670243859291077
2010-10-06,0.9718172550201416
2010-10-07,0.9764671921730042
2010-10-08,0.9825113415718079
2010-10-11,0.9895111918449402
2010-10-12,0.9842519164085388
2010-10-13,0.9866798520088196
2010-10-14,0.9913750290870667
2010-10-15,0.9933445453643799
2010-10-18,0.9890217781066895
2010-10-19,0.9896091222763062
2010-10-20,0.970779538154602
2010-10-21,0.9858044385910034
2010-10-22,0.9788566827774048
2010-10-25,0.9836710691452026
2010-10-26,0.9900990128517151
2010-10-27,0.9863878488540649
2010-10-28,0.9727626442909241
2010-10-29,0.9727626442909241
2010-11-01,0.9866798520088196
2010-11-02,0.9886307716369629
2010-11-03,0.9990009665489197
2010-11-04,1.00393545627594
2010-11-05,1.015702724456787
2010-11-08,1.0164254903793335
2010-11-09,1.010396957397461
2010-11-10,1.0048130750656128
2010-11-11,1.0046011209487915
2010-11-12,0.9964129328727722
2010-11-15,0.9890217781066895
2010-11-16,0.9835742712020874
2010-11-17,0.9759905934333801
2010-11-18,0.9817396402359009
2010-11-19,0.9905893802642822
2010-11-22,0.9901970624923706
2010-11-23,0.9865824580192566
2010-11-24,0.9746588468551636
2010-11-25,0.985027551651001
2010-11-26,0.977325975894928
2010-11-29,0.9659969210624695
2010-11-30,0.9607070684432983
2010-12-01,0.959784984588623
2010-12-02,0.966183602809906
2010-12-03,0.9769441485404968
2010-12-06,0.9919650554656982
2010-12-07,0.9886307716369629
2010-12-08,0.9829941987991333
2010-12-09,0.9792401790618896
2010-12-10,0.9843488335609436
2010-12-13,0.9841550588607788
2010-12-14,0.9950248599052429
2010-12-15,0.9974067807197571
2010-12-16,0.9871668219566345
2010-12-17,0.9894132614135742
2010-12-20,0.9881423115730286
2010-12-21,0.9928514957427979
2010-12-22,0.9966115355491638
2010-12-23,0.9994003772735596
2010-12-24,1.0042983293533325
2010-12-27,1.0003300905227661
2010-12-28,1.0058034658432007
2010-12-29,1.0095809698104858
2010-12-30,1.0173975229263306
2010-12-31,1.0157749652862549
2011-01-03,1.021440029144287
2011-01-04,1.016911268234253
2011-01-05,1.0072014331817627
2011-01-06,0.9998999834060669
2011-01-07,0.9930486679077148
2011-01-10,0.9952229857444763
2011-01-11,0.9947279095649719
2011-01-12,0.982221782207489
2011-01-13,0.9958176016807556
2011-01-14,0.9982032775878906
2011-01-17,0.9908838868141174
2011-01-18,0.9929500818252563
2011-01-19,0.9977052807807922
2011-01-20,0.9969095587730408
2011-01-21,0.9859015941619873
2011-01-24,0.9896091222763062
2011-01-25,0.9976056814193726
2011-01-26,0.9952229857444763
2011-01-27,0.999300479888916
2011-01-28,0.9900990128517151
2011-01-31,0.9873617887496948
2011-02-01,0.9974067807197571
2011-02-02,1.0110814571380615
2011-02-03,1.0116031169891357
2011-02-04,1.0146104097366333
2011-02-07,1.0125967264175415
2011-02-08,1.0133970975875854
2011-02-09,1.0147957801818848
2011-02-10,1.0107953548431396
2011-02-11,1.0014019012451172
2011-02-14,1.0015925168991089
2011-02-15,1.00210440158844
2011-02-16,0.997307300567627
2011-02-17,1.0030291080474854
2011-02-18,1.0121968984603882
2011-02-21,1.01449716091156
2011-02-22,1.0087255239486694
2011-02-23,1.000400185585022
2011-02-24,1.0027776956558228
2011-02-25,1.0108054876327515
2011-02-28,1.01449716091156
2011-03-01,1.0187968015670776
2011-03-02,1.0136024951934814
2011-03-03,1.0160949230194092
2011-03-04,1.0128017663955688
2011-03-07,1.0147030353546143
2011-03-08,1.012248158454895
2011-03-09,1.0092039108276367
2011-03-10,1.0096625089645386
2011-03-11,1.0019036531448364
2011-03-14,1.0101009607315063
2011-03-15,1.0088882446289062
2011-03-16,0.9940357208251953
2011-03-17,0.9797198176383972
2011-03-18,0.9841550588607788
2011-03-21,0.9974067807197571
2011-03-22,1.0058844089508057
2011-03-23,1.0091021060943604
2011-03-24,1.0132944583892822
2011-03-25,1.0202000141143799
2011-03-28,1.024233341217041
2011-03-29,1.02421236038208
2011-03-30,1.029198408126831
2011-03-31,1.0319172143936157
2011-04-01,1.0333994626998901
2011-04-04,1.0395010709762573
2011-04-05,1.0363982915878296
2011-04-06,1.0319066047668457
2011-04-07,1.0435363054275513
2011-04-08,1.046101689338684
2011-04-11,1.056602120399475
2011-04-12,1.0504974126815796
2011-04-13,1.0451068878173828
2011-04-14,1.0498026609420776
2011-04-18,1.0562005043029785
2011-04-19,1.0487017631530762
2011-04-20,1.0535964965820312
2011-04-21,1.0681250095367432
2011-04-22,1.0748989582061768
2011-04-25,1.0759861469268799
2011-04-26,1.0726046562194824
2011-04-27,1.0794240236282349
2011-04-28,1.0855170488357544
2011-04-29,1.093900442123413
2011-05-02,1.0960345268249512
2011-05-03,1.0950024127960205
2011-05-04,1.0853991508483887
2011-05-05,1.075002908706665
2011-05-06,1.0606027841567993
2011-05-09,1.071593165397644
2011-05-10,1.080100178718567
2011-05-11,1.0847986936569214
2011-05-12,1.0712946653366089
2011-05-13,1.0666552782058716
2011-05-16,1.0557209253311157
2011-05-17,1.0573842525482178
2011-05-18,1.0636035203933716
2011-05-19,1.0630042552947998
2011-05-20,1.066996693611145
2011-05-23,1.0628347396850586
2011-05-24,1.0505526065826416
2011-05-25,1.0558992624282837
2011-05-26,1.0536963939666748
2011-05-27,1.0625749826431274
2011-05-30,1.0706982612609863
2011-05-31,1.070297122001648
2011-06-01,1.0682048797607422
2011-06-02,1.0634112358093262
2011-06-03,1.0670992136001587
2011-06-06,1.075002908706665
2011-06-07,1.072995901107788
2011-06-08,1.0720986127853394
2011-06-09,1.064407229423523
2011-06-10,1.062699317932129
2011-06-13,1.0538963079452515
2011-06-14,1.0607041120529175
2011-06-15,1.069415807723999
2011-06-16,1.0575966835021973
2011-06-17,1.0562005043029785
2011-06-20,1.0603779554367065
2011-06-21,1.0595015287399292
2011-06-22,1.0597037076950073
2011-06-23,1.055297613143921
2011-06-24,1.0535964965820312
2011-06-27,1.0472848415374756
2011-06-28,1.0460032224655151
2011-06-29,1.0536963939666748
2011-06-30,1.0692671537399292
2011-07-01,1.071799874305725
2011-07-04,1.0777952671051025
2011-07-05,1.07449471950531
2011-07-06,1.0691642761230469
2011-07-07,1.0695987939834595
2011-07-08,1.0772960186004639
2011-07-11,1.0722020864486694
2011-07-12,1.0642033815383911
2011-07-13,1.0587948560714722
2011-07-14,1.0777952671051025
2011-07-15,1.072593092918396
2011-07-18,1.064803957939148
2011-07-19,1.061311960220337
2011-07-20,1.0743907690048218
2011-07-21,1.0770175457000732
2011-07-22,1.0837758779525757
2011-07-25,1.0845986604690552
2011-07-26,1.0847046375274658
2011-07-27,1.0959985256195068
2011-07-28,1.10349702835083
2011-07-29,1.1000010967254639
2011-08-01,1.1017341613769531
2011-08-02,1.0978032350540161
2011-08-03,1.0748873949050903
2011-08-04,1.0760903358459473
2011-08-05,1.0429050922393799
2011-08-08,1.038303017616272
2011-08-09,1.0129249095916748
2011-08-10,1.0383893251419067
2011-08-11,1.012996792793274
2011-08-12,1.0338268280029297
2011-08-15,1.038303017616272
2011-08-16,1.0487346649169922
2011-08-17,1.0476031303405762
2011-08-18,1.0539518594741821
2011-08-19,1.0379257202148438
2011-08-22,1.0384970903396606
2011-08-23,1.0398037433624268
2011-08-24,1.052398920059204
2011-08-25,1.046331524848938
2011-08-26,1.0441792011260986
2011-08-29,1.0579659938812256
2011-08-30,1.0679539442062378
2011-08-31,1.0676004886627197
2011-09-01,1.0689127445220947
2011-09-02,1.0723055601119995
2011-09-05,1.0609854459762573
2011-09-06,1.051513671875
2011-09-07,1.0491968393325806
2011-09-08,1.0650761127471924
2011-09-09,1.0607378482818604
2011-09-12,1.0442010164260864
2011-09-13,1.0351645946502686
2011-09-14,1.0319278240203857
2011-09-15,1.0276963710784912
2011-09-16,1.0325992107391357
2011-09-19,1.0312999486923218
2011-09-20,1.0151047706604004
2011-09-21,1.0251994132995605
2011-09-22,1.0061981678009033
2011-09-23,0.9765624403953552
2011-09-26,0.982607901096344
2011-09-27,0.9821252822875977
2011-09-28,0.9904912114143372
2011-09-29,0.9747538566589355
2011-09-30,0.9764671921730042
2011-10-03,0.9676794409751892
2011-10-04,0.9524716138839722
2011-10-05,0.9556575417518616
2011-10-06,0.9640412926673889
2011-10-07,0.9741841554641724
2011-10-10,0.9767532348632812
2011-10-11,0.9984025359153748
2011-10-12,0.9956192374229431
2011-10-13,1.015960693359375
2011-10-14,1.0154036283493042
2011-10-17,1.0342117547988892
2011-10-18,1.0170042514801025
2011-10-19,1.0253045558929443
2011-10-20,1.0238558053970337
2011-10-21,1.0230493545532227
2011-10-24,1.031991720199585
2011-10-25,1.046725869178772
2011-10-26,1.042872428894043
2011-10-27,1.0399010181427002
2011-10-28,1.0697017908096313
2011-10-31,1.0673953294754028
2011-11-01,1.0545074939727783
2011-11-02,1.0307046175003052
2011-11-03,1.0253045558929443
2011-11-04,1.0418511629104614
2011-11-07,1.0395983457565308
2011-11-08,1.0362157821655273
2011-11-09,1.0378719568252563
2011-11-10,1.013900637626648
2011-11-11,1.0152902603149414
2011-11-14,1.0333033800125122
2011-11-15,1.0205748081207275
2011-11-16,1.01449716091156
2011-11-17,1.0052978992462158
2011-11-18,0.9984025359153748
2011-11-21,0.9998000264167786
2011-11-22,0.9852216839790344
2011-11-23,0.9849305152893066
2011-11-24,0.9699320793151855
2011-11-25,0.9708738327026367
2011-11-28,0.9828009605407715
2011-11-29,0.9907857179641724
2011-11-30,1.0018032789230347
2011-12-01,1.025483250617981
2011-12-02,1.0222963094711304
2011-12-05,1.0240026712417603
2011-12-06,1.0256620645523071
2011-12-07,1.0249052047729492
2011-12-08,1.0276541709899902
2011-12-09,1.017822027206421
2011-12-12,1.0206997394561768
2011-12-13,1.0041571855545044
2011-12-14,0.9989012479782104
2011-12-15,0.9902951717376709
2011-12-16,0.9938382506370544
2011-12-19,0.9964129328727722
2011-12-20,0.9917683601379395
2011-12-21,1.007901906967163
2011-12-22,1.0074145793914795
2011-12-23,1.0133970975875854
2011-12-26,1.0157955884933472
2011-12-27,1.0160020589828491
2011-12-28,1.0147957801818848
2011-12-29,1.0078917741775513
2011-12-30,1.0140959024429321
2012-01-02,1.0208040475845337
2012-01-03,1.0253992080688477
2012-01-04,1.0370001792907715
2012-01-05,1.0341261625289917
2012-01-06,1.0257041454315186
2012-01-09,1.01980459690094
2012-01-10,1.0253992080688477
2012-01-11,1.0298025608062744
2012-01-12,1.03152334690094
2012-01-13,1.0336664915084839
2012-01-16,1.0281190872192383
2012-01-17,1.032002329826355
2012-01-18,1.0379796028137207
2012-01-19,1.041894555091858
2012-01-20,1.041590690612793
2012-01-23,1.0468025207519531
2012-01-24,1.052897572517395
2012-01-25,1.047998309135437
2012-01-26,1.0592883825302124
2012-01-27,1.061582326889038
2012-01-30,1.0637166500091553
2012-01-31,1.05860435962677
2012-02-01,1.060805320739746
2012-02-02,1.071799874305725
2012-02-03,1.0705033540725708
2012-02-06,1.0751993656158447
2012-02-07,1.0722020864486694
2012-02-08,1.0797970294952393
2012-02-09,1.0787951946258545
2012-02-10,1.0769131183624268
2012-02-13,1.0709046125411987
2012-02-14,1.0705033540725708
2012-02-15,1.0704002380371094
2012-02-16,1.0687299966812134
2012-02-17,1.0750607252120972
2012-02-20,1.0803452730178833
2012-02-21,1.0722020864486694
2012-02-22,1.066996693611145
2012-02-23,1.0624960660934448
2012-02-24,1.0728002786636353
2012-02-27,1.0695186853408813
2012-02-28,1.0759166479110718
2012-02-29,1.0799602270126343
2012-03-01,1.0741138458251953
2012-03-02,1.0807772874832153
2012-03-05,1.072259545326233
2012-03-06,1.0677030086517334
2012-03-07,1.056602120399475
2012-03-08,1.0568814277648926
2012-03-09,1.0644639730453491
2012-03-12,1.0563342571258545
2012-03-13,1.0532968044281006
2012-03-14,1.0542962551116943
2012-03-15,1.0440047979354858
2012-03-16,1.0521000623703003
2012-03-19,1.0601980686187744
2012-03-20,1.059984564781189
2012-03-21,1.0485148429870605
2012-03-22,1.0459047555923462
2012-03-23,1.0401498079299927
2012-03-26,1.048866629600525
2012-03-27,1.052698016166687
2012-03-28,1.0443209409713745
2012-03-29,1.039198637008667
2012-03-30,1.0374951362609863
2012-04-02,1.0426006317138672
2012-04-03,1.0429269075393677
2012-04-04,1.0309809446334839
2012-04-05,1.0280978679656982
2012-04-06,1.0295162200927734
2012-04-09,1.0287959575653076
2012-04-10,1.0310128927230835
2012-04-11,1.0233948230743408
2012-04-12,1.032002329826355
2012-04-13,1.0438958406448364
2012-04-16,1.0343722105026245
2012-04-17,1.035400390625
2012-04-18,1.040680170059204
2012-04-19,1.0372260808944702
2012-04-20,1.0346397161483765
2012-04-23,1.0384000539779663
2012-04-24,1.0310978889465332
2012-04-25,1.0333994626998901
2012-04-26,1.0362050533294678
2012-04-27,1.0366991758346558
2012-04-30,1.0456314086914062
2012-05-01,1.0421985387802124
2012-05-02,1.033698558807373
2012-05-03,1.0307791233062744
2012-05-04,1.0267994403839111
2012-05-07,1.0124019384384155
2012-05-08,1.0215651988983154
2012-05-09,1.0102949142456055
2012-05-10,1.0054596662521362
2012-05-11,1.0060261487960815
2012-05-14,1.002466082572937
2012-05-15,0.9974067807197571
2012-05-16,0.9946290850639343
2012-05-17,0.9931473135948181
2012-05-18,0.9895111918449402
2012-05-21,0.9838646650314331
2012-05-22,0.9917683601379395
2012-05-23,0.9772304892539978
2012-05-24,0.9728572964668274
2012-05-25,0.9764671921730042
2012-05-28,0.9819324612617493
2012-05-29,0.9821252822875977
2012-05-30,0.9827043414115906
2012-05-31,0.9704968333244324
2012-06-01,0.9721007347106934
2012-06-04,0.9644131064414978
2012-06-05,0.9748489260673523
2012-06-06,0.9776126742362976
2012-06-07,0.9908838868141174
2012-06-08,0.9909821152687073
2012-06-11,0.9986019730567932
2012-06-12,0.987751841545105
2012-06-13,0.995322048664093
2012-06-14,0.994925856590271
2012-06-15,1.0015223026275635
2012-06-18,1.011439323425293
2012-06-19,1.0112961530685425
2012-06-20,1.0181951522827148
2012-06-21,1.0196278095245361
2012-06-22,1.0044395923614502
2012-06-25,1.0035022497177124
2012-06-26,1.0014019012451172
2012-06-27,1.0050050020217896
2012-06-28,1.007678508758545
2012-06-29,1.0033713579177856
2012-07-02,1.0239187479019165
2012-07-03,1.0238033533096313
2012-07-04,1.0289971828460693
2012-07-05,1.0268627405166626
2012-07-06,1.0280767679214478
2012-07-09,1.0195966958999634
2012-07-10,1.0206893682479858
2012-07-11,1.0188279151916504
2012-07-12,1.0249682664871216
2012-07-13,1.0136950016021729
2012-07-16,1.023499608039856
2012-07-17,1.024075984954834
2012-07-18,1.0315978527069092
2012-07-19,1.0360976457595825
2012-07-20,1.0424375534057617
2012-07-23,1.0339871644973755
2012-07-24,1.0272952318191528
2012-07-25,1.0215965509414673
2012-07-26,1.0304604768753052
2012-07-27,1.0395010709762573
2012-07-30,1.0464081764221191
2012-07-31,1.0498688220977783
2012-08-01,1.0485037565231323
2012-08-02,1.0469998121261597
2012-08-03,1.0458828210830688
2012-08-06,1.0558992624282837
2012-08-07,1.0563008785247803
2012-08-08,1.0536963939666748
2012-08-09,1.0557990074157715
2012-08-10,1.0573954582214355
2012-08-13,1.0552864074707031
2012-08-14,1.0514030456542969
2012-08-15,1.0487127304077148
2012-08-16,1.0496042966842651
2012-08-17,1.052398920059204
2012-08-20,1.0437215566635132
2012-08-21,1.0452051162719727
2012-08-22,1.0469011068344116
2012-08-23,1.0509058237075806
2012-08-24,1.0432424545288086
2012-08-27,1.0404852628707886
2012-08-28,1.0366023778915405
2012-08-29,1.0374951362609863
2012-08-30,1.034104824066162
2012-08-31,1.0280978679656982
2012-09-03,1.0278126001358032
2012-09-04,1.024096965789795
2012-09-05,1.0212000608444214
2012-09-06,1.019295334815979
2012-09-07,1.028594970703125
2012-09-10,1.0362157821655273
2012-09-11,1.0333994626998901
2012-09-12,1.0430465936660767
2012-09-13,1.0466053485870361
2012-09-14,1.0535187721252441
2012-09-17,1.0538629293441772
2012-09-18,1.0475921630859375
2012-09-19,1.0455001592636108
2012-09-20,1.047219157218933
2012-09-21,1.043514609336853
2012-09-24,1.043558120727539
2012-09-25,1.042589783668518
2012-09-26,1.0363768339157104
2012-09-27,1.0372798442840576
2012-09-28,1.0437650680541992
2012-10-01,1.0355397462844849
2012-10-02,1.0360976457595825
2012-10-03,1.0259777307510376
2012-10-04,1.0232168436050415
2012-10-05,1.0242648124694824
2012-10-08,1.0170457363128662
2012-10-09,1.0213565826416016
2012-10-10,1.018755316734314
2012-10-11,1.0222022533416748
2012-10-12,1.0255358219146729
2012-10-15,1.0226308107376099
2012-10-16,1.0269049406051636
2012-10-17,1.0308959484100342
2012-10-18,1.0379042625427246
2012-10-19,1.0374951362609863
2012-10-22,1.0305771827697754
2012-10-23,1.0336772203445435
2012-10-24,1.0269049406051636
2012-10-25,1.0345969200134277
2012-10-26,1.0351431369781494
2012-10-29,1.0353038311004639
2012-10-30,1.033976435661316
2012-10-31,1.0366023778915405
2012-11-01,1.0376026630401611
2012-11-02,1.0413628816604614
2012-11-05,1.034297227859497
2012-11-06,1.0380982160568237
2012-11-07,1.043068289756775
2012-11-08,1.0403987169265747
2012-11-09,1.0401065349578857
2012-11-12,1.0395010709762573
2012-11-13,1.0426549911499023
2012-11-14,1.0443973541259766
2012-11-15,1.036591649055481
2012-11-16,1.0339871644973755
2012-11-19,1.0360440015792847
2012-11-20,1.0402363538742065
2012-11-21,1.0390042066574097
2012-11-22,1.038303017616272
2012-11-23,1.038022756576538
2012-11-26,1.0459047555923462
2012-11-27,1.0471972227096558
2012-11-28,1.0443973541259766
2012-11-29,1.0475043058395386
2012-11-30,1.0429377555847168
2012-12-03,1.0426006317138672
2012-12-05,1.0474933385849
2012-12-06,1.044801115989685
2012-12-07,1.0473946332931519
2012-12-10,1.048185110092163
2012-12-11,1.0488007068634033
2012-12-12,1.0536963939666748
2012-12-13,1.0546298027038574
2012-12-14,1.0531748533248901
2012-12-17,1.0555315017700195
2012-12-18,1.0547966957092285
2012-12-19,1.0519893169403076
2012-12-20,1.0476799011230469
2012-12-21,1.0480971336364746
2012-12-24,1.0396956205368042
2012-12-25,1.0367958545684814
2012-12-26,1.0373982191085815
2012-12-27,1.0365809202194214
2012-12-28,1.0369787216186523
2012-12-31,1.039198637008667
2013-01-01,1.0399010181427002
2013-01-02,1.0391662120819092
2013-01-03,1.0492959022521973
2013-01-04,1.045303463935852
2013-01-07,1.049538254737854
2013-01-08,1.051171064376831
2013-01-09,1.0513699054718018
2013-01-10,1.0506078004837036
2013-01-11,1.0580331087112427
2013-01-14,1.0537852048873901
2013-01-15,1.056423544883728
2013-01-16,1.0570825338363647
2013-01-17,1.0558435916900635
2013-01-18,1.0546075105667114
2013-01-21,1.0507181882858276
2013-01-22,1.0516021251678467
2013-01-23,1.0562896728515625
2013-01-24,1.0536853075027466
2013-01-25,1.0446046590805054
2013-01-28,1.0413520336151123
2013-01-29,1.0422312021255493
2013-01-30,1.0469011068344116
2013-01-31,1.0418837070465088
2013-02-01,1.0432206392288208
2013-02-04,1.0426006317138672
2013-02-05,1.0441029071807861
2013-02-06,1.0390042066574097
2013-02-07,1.032002329826355
2013-02-08,1.0282670259475708
2013-02-11,1.032279372215271
2013-02-12,1.026356816291809
2013-02-13,1.0338696241378784
2013-02-14,1.0360976457595825
2013-02-15,1.0350574254989624
2013-02-18,1.0299403667449951
2013-02-19,1.0318958759307861
2013-02-20,1.034896731376648
2013-02-21,1.0248421430587769
2013-02-22,1.0294420719146729
2013-02-25,1.029823660850525
2013-02-26,1.027031421661377
2013-02-27,1.0233948230743408
2013-02-28,1.0232272148132324
2013-03-01,1.0218993425369263
2013-03-04,1.0196278095245361
2013-03-05,1.0203874111175537
2013-03-06,1.0266835689544678
2013-03-07,1.023352861404419
2013-03-08,1.0270631313323975
2013-03-11,1.0217949151992798
2013-03-12,1.0278971195220947
2013-03-13,1.0328978300094604
2013-03-14,1.0300040245056152
2013-03-15,1.038022756576538
2013-03-18,1.0353895425796509
2013-03-19,1.0393929481506348
2013-03-20,1.0361191034317017
2013-03-21,1.0378073453903198
2013-03-22,1.0440047979354858
2013-03-25,1.0448774099349976
2013-03-26,1.0462440252304077
2013-03-27,1.0473617315292358
2013-03-28,1.0448665618896484
2013-03-29,1.0418294668197632
2013-04-01,1.0412328243255615
2013-04-02,1.0437977313995361
2013-04-03,1.045718789100647
2013-04-04,1.045478343963623
2013-04-05,1.0423941612243652
2013-04-08,1.0351645946502686
2013-04-09,1.042024850845337
2013-04-10,1.04889976978302
2013-04-11,1.0537852048873901
2013-04-12,1.0546187162399292
2013-04-15,1.0514030456542969
2013-04-16,1.0338054895401
2013-04-17,1.0384970903396606
2013-04-18,1.0303012132644653
2013-04-19,1.0298025608062744
2013-04-22,1.0273902416229248
2013-04-23,1.0265675783157349
2013-04-24,1.0261040925979614
2013-04-25,1.0278971195220947
2013-04-26,1.0293891429901123
2013-04-29,1.0284150838851929
2013-04-30,1.0344042778015137
2013-05-01,1.037075400352478
2013-05-02,1.028573751449585
2013-05-03,1.0255674123764038
2013-05-06,1.0302480459213257
2013-05-07,1.0244851112365723
2013-05-08,1.0178323984146118
2013-05-09,1.0191705226898193
2013-05-10,1.00764799118042
2013-05-13,0.998502254486084
2013-05-14,0.9971083998680115
2013-05-15,0.9908838868141174
2013-05-16,0.9898049831390381
2013-05-17,0.982607901096344
2013-05-20,0.9767532348632812
2013-05-21,0.9813542366027832
2013-05-22,0.9819324612617493
2013-05-23,0.9663702845573425
2013-05-24,0.9684291481971741
2013-05-27,0.9637624621391296
2013-05-28,0.9629273414611816
2013-05-29,0.9574875831604004
2013-05-30,0.9636695981025696
2013-05-31,0.9669309854507446
2013-06-03,0.9622787237167358
2013-06-04,0.975324273109436
2013-06-05,0.9645061492919922
2013-06-06,0.9514747858047485
2013-06-07,0.9561508893966675
2013-06-10,0.9417969584465027
2013-06-11,0.9458053708076477
2013-06-12,0.9460737705230713
2013-06-13,0.9480469822883606
2013-06-14,0.9637624621391296
2013-06-17,0.9575792551040649
2013-06-18,0.9544716477394104
2013-06-19,0.9485865831375122
2013-06-20,0.9280742406845093
2013-06-21,0.9203019142150879
2013-06-24,0.923616886138916
2013-06-25,0.9261832237243652
2013-06-26,0.9263548254966736
2013-06-27,0.9288501143455505
2013-06-28,0.9281604290008545
2013-07-01,0.9129085540771484
2013-07-02,0.9244707822799683
2013-07-03,0.9144947528839111
2013-07-04,0.9092562198638916
2013-07-05,0.9141603708267212
2013-07-08,0.9062075018882751
2013-07-09,0.913993239402771
2013-07-10,0.916506290435791
2013-07-11,0.9275577664375305
2013-07-12,0.9175995588302612
2013-07-15,0.907803475856781
2013-07-16,0.9091735482215881
2013-07-17,0.9241290092468262
2013-07-18,0.9231905937194824
2013-07-19,0.9180207252502441
2013-07-22,0.9219139218330383
2013-07-23,0.9258401393890381
2013-07-24,0.9289363026618958
2013-07-25,0.9129918813705444
2013-07-26,0.9239583015441895
2013-07-29,0.9255831241607666
2013-07-30,0.9194557070732117
2013-07-31,0.9072763323783875
2013-08-01,0.895014762878418
2013-08-02,0.8942144513130188
2013-08-05,0.8905512690544128
2013-08-06,0.8914245367050171
2013-08-07,0.898876428604126
2013-08-08,0.9002520442008972
2013-08-09,0.9107467532157898
2013-08-12,0.9185266494750977
2013-08-13,0.911577045917511
2013-08-14,0.9099181294441223
2013-08-15,0.9144947528839111
2013-08-16,0.9133254289627075
2013-08-19,0.9199631810188293
2013-08-20,0.911577045917511
2013-08-21,0.9062075018882751
2013-08-22,0.8969575762748718
2013-08-23,0.9018758535385132
2013-08-26,0.9028530120849609
2013-08-27,0.9013881087303162
2013-08-28,0.8946143984794617
2013-08-29,0.894694447517395
2013-08-30,0.8926180005073547
2013-09-02,0.8938946723937988
2013-09-03,0.900009036064148
2013-09-04,0.9056330323219299
2013-09-05,0.9171788096427917
2013-09-06,0.9119095206260681
2013-09-09,0.9196248054504395
2013-09-10,0.9231905937194824
2013-09-11,0.930059552192688
2013-09-12,0.9335324764251709
2013-09-13,0.926268994808197
2013-09-16,0.9323139786720276
2013-09-17,0.9322270750999451
2013-09-18,0.935366153717041
2013-09-19,0.9497578740119934
2013-09-20,0.9445546865463257
2013-09-23,0.9402031302452087
2013-09-24,0.9423294067382812
2013-09-25,0.9384384155273438
2013-09-26,0.9365926384925842
2013-09-27,0.9359790086746216
2013-09-30,0.9301460981369019
2013-10-01,0.93205326795578
2013-10-02,0.9391434788703918
2013-10-03,0.9387027025222778
2013-10-04,0.9402031302452087
2013-10-07,0.9442870616912842
2013-10-09,0.944822371006012
2013-10-10,0.945000946521759
2013-10-11,0.9455639123916626
2013-10-14,0.9447330832481384
2013-10-15,0.9512032270431519
2013-10-16,0.9537435173988342
2013-10-17,0.9543806314468384
2013-10-18,0.9617233872413635
2013-10-21,0.9660902619361877
2013-10-22,0.9653441309928894
2013-10-23,0.9701203107833862
2013-10-24,0.9641342163085938
2013-10-25,0.9621860980987549
2013-10-28,0.9599692821502686
2013-10-29,0.954562783241272
2013-10-30,0.9478673338890076
2013-10-31,0.9470324516296387
2013-11-01,0.9462528228759766
2013-11-04,0.9466111660003662
2013-11-05,0.9512032270431519
2013-11-06,0.9500284790992737
2013-11-07,0.9527438879013062
2013-11-08,0.9456264972686768
2013-11-11,0.9369437098503113
2013-11-12,0.9364173412322998
2013-11-13,0.9304922223091125
2013-11-14,0.9365926384925842
2013-11-15,0.931011974811554
2013-11-18,0.9370315074920654
2013-11-19,0.9370315074920654
2013-11-20,0.9440196752548218
2013-11-21,0.9328358173370361
2013-11-22,0.9226794838905334
2013-11-25,0.9165903329849243
2013-11-26,0.9192866086959839
2013-11-27,0.9123255610466003
2013-11-28,0.9084302186965942
2013-11-29,0.9084302186965942
2013-12-02,0.9123255610466003
2013-12-03,0.9116601347923279
2013-12-04,0.9133254289627075
2013-12-05,0.9031791687011719
2013-12-06,0.9067004919052124
2013-12-09,0.9105809926986694
2013-12-10,0.909008264541626
2013-12-11,0.9146620631217957
2013-12-12,0.9048135876655579
2013-12-13,0.8925384283065796
2013-12-16,0.8952551484107971
2013-12-17,0.894134521484375
2013-12-18,0.8921402096748352
2013-12-19,0.8847991228103638
2013-12-20,0.8863754868507385
2013-12-23,0.8922198414802551
2013-12-24,0.8930166363716125
2013-12-25,0.8926976919174194
2013-12-26,0.891742467880249
2013-12-27,0.8886518478393555
2013-12-30,0.8855043053627014
2013-12-31,0.8919811248779297
2014-01-01,0.8915039300918579
2014-01-02,0.8892050385475159
2014-01-03,0.8906305432319641
2014-01-06,0.8965393900871277
2014-01-07,0.8967000842094421
2014-01-08,0.891742467880249
2014-01-09,0.8890469670295715
2014-01-10,0.889758825302124
2014-01-13,0.9013068675994873
2014-01-14,0.9049773812294006
2014-01-15,0.8961375951766968
2014-01-16,0.8905512690544128
2014-01-17,0.8819897174835205
2014-01-20,0.8774238228797913
2014-01-21,0.8804367184638977
2014-01-22,0.8805918097496033
2014-01-23,0.8844861388206482
2014-01-24,0.8760402798652649
2014-01-27,0.8694896101951599
2014-01-28,0.8732098937034607
2014-01-29,0.8788118362426758
2014-01-30,0.8748906254768372
2014-01-31,0.8795848488807678
2014-02-03,0.87565678358078
2014-02-04,0.8750437498092651
2014-02-05,0.8914245367050171
2014-02-06,0.8928571343421936
2014-02-07,0.895014762878418
2014-02-10,0.894694447517395
2014-02-11,0.8945664167404175
2014-02-12,0.9021199941635132
2014-02-13,0.9024455547332764
2014-02-14,0.8982304930686951
2014-02-17,0.9059611558914185
2014-02-18,0.9039466977119446
2014-02-19,0.90203857421875
2014-02-20,0.8999280333518982
2014-02-21,0.9009820818901062
2014-02-24,0.8977466821670532
2014-02-25,0.9037505388259888
2014-02-26,0.9009820818901062
2014-02-27,0.8963786363601685
2014-02-28,0.8961697816848755
2014-03-03,0.8902341723442078
2014-03-04,0.8925384283065796
2014-03-05,0.8954154849052429
2014-03-06,0.8978192210197449
2014-03-07,0.9105809926986694
2014-03-10,0.9057971239089966
2014-03-11,0.9024455547332764
2014-03-12,0.8965393900871277
2014-03-13,0.8997660279273987
2014-03-14,0.9030161499977112
2014-03-17,0.9029345512390137
2014-03-18,0.9084302186965942
2014-03-19,0.9133254289627075
2014-03-20,0.9030161499977112
2014-03-21,0.9038322567939758
2014-03-24,0.9094216227531433
2014-03-25,0.9129918813705444
2014-03-26,0.9162543416023254
2014-03-27,0.9218289256095886
2014-03-28,0.9266981482505798
2014-03-31,0.9260116219520569
2014-04-01,0.9268699884414673
2014-04-02,0.9238728880882263
2014-04-03,0.924727201461792
2014-04-04,0.9232758283615112
2014-04-07,0.9290226101875305
2014-04-08,0.9266981482505798
2014-04-09,0.9351038336753845
2014-04-10,0.9378223419189453
2014-04-11,0.9397612810134888
2014-04-14,0.9385265111923218
2014-04-15,0.9411764740943909
2014-04-16,0.9343174695968628
2014-04-17,0.9373828172683716
2014-04-18,0.9330969452857971
2014-04-21,0.9333581924438477
2014-04-22,0.9337940216064453
2014-04-23,0.9370315074920654
2014-04-24,0.9288501143455505
2014-04-25,0.9270418286323547
2014-04-28,0.927385687828064
2014-04-29,0.925377607345581
2014-04-30,0.9274716973304749
2014-05-01,0.9283326864242554
2014-05-02,0.9276438355445862
2014-05-05,0.9275577664375305
2014-05-06,0.9282465577125549
2014-05-07,0.9351038336753845
2014-05-08,0.9324009418487549
2014-05-09,0.9369437098503113
2014-05-12,0.9360666275024414
2014-05-13,0.9360666275024414
2014-05-14,0.9365049004554749
2014-05-15,0.9371192455291748
2014-05-16,0.9358038306236267
2014-05-19,0.9367681741714478
2014-05-20,0.9334453344345093
2014-05-21,0.9234462380409241
2014-05-22,0.923616886138916
2014-05-23,0.9227646589279175
2014-05-26,0.924043595790863
2014-05-27,0.9256688356399536
2014-05-28,0.9265264272689819
2014-05-29,0.922934889793396
2014-05-30,0.9310986995697021
2014-06-02,0.9299730658531189
2014-06-03,0.9237021803855896
2014-06-04,0.9261832237243652
2014-06-05,0.927385687828064
2014-06-06,0.9326618909835815
2014-06-09,0.9335324764251709
2014-06-10,0.9344047904014587
2014-06-11,0.9372071027755737
2014-06-12,0.9381743669509888
2014-06-13,0.9425959587097168
2014-06-16,0.9391434788703918
2014-06-17,0.9394964575767517
2014-06-18,0.9337068200111389
2014-06-19,0.9400263428688049
2014-06-20,0.9400263428688049
2014-06-23,0.9387027025222778
2014-06-24,0.941974401473999
2014-06-25,0.9366803765296936
2014-06-26,0.9405568242073059
2014-06-27,0.9409107565879822
2014-06-30,0.9417082667350769
2014-07-01,0.9429514408111572
2014-07-02,0.9492168426513672
2014-07-03,0.9434852004051208
2014-07-04,0.935016393661499
2014-07-07,0.9360666275024414
2014-07-08,0.9372949600219727
2014-07-09,0.9410879015922546
2014-07-10,0.941974401473999
2014-07-11,0.9387027025222778
2014-07-14,0.9383503198623657
2014-07-15,0.9394081830978394
2014-07-16,0.9363296031951904
2014-07-17,0.9366803765296936
2014-07-18,0.9351038336753845
2014-07-21,0.9395847320556641
2014-07-22,0.9367681741714478
2014-07-23,0.9388790130615234
2014-07-24,0.9441087245941162
2014-07-25,0.9417082667350769
2014-07-28,0.9402031302452087
2014-07-29,0.9411764740943909
2014-07-30,0.9386146068572998
2014-07-31,0.9325748682022095
2014-08-01,0.9302325248718262
2014-08-04,0.9312721490859985
2014-08-05,0.9332711696624756
2014-08-06,0.9304922223091125
2014-08-07,0.9346667528152466
2014-08-08,0.9266122579574585
2014-08-11,0.9279019832611084
2014-08-12,0.9264406561851501
2014-08-13,0.9270418286323547
2014-08-14,0.9307520985603333
2014-08-15,0.9316191077232361
2014-08-18,0.9317059516906738
2014-08-19,0.9323139786720276
2014-08-20,0.9298000931739807
2014-08-21,0.9287638664245605
2014-08-22,0.93031907081604
2014-08-25,0.930059552192688
2014-08-26,0.9278159141540527
2014-08-27,0.9317059516906738
2014-08-28,0.9336196184158325
2014-08-29,0.9355412125587463
2014-09-01,0.933009922504425
2014-09-02,0.9335324764251709
2014-09-03,0.9279881119728088
2014-09-04,0.9339683651924133
2014-09-05,0.9336196184158325
2014-09-08,0.9363296031951904
2014-09-09,0.9278159141540527
2014-09-10,0.9207255244255066
2014-09-11,0.9156670570373535
2014-09-12,0.9099181294441223
2014-09-15,0.9014694094657898
2014-09-16,0.9036688804626465
2014-09-17,0.9085953235626221
2014-09-18,0.8958967924118042
2014-09-19,0.898311197757721
2014-09-22,0.894134521484375
2014-09-23,0.8877841234207153
2014-09-24,0.8855827450752258
2014-09-25,0.8859750032424927
2014-09-26,0.8805142045021057
2014-09-29,0.8735913038253784
2014-09-30,0.8716875910758972
2014-10-01,0.8737439513206482
2014-10-02,0.8746228218078613
2014-10-03,0.8795074820518494
2014-10-06,0.8663259148597717
2014-10-07,0.8769621849060059
2014-10-08,0.8810572624206543
2014-10-09,0.8839388489723206
2014-10-10,0.8762706518173218
2014-10-13,0.8678295612335205
2014-10-14,0.8755800724029541
2014-10-15,0.8709284067153931
2014-10-16,0.8792754411697388
2014-10-17,0.8771929740905762
2014-10-20,0.8758100867271423
2014-10-21,0.8778089880943298
2014-10-22,0.8771160244941711
2014-10-23,0.8767315745353699
2014-10-24,0.87565678358078
2014-10-27,0.8804367184638977
2014-10-28,0.8804367184638977
2014-10-29,0.8861320614814758
2014-10-30,0.8768084645271301
2014-10-31,0.8824567198753357
2014-11-03,0.8753501176834106
2014-11-04,0.8694896101951599
2014-11-05,0.8749672174453735
2014-11-06,0.8579272627830505
2014-11-07,0.8561643958091736
2014-11-10,0.8644536137580872
2014-11-11,0.8629617094993591
2014-11-12,0.8706251382827759
2014-11-13,0.8712319731712341
2014-11-14,0.8707236051559448
2014-11-17,0.8749672174453735
2014-11-18,0.870852530002594
2014-11-19,0.8709284067153931
2014-11-20,0.8601410388946533
2014-11-21,0.8623663187026978
2014-11-24,0.868206262588501
2014-11-25,0.8605111837387085
2014-11-26,0.8557248115539551
2014-11-27,0.8532422780990601
2014-11-28,0.8524422645568848
2014-12-01,0.8438106775283813
2014-12-02,0.8478168845176697
2014-12-03,0.846023678779602
2014-12-04,0.8401243686676025
2014-12-05,0.8386447429656982
2014-12-08,0.8309098482131958
2014-12-09,0.8300132751464844
2014-12-10,0.8300132751464844
2014-12-11,0.8334027528762817
2014-12-12,0.8248103260993958
2014-12-15,0.8209506869316101
2014-12-16,0.8216251730918884
2014-12-17,0.8225036859512329
2014-12-18,0.8125457167625427
2014-12-19,0.8173273205757141
2014-12-22,0.8149294853210449
2014-12-23,0.8122817277908325
2014-12-24,0.8109642267227173
2014-12-25,0.8116224408149719
2014-12-26,0.81089848279953
2014-12-29,0.8116224408149719
2014-12-30,0.8136696815490723
2014-12-31,0.818397581577301
2015-01-01,0.817126989364624
2015-01-02,0.8177952170372009
2015-01-05,0.8067768812179565
2015-01-06,0.8099789619445801
2015-01-07,0.8080155253410339
2015-01-08,0.8075587749481201
2015-01-09,0.8114249110221863
2015-01-12,0.8222332000732422
2015-01-13,0.8150623440742493
2015-01-14,0.8173941373825073
2015-01-15,0.8144648671150208
2015-01-16,0.8223684430122375
2015-01-19,0.8227066993713379
2015-01-20,0.8195378184318542
2015-01-21,0.8165265321731567
2015-01-22,0.8101101517677307
2015-01-23,0.801988959312439
2015-01-26,0.787587583065033
2015-01-27,0.7922046780586243
2015-01-28,0.7921419143676758
2015-01-29,0.7892659902572632
2015-01-30,0.7782101631164551
2015-02-02,0.7782101631164551
2015-02-03,0.7801529169082642
2015-02-04,0.7762769460678101
2015-02-05,0.7760962843894958
2015-02-06,0.7799704074859619
2015-02-09,0.7760962843894958
2015-02-10,0.7799095511436462
2015-02-11,0.7783918380737305
2015-02-12,0.7722604274749756
2015-02-13,0.7756748795509338
2015-02-16,0.7765783667564392
2015-02-17,0.7756748795509338
2015-02-18,0.78118896484375
2015-02-19,0.7808229923248291
2015-02-20,0.7795447707176208
2015-02-23,0.7846214175224304
2015-02-24,0.7799704074859619
2015-02-25,0.7833307385444641
2015-02-26,0.7883948683738708
2015-02-27,0.780579149723053
2015-03-02,0.7785736322402954
2015-03-03,0.7756748795509338
2015-03-04,0.7820442914962769
2015-03-05,0.7823501825332642
2015-03-06,0.7785130143165588
2015-03-09,0.7722604274749756
2015-03-10,0.7685213685035706
2015-03-11,0.7641754746437073
2015-03-12,0.7605719566345215
2015-03-13,0.770653486251831
2015-03-16,0.7616146206855774
2015-03-17,0.7644091248512268
2015-03-18,0.7623113393783569
2015-03-19,0.7778469324111938
2015-03-20,0.7658140659332275
2015-03-23,0.7783918380737305
2015-03-24,0.7875256538391113
2015-03-25,0.7862871289253235
2015-03-26,0.7830240726470947
2015-03-27,0.783392071723938
2015-03-30,0.773455023765564
2015-03-31,0.7658140659332275
2015-04-01,0.7613826394081116
2015-04-02,0.7606876492500305
2015-04-03,0.7582076191902161
2015-04-06,0.7644091248512268
2015-04-07,0.759013295173645
2015-04-08,0.7642922401428223
2015-04-09,0.7684623003005981
2015-04-10,0.7704160213470459
2015-04-13,0.7669299840927124
2015-04-14,0.7587253451347351
2015-04-15,0.761440634727478
2015-04-16,0.7678722143173218
2015-04-17,0.7789375185966492
2015-04-20,0.7809448838233948
2015-04-21,0.7722604274749756
2015-04-22,0.77154541015625
2015-04-23,0.7750135660171509
2015-04-24,0.7777259349822998
2015-04-27,0.7833307385444641
2015-04-28,0.7867201566696167
2015-04-29,0.7996801733970642
2015-04-30,0.7994883060455322
2015-05-01,0.7903263568878174
2015-05-04,0.7830240726470947
2015-05-05,0.7843137383460999
2015-05-06,0.7935248017311096
2015-05-07,0.7956715226173401
2015-05-08,0.7901390790939331
2015-05-11,0.7925814390182495
2015-05-12,0.7899518013000488
2015-05-13,0.7990411520004272
2015-05-14,0.8112932443618774
2015-05-15,0.8086689114570618
2015-05-18,0.8046994805335999
2015-05-19,0.7994883060455322
2015-05-20,0.7922046780586243
2015-05-21,0.7878358364105225
2015-05-22,0.7902015447616577
2015-05-25,0.78118896484375
2015-05-26,0.7827175855636597
2015-05-27,0.7744733095169067
2015-05-28,0.7735148668289185
2015-05-29,0.7658140659332275
2015-06-01,0.7645260095596313
2015-06-02,0.7614986300468445
2015-06-03,0.7763975262641907
2015-06-04,0.7774840593338013
2015-06-05,0.7688168287277222
2015-06-08,0.7621369957923889
2015-06-09,0.7688168287277222
2015-06-10,0.7691124677658081
2015-06-11,0.7731559872627258
2015-06-12,0.7748873829841614
2015-06-15,0.7730364799499512
2015-06-16,0.7757951617240906
2015-06-17,0.774713397026062
2015-06-18,0.7725587487220764
2015-06-19,0.7789981961250305
2015-06-22,0.7765783667564392
2015-06-23,0.7728572487831116
2015-06-24,0.7742335200309753
2015-06-25,0.7709506154060364
2015-06-26,0.7733952403068542
2015-06-29,0.7626601457595825
2015-06-30,0.767283022403717
2015-07-01,0.7694082856178284
2015-07-02,0.7641754746437073
2015-07-03,0.7638835906982422
2015-07-06,0.7484470009803772
2015-07-07,0.7478815913200378
2015-07-08,0.7458233833312988
2015-07-09,0.742225170135498
2015-07-10,0.7461016178131104
2015-07-13,0.7425007820129395
2015-07-14,0.7394808530807495
2015-07-15,0.7446016073226929
2015-07-16,0.7373543977737427
2015-07-17,0.7415096759796143
2015-07-20,0.7369197010993958
2015-07-21,0.7375501990318298
2015-07-22,0.7425007820129395
2015-07-23,0.7375174760818481
2015-07-24,0.7356186509132385
2015-07-27,0.7275902032852173
2015-07-28,0.7275902032852173
2015-07-29,0.7346999049186707
2015-07-30,0.7298737168312073
2015-07-31,0.7294477820396423
2015-08-03,0.7299802899360657
2015-08-04,0.7275902032852173
2015-08-05,0.737626314163208
2015-08-06,0.7352941036224365
2015-08-07,0.7345379590988159
2015-08-10,0.7401924729347229
2015-08-11,0.7413997650146484
2015-08-12,0.7310475707054138
2015-08-13,0.7381163239479065
2015-08-14,0.7375174760818481
2015-08-17,0.7369197010993958
2015-08-18,0.7370826601982117
2015-08-19,0.7339987754821777
2015-08-20,0.7354563474655151
2015-08-21,0.7337295413017273
2015-08-24,0.7258474230766296
2015-08-25,0.7172057628631592
2015-08-26,0.7105300426483154
2015-08-27,0.7124537229537964
2015-08-28,0.7174115777015686
2015-08-31,0.7140816450119019
2015-09-01,0.7109341621398926
2015-09-02,0.7009181976318359
2015-09-03,0.7047216296195984
2015-09-04,0.7019021511077881
2015-09-07,0.6935774683952332
2015-09-08,0.6946374177932739
2015-09-09,0.7037792801856995
2015-09-10,0.6965728402137756
2015-09-11,0.7071135640144348
2015-09-14,0.7099751830101013
2015-09-15,0.7160758972167969
2015-09-16,0.7128092050552368
2015-09-17,0.7199942469596863
2015-09-18,0.7189072370529175
2015-09-21,0.7190106511116028
2015-09-22,0.7130124568939209
2015-09-23,0.7079144716262817
2015-09-24,0.6998880505561829
2015-09-25,0.7011638879776001
2015-09-28,0.7020993232727051
2015-09-29,0.6972042322158813
2015-09-30,0.7003781795501709
2015-10-01,0.7010164856910706
2015-10-02,0.7036802172660828
2015-10-05,0.704820990562439
2015-10-06,0.708817720413208
2015-10-07,0.7159220576286316
2015-10-08,0.7194762229919434
2015-10-09,0.7267441749572754
2015-10-12,0.7314754128456116
2015-10-13,0.7344300746917725
2015-10-14,0.7222824096679688
2015-10-15,0.7320108413696289
2015-10-16,0.7329228520393372
2015-10-19,0.726005494594574
2015-10-20,0.7256367206573486
2015-10-21,0.7267441749572754
2015-10-22,0.7215527892112732
2015-10-23,0.721188485622406
2015-10-26,0.7223867774009705
2015-10-27,0.7251105904579163
2015-10-28,0.7192692160606384
2015-10-29,0.7100759744644165
2015-10-30,0.7090187072753906
2015-11-02,0.7137249112129211
2015-11-03,0.7159220576286316
2015-11-04,0.7191140651702881
2015-11-05,0.71387779712677
2015-11-06,0.714796245098114
2015-11-09,0.7038784027099609
2015-11-10,0.7051191329956055
2015-11-11,0.7046719789505005
2015-11-12,0.7071135640144348
2015-11-13,0.7137249112129211
2015-11-16,0.7105805277824402
2015-11-17,0.7095217704772949
2015-11-18,0.7113893628120422
2015-11-19,0.7117944359779358
2015-11-20,0.7191658020019531
2015-11-23,0.7229090332984924
2015-11-24,0.7189072370529175
2015-11-25,0.7257947325706482
2015-11-26,0.725584089756012
2015-11-27,0.7219173908233643
2015-11-30,0.7183908224105835
2015-12-01,0.7232750058174133
2015-12-02,0.7323324680328369
2015-12-03,0.7303001284599304
2015-12-04,0.7329766154289246
2015-12-07,0.7342144250869751
2015-12-08,0.7259001135826111
2015-12-09,0.7225067615509033
2015-12-10,0.7235366702079773
2015-12-11,0.727219820022583
2015-12-14,0.7164863348007202
2015-12-15,0.7254788279533386
2015-12-16,0.7203054428100586
2015-12-17,0.7208765745162964
2015-12-18,0.7128092050552368
2015-12-21,0.7166917324066162
2015-12-22,0.7199942469596863
2015-12-23,0.7232226729393005
2015-12-24,0.7233796119689941
2015-12-25,0.727219820022583
2015-12-28,0.7282790541648865
2015-12-29,0.7257947325706482
2015-12-30,0.7290754914283752
2015-12-31,0.7284913063049316
2016-01-01,0.7271669507026672
2016-01-04,0.7287036180496216
2016-01-05,0.7185972929000854
2016-01-06,0.7162810564041138
2016-01-07,0.708014726638794
2016-01-08,0.7018036246299744
2016-01-11,0.6942998170852661
2016-01-12,0.6987143754959106
2016-01-13,0.6987143754959106
2016-01-14,0.6935774683952332
2016-01-15,0.6996921300888062
2016-01-18,0.6861063838005066
2016-01-19,0.6878998875617981
2016-01-20,0.6917064189910889
2016-01-21,0.6937218308448792
2016-01-22,0.7016066908836365
2016-01-25,0.7004027366638184
2016-01-26,0.6939143538475037
2016-01-27,0.700721800327301
2016-01-28,0.7016066908836365
2016-01-29,0.7086167335510254
2016-02-01,0.7068636417388916
2016-02-02,0.711085855960846
2016-02-03,0.7029876708984375
2016-02-04,0.7154611349105835
2016-02-05,0.7199423909187317
2016-02-08,0.7086167335510254
2016-02-09,0.7079144716262817
2016-02-10,0.7067137956619263
2016-02-11,0.7103786468505859
2016-02-12,0.7124029397964478
2016-02-15,0.7116931080818176
2016-02-16,0.714796245098114
2016-02-17,0.7119971513748169
2016-02-18,0.7176175117492676
2016-02-19,0.7150007486343384
2016-02-22,0.7142857313156128
2016-02-23,0.7234842777252197
2016-02-24,0.7195797562599182
2016-02-25,0.7194762229919434
2016-02-26,0.7235890030860901
2016-02-29,0.7128092050552368
2016-03-01,0.7142857313156128
2016-03-02,0.7181844115257263
2016-03-03,0.7288098335266113
2016-03-04,0.7357810139656067
2016-03-07,0.7411414980888367
2016-03-08,0.7458233833312988
2016-03-09,0.7433839440345764
2016-03-10,0.7471049427986145
2016-03-11,0.7462129592895508
2016-03-14,0.756315290927887
2016-03-15,0.7521058917045593
2016-03-16,0.746324360370636
2016-03-17,0.7547169327735901
2016-03-18,0.7649939060211182
2016-03-21,0.7597629427909851
2016-03-22,0.7571741938591003
2016-03-23,0.7620208859443665
2016-03-24,0.7533524632453918
2016-03-25,0.7526719570159912
2016-03-28,0.7505817413330078
2016-03-29,0.7556865215301514
2016-03-30,0.7640002965927124
2016-03-31,0.7661073803901672
2016-04-01,0.7669888138771057
2016-04-04,0.7668711543083191
2016-04-05,0.7599939703941345
2016-04-06,0.7546030879020691
2016-04-07,0.7612088322639465
2016-04-08,0.7513712644577026
2016-04-11,0.7564868927001953
2016-04-12,0.7594744563102722
2016-04-13,0.7685213685035706
2016-04-14,0.7662248611450195
2016-04-15,0.7695859670639038
2016-04-18,0.7640002965927124
2016-04-19,0.7771215438842773
2016-04-20,0.7796663045883179
2016-04-21,0.7802137732505798
2016-04-22,0.7742934823036194
2016-04-25,0.7710813879966736
2016-04-26,0.7717240452766418
2016-04-27,0.7747734189033508
2016-04-28,0.7603984475135803
2016-04-29,0.7634170055389404
2016-05-02,0.7617306113243103
2016-05-03,0.7663775086402893
2016-05-04,0.7499625086784363
2016-05-05,0.7467144727706909
2016-05-06,0.7476076483726501
2016-05-09,0.737626314163208
2016-05-10,0.731689453125
2016-05-11,0.7373000383377075
2016-05-12,0.7357810139656067
2016-05-13,0.7317965626716614
2016-05-16,0.7274843454360962
2016-05-17,0.7288098335266113
2016-05-18,0.731368362903595
2016-05-19,0.7226999998092651
2016-05-20,0.7232226729393005
2016-05-23,0.7228044867515564
2016-05-24,0.7223867774009705
2016-05-25,0.719062328338623
2016-05-26,0.7186489701271057
2016-05-27,0.7225955128669739
2016-05-30,0.7184939980506897
2016-05-31,0.7195797562599182
2016-06-01,0.7236937284469604
2016-06-02,0.7250054478645325
2016-06-03,0.7231180667877197
2016-06-06,0.7346999049186707
2016-06-07,0.7373543977737427
2016-06-08,0.7446016073226929
2016-06-09,0.7496814131736755
2016-06-10,0.7416747212409973
2016-06-13,0.7374087572097778
2016-06-14,0.7381163239479065
2016-06-15,0.7356186509132385
2016-06-16,0.7416197061538696
2016-06-17,0.7387160658836365
2016-06-20,0.7431076765060425
2016-06-21,0.7461016178131104
2016-06-22,0.7453786730766296
2016-06-23,0.7514277100563049
2016-06-24,0.7535226941108704
2016-06-27,0.7431076765060425
2016-06-28,0.7357268929481506
2016-06-29,0.7405213713645935
2016-06-30,0.7469933032989502
2016-07-01,0.7448789477348328
2016-07-04,0.7463800311088562
2016-07-05,0.7530120611190796
2016-07-06,0.7443799376487732
2016-07-07,0.7518796920776367
2016-07-08,0.7494004368782043
2016-07-11,0.7559149861335754
2016-07-12,0.7538067698478699
2016-07-13,0.7605719566345215
2016-07-14,0.7596474885940552
2016-07-15,0.7614986300468445
2016-07-18,0.759013295173645
2016-07-19,0.7575184106826782
2016-07-20,0.750750720500946
2016-07-21,0.747160792350769
2016-07-22,0.7506943941116333
2016-07-25,0.7476076483726501
2016-07-26,0.7476076483726501
2016-07-27,0.7516536712646484
2016-07-28,0.7517440319061279
2016-07-29,0.751258373260498
2016-08-01,0.7587829232215881
2016-08-02,0.7528419494628906
2016-08-03,0.7599939703941345
2016-08-04,0.759013295173645
2016-08-05,0.7640002965927124
2016-08-08,0.7611798048019409
2016-08-09,0.7660487294197083
2016-08-10,0.7664597034454346
2016-08-11,0.77154541015625
2016-08-12,0.7695859670639038
2016-08-15,0.7656381726264954
2016-08-16,0.7676364183425903
2016-08-17,0.7700778245925903
2016-08-18,0.766400933265686
2016-08-19,0.7678722143173218
2016-08-22,0.7608034610748291
2016-08-23,0.7630093097686768
2016-08-24,0.7613826394081116
2016-08-25,0.7610350251197815
2016-08-26,0.7624857425689697
2016-08-29,0.7544322609901428
2016-08-30,0.7577479481697083
2016-08-31,0.7524454593658447
2016-09-01,0.7519927620887756
2016-09-02,0.7552869915962219
2016-09-05,0.7564868927001953
2016-09-06,0.7593014240264893
2016-09-07,0.7688168287277222
2016-09-08,0.7669299840927124
2016-09-09,0.7650523781776428
2016-09-12,0.7544892430305481
2016-09-13,0.7567158937454224
2016-09-14,0.7469375729560852
2016-09-15,0.7482229471206665
2016-09-16,0.7513148188591003
2016-09-19,0.7501875758171082
2016-09-20,0.7537499070167542
2016-09-21,0.7558007836341858
2016-09-22,0.763242244720459
2016-09-23,0.7649353742599487
2016-09-26,0.7616146206855774
2016-09-27,0.763382077217102
2016-09-28,0.7669888138771057
2016-09-29,0.7694082856178284
2016-09-30,0.7628347277641296
2016-10-03,0.7644091248512268
2016-10-04,0.7686395049095154
2016-10-05,0.7610929608345032
2016-10-06,0.7623694539070129
2016-10-07,0.7578054070472717
2016-10-10,0.7599939703941345
2016-10-11,0.7599939703941345
2016-10-12,0.7562580704689026
2016-10-13,0.7558007836341858
2016-10-14,0.7563723921775818
2016-10-17,0.7596474885940552
2016-10-18,0.7640587091445923
2016-10-19,0.7674597501754761
2016-10-20,0.7726184129714966
2016-10-21,0.7633005380630493
2016-10-24,0.7602249979972839
2016-10-25,0.7594167590141296
2016-10-26,0.7650523781776428
2016-10-27,0.7649939060211182
2016-10-28,0.759013295173645
2016-10-31,0.7598206996917725
2016-11-01,0.7607455253601074
2016-11-02,0.7645260095596313
2016-11-03,0.7653451561927795
2016-11-04,0.768580436706543
2016-11-07,0.7678722143173218
2016-11-08,0.7720219492912292
2016-11-09,0.7745933532714844
2016-11-10,0.7649353742599487
2016-11-11,0.760861337184906
2016-11-14,0.754944920539856
2016-11-15,0.7571169137954712
2016-11-16,0.7553440928459167
2016-11-17,0.7494566440582275
2016-11-18,0.7398091554641724
2016-11-21,0.7323324680328369
2016-11-22,0.7376807332038879
2016-11-23,0.7410151958465576
2016-11-24,0.7374631762504578
2016-11-25,0.7416747212409973
2016-11-28,0.7445462346076965
2016-11-29,0.7494566440582275
2016-11-30,0.7484470009803772
2016-12-01,0.7388798594474792
2016-12-02,0.7421150207519531
2016-12-05,0.7443799376487732
2016-12-06,0.747439980506897
2016-12-07,0.7472166419029236
2016-12-08,0.748615026473999
2016-12-09,0.7459513545036316
2016-12-12,0.7448234558105469
2016-12-13,0.7497376203536987
2016-12-14,0.7494566440582275
2016-12-15,0.7410700917243958
2016-12-16,0.7368110418319702
2016-12-19,0.7291286587715149
2016-12-20,0.7251105904579163
2016-12-21,0.7269555330276489
2016-12-22,0.7235366702079773
2016-12-23,0.7221781015396118
2016-12-26,0.7179266214370728
2016-12-27,0.7180812358856201
2016-12-28,0.7191140651702881
2016-12-29,0.7184939980506897
2016-12-30,0.7234842777252197
2017-01-02,0.7209805250167847
2017-01-03,0.7196833491325378
2017-01-04,0.7229925990104675
2017-01-05,0.7287036180496216
2017-01-06,0.7338372468948364
2017-01-09,0.7312079668045044
2017-01-10,0.7359976172447205
2017-01-11,0.7361602187156677
2017-01-12,0.7447125315666199
2017-01-13,0.7488393187522888
2017-01-16,0.7497938275337219
2017-01-17,0.7473283410072327
2017-01-18,0.7550702691078186
2017-01-19,0.7509198784828186
2017-01-20,0.7566586136817932
2017-01-23,0.7573462724685669
2017-01-24,0.7582650780677795
2017-01-25,0.7592437863349915
2017-01-26,0.7574036121368408
2017-01-27,0.7533524632453918
2017-01-30,0.7553611993789673
2017-01-31,0.7565441131591797
2017-02-01,0.7580351233482361
2017-02-02,0.7583800554275513
2017-02-03,0.7654623985290527
2017-02-06,0.7676010727882385
2017-02-07,0.764584481716156
2017-02-08,0.7622532248497009
2017-02-09,0.7631723284721375
2017-02-10,0.7625904083251953
2017-02-13,0.7670122981071472
2017-02-14,0.7642396688461304
2017-02-15,0.7669299840927124
2017-02-16,0.7721471190452576
2017-02-17,0.7698229551315308
2017-02-20,0.7668006420135498
2017-02-21,0.7688758969306946
2017-02-22,0.7676364183425903
2017-02-23,0.7697044014930725
2017-02-24,0.7713074088096619
2017-02-27,0.767047643661499
2017-02-28,0.7676364183425903
2017-03-01,0.7642280459403992
2017-03-02,0.7657554149627686
2017-03-03,0.7572315335273743
2017-03-06,0.7594744563102722
2017-03-07,0.7589211463928223
2017-03-08,0.7594974637031555
2017-03-09,0.7528986930847168
2017-03-10,0.750750720500946
2017-03-13,0.7543753385543823
2017-03-14,0.7566586136817932
2017-03-15,0.7565498352050781
2017-03-16,0.7705941200256348
2017-03-17,0.7669888138771057
2017-03-20,0.7704753875732422
2017-03-21,0.7730364799499512
2017-03-22,0.7674126029014587
2017-03-23,0.7669417858123779
2017-03-24,0.7634170055389404
2017-03-27,0.7633005380630493
2017-03-28,0.7628929018974304
2017-03-29,0.7652397751808167
2017-03-30,0.767047643661499
2017-03-31,0.7655209302902222
2017-04-03,0.7629918456077576
2017-04-04,0.7605140805244446
2017-04-05,0.756887674331665
2017-04-06,0.7567788362503052
2017-04-07,0.7541478276252747
2017-04-10,0.7507225871086121
2017-04-11,0.7506943941116333
2017-04-12,0.7503620386123657
2017-04-13,0.7539090514183044
2017-04-14,0.7566013336181641
2017-04-17,0.7580926418304443
2017-04-18,0.7591862082481384
2017-04-19,0.7559149861335754
2017-04-20,0.7496252059936523
2017-04-21,0.751908004283905
2017-04-24,0.7555723190307617
2017-04-25,0.755972146987915
2017-04-26,0.7536931037902832
2017-04-27,0.7480326294898987
2017-04-28,0.746720016002655
2017-05-01,0.7483405470848083
2017-05-02,0.753409206867218
2017-05-03,0.7543184757232666
2017-05-04,0.7428869009017944
2017-05-05,0.7412348985671997
2017-05-08,0.7415812015533447
2017-05-09,0.7388798594474792
2017-05-10,0.7342413067817688
2017-05-11,0.7361059784889221
2017-05-12,0.7378984093666077
2017-05-15,0.7392895221710205
2017-05-16,0.7420544624328613
2017-05-17,0.7421150207519531
2017-05-18,0.7431076765060425
2017-05-19,0.742225170135498
2017-05-22,0.7452120184898376
2017-05-23,0.7471049427986145
2017-05-24,0.747160792350769
2017-05-25,0.7497488260269165
2017-05-26,0.7456009387969971
2017-05-29,0.7444353699684143
2017-05-30,0.7438815832138062
2017-05-31,0.7459346652030945
2017-06-01,0.7426661252975464
2017-06-02,0.7379528880119324
2017-06-05,0.7428702712059021
2017-06-06,0.7487271428108215
2017-06-07,0.7509763240814209
2017-06-08,0.7542046904563904
2017-06-09,0.7528306245803833
2017-06-12,0.7530120611190796
2017-06-13,0.7547739148139954
2017-06-14,0.7538067698478699
2017-06-15,0.7588980793952942
2017-06-16,0.7585526704788208
2017-06-19,0.7621369957923889
2017-06-20,0.7591918706893921
2017-06-21,0.7576102018356323
2017-06-22,0.7550873756408691
2017-06-23,0.7541478276252747
2017-06-26,0.7567674517631531
2017-06-27,0.7584375739097595
2017-06-28,0.7586677670478821
2017-06-29,0.7635919451713562
2017-06-30,0.7685213685035706
2017-07-03,0.7688285708427429
2017-07-04,0.7666183710098267
2017-07-05,0.7612088322639465
2017-07-06,0.7600921392440796
2017-07-07,0.7579776644706726
2017-07-10,0.7605140805244446
2017-07-12,0.7639011144638062
2017-07-13,0.7679194211959839
2017-07-14,0.774053692817688
2017-07-17,0.7825216054916382
2017-07-18,0.7791013717651367
2017-07-19,0.7918283343315125
2017-07-20,0.7960199117660522
2017-07-21,0.7947861552238464
2017-07-24,0.7925311923027039
2017-07-25,0.7927699685096741
2017-07-26,0.7932730913162231
2017-07-27,0.8000128269195557
2017-07-28,0.7973591089248657
2017-07-31,0.7985944747924805
2017-08-01,0.7998719811439514
2017-08-02,0.7956082820892334
2017-08-03,0.7955195903778076
2017-08-04,0.7959882616996765
2017-08-07,0.7930842638015747
2017-08-08,0.791671633720398
2017-08-09,0.7898269891738892
2017-08-10,0.7891601324081421
2017-08-11,0.7866582870483398
2017-08-14,0.7904075980186462
2017-08-15,0.7853608131408691
2017-08-16,0.7825950980186462
2017-08-17,0.7932101488113403
2017-08-18,0.7875256538391113
2017-08-21,0.7927510738372803
2017-08-22,0.79377681016922
2017-08-23,0.7913270592689514
2017-08-24,0.79107666015625
2017-08-25,0.7900142073631287
2017-08-28,0.794060468673706
2017-08-29,0.7924558520317078
2017-08-30,0.7956715226173401
2017-08-31,0.7907013297080994
2017-09-01,0.7939658164978027
2017-09-04,0.796470046043396
2017-09-05,0.7945336103439331
2017-09-06,0.8006982207298279
2017-09-07,0.8010895252227783
2017-09-08,0.8058017492294312
2017-09-11,0.8051530122756958
2017-09-12,0.8023750185966492
2017-09-13,0.8020082116127014
2017-09-14,0.797957181930542
2017-09-15,0.8001792430877686
2017-09-18,0.7996801733970642
2017-09-19,0.7971112728118896
2017-09-20,0.8005764484405518
2017-09-21,0.8016674518585205
2017-09-22,0.7930591702461243
2017-09-25,0.7964954376220703
2017-09-26,0.7936822772026062
2017-09-27,0.7877613306045532
2017-09-28,0.785071074962616
2017-09-29,0.7846275568008423
2017-10-02,0.7845598459243774
2017-10-03,0.7827175855636597
2017-10-04,0.783631443977356
2017-10-05,0.7861697673797607
2017-10-06,0.7790589332580566
2017-10-09,0.7779377102851868
2017-10-10,0.7759155631065369
2017-10-11,0.7786524295806885
2017-10-12,0.7804573774337769
2017-10-13,0.7827788591384888
2017-10-16,0.7885688543319702
2017-10-17,0.7844183444976807
2017-10-18,0.7851697206497192
2017-10-19,0.7842522263526917
2017-10-20,0.7875069975852966
2017-10-23,0.7807010412216187
2017-10-24,0.78125
2017-10-25,0.7775444984436035
2017-10-26,0.770790159702301
2017-10-27,0.7659724950790405
2017-10-30,0.7668123245239258
2017-10-31,0.7697636485099792
2017-11-01,0.7659900188446045
2017-11-02,0.7676953673362732
2017-11-03,0.7713906764984131
2017-11-06,0.7651694416999817
2017-11-07,0.768994152545929
2017-11-08,0.7655092477798462
2017-11-09,0.7678722143173218
2017-11-10,0.7682615518569946
2017-11-13,0.7647013664245605
2017-11-14,0.7614986300468445
2017-11-15,0.7631257772445679
2017-11-17,0.7587311267852783
2017-11-20,0.7554011344909668
2017-11-21,0.7555723190307617
2017-11-22,0.7584893703460693
2017-11-23,0.7613826394081116
2017-11-24,0.7625671029090881
2017-11-27,0.7611972093582153
2017-11-28,0.7607165575027466
2017-11-29,0.7605488300323486
2017-11-30,0.7566586136817932
2017-12-01,0.7563438415527344
2017-12-04,0.759013295173645
2017-12-05,0.7604100108146667
2017-12-06,0.7604620456695557
2017-12-07,0.7566872239112854
2017-12-08,0.7512019276618958
2017-12-11,0.7508071064949036
2017-12-12,0.7529497146606445
2017-12-13,0.7556580305099487
2017-12-14,0.7633005380630493
2017-12-15,0.7665008306503296
2017-12-18,0.7651109099388123
2017-12-19,0.7665772438049316
2017-12-20,0.7653451561927795
2017-12-21,0.767224133014679
2017-12-22,0.7707723379135132
2017-12-25,0.7714858651161194
2017-12-26,0.7725587487220764
2017-12-27,0.7730425000190735
2017-12-28,0.7774840593338013
2017-12-29,0.7794293165206909
2018-01-01,0.7802137732505798
2018-01-02,0.7801042199134827
2018-01-03,0.783392071723938
2018-01-04,0.7828401327133179
2018-01-05,0.7863799333572388
2018-01-08,0.786101758480072
2018-01-09,0.7848061919212341
2018-01-10,0.7810669541358948
2018-01-11,0.7847322225570679
2018-01-12,0.7885813117027283
2018-01-15,0.7908889651298523
2018-01-16,0.7962924242019653
2018-01-17,0.797130286693573
2018-01-18,0.7972510457038879
2018-01-19,0.8005764484405518
2018-01-22,0.8002112507820129
2018-01-23,0.8008328676223755
2018-01-24,0.8004482388496399
2018-01-25,0.8048937320709229
2018-01-26,0.8029226064682007
2018-01-29,0.8116883039474487
2018-01-30,0.8095985651016235
2018-01-31,0.8101101517677307
2018-02-01,0.806126594543457
2018-02-02,0.8040524125099182
2018-02-05,0.7906388640403748
2018-02-06,0.7874636054039001
2018-02-07,0.7893905639648438
2018-02-08,0.7817386388778687
2018-02-09,0.7787495255470276
2018-02-12,0.7820197939872742
2018-02-13,0.7859163880348206
2018-02-14,0.786101758480072
2018-02-15,0.7928327918052673
2018-02-16,0.7943821549415588
2018-02-19,0.7912018299102783
2018-02-20,0.7908889651298523
2018-02-21,0.7880903482437134
2018-02-22,0.7798426151275635
2018-02-23,0.7839509844779968
2018-02-26,0.7838403582572937
2018-02-27,0.7849909663200378
2018-02-28,0.7793624997138977
2018-03-01,0.7765783667564392
2018-03-02,0.776469886302948
2018-03-05,0.7754703164100647
2018-03-06,0.7766990065574646
2018-03-07,0.7786343097686768
2018-03-08,0.7827115058898926
2018-03-09,0.7790589332580566
2018-03-12,0.7862686514854431
2018-03-13,0.7872899770736694
2018-03-14,0.7857990264892578
2018-03-15,0.7879785895347595
2018-03-16,0.7789375185966492
2018-03-19,0.7716049551963806
2018-03-20,0.7708317637443542
2018-03-21,0.7690532803535461
2018-03-22,0.777478039264679
2018-03-23,0.7693490982055664
2018-03-26,0.7708614468574524
2018-03-27,0.7756146788597107
2018-03-28,0.768757700920105
2018-03-29,0.766007661819458
2018-03-30,0.768580436706543
2018-04-02,0.768302857875824
2018-04-03,0.7654623985290527
2018-04-04,0.768202543258667
2018-04-05,0.7719981074333191
2018-04-06,0.7668300271034241
2018-04-09,0.768226146697998
2018-04-10,0.7699592709541321
2018-04-11,0.7763975262641907
2018-04-12,0.7765181064605713
2018-04-13,0.7757349610328674
2018-04-16,0.7774477601051331
2018-04-17,0.7772907018661499
2018-04-18,0.7766990065574646
2018-04-19,0.778889000415802
2018-04-20,0.7723379135131836
2018-04-23,0.7659900188446045
2018-04-24,0.7603406310081482
2018-04-25,0.7606297731399536
2018-04-26,0.7571169137954712
2018-04-27,0.7556865215301514
2018-04-30,0.7575184106826782
2018-05-01,0.7532389163970947
2018-05-02,0.7482901811599731
2018-05-03,0.7486711144447327
2018-05-04,0.7528419494628906
2018-05-07,0.7524227499961853
2018-05-08,0.7518796920776367
2018-05-09,0.7449344992637634
2018-05-10,0.7459346652030945
2018-05-11,0.7526153922080994
2018-05-14,0.7551102638244629
2018-05-15,0.7525983452796936
2018-05-16,0.7468482851982117
2018-05-17,0.7517666816711426
2018-05-18,0.7506380081176758
2018-05-21,0.752428412437439
2018-05-22,0.7582650780677795
2018-05-23,0.7578915357589722
2018-05-24,0.7567158937454224
2018-05-25,0.7571971416473389
2018-05-28,0.7556865215301514
2018-05-29,0.7547739148139954
2018-05-30,0.7481670379638672
2018-05-31,0.7571169137954712
2018-06-01,0.7562122941017151
2018-06-04,0.7568819522857666
2018-06-05,0.7654037475585938
2018-06-06,0.7624624371528625
2018-06-07,0.7665772438049316
2018-06-08,0.761440634727478
2018-06-11,0.7601903676986694
2018-06-12,0.7604620456695557
2018-06-13,0.7575757503509521
2018-06-14,0.7570710182189941
2018-06-15,0.7465472221374512
2018-06-18,0.743992269039154
2018-06-19,0.7403568625450134
2018-06-20,0.738825261592865
2018-06-21,0.7374087572097778
2018-06-22,0.7378984093666077
2018-06-25,0.743837296962738
2018-06-26,0.7409602999687195
2018-06-27,0.7391692996025085
2018-06-28,0.7343222498893738
2018-06-29,0.7346459031105042
2018-07-02,0.7398638129234314
2018-07-03,0.7338911294937134
2018-07-04,0.7378440499305725
2018-07-05,0.7381708025932312
2018-07-06,0.738661527633667
2018-07-09,0.7436326146125793
2018-07-10,0.7470491528511047
2018-07-11,0.7413997650146484
2018-07-12,0.7365885972976685
2018-07-13,0.7406858801841736
2018-07-16,0.7421150207519531
2018-07-17,0.7414712309837341
2018-07-18,0.7377406358718872
2018-07-19,0.7398912310600281
2018-07-20,0.7362794280052185
2018-07-23,0.7433009743690491
2018-07-24,0.7380073666572571
2018-07-25,0.7426220178604126
2018-07-26,0.7459402084350586
2018-07-27,0.7380073666572571
2018-07-30,0.7400829195976257
2018-07-31,0.7407297492027283
2018-08-01,0.7419498562812805
2018-08-02,0.7405816912651062
2018-08-03,0.7360084652900696
2018-08-06,0.7395902872085571
2018-08-07,0.738552451133728
2018-08-08,0.7424456477165222
2018-08-09,0.7427765130996704
2018-08-10,0.7372456192970276
2018-08-13,0.7288098335266113
2018-08-14,0.7267969846725464
2018-08-15,0.7235890030860901
2018-08-16,0.7233691811561584
2018-08-17,0.7259528040885925
2018-08-20,0.7308178544044495
2018-08-21,0.7336488366127014
2018-08-22,0.7359814047813416
2018-08-23,0.7332990765571594
2018-08-24,0.7243227958679199
2018-08-27,0.7344084978103638
2018-08-28,0.7348618507385254
2018-08-29,0.7341066002845764
2018-08-30,0.7311919331550598
2018-08-31,0.7261636853218079
2018-09-03,0.7193209528923035
2018-09-04,0.7208245992660522
2018-09-05,0.718339204788208
2018-09-06,0.719610869884491
2018-09-07,0.719062328338623
2018-09-10,0.7117944359779358
2018-09-11,0.7109847068786621
2018-09-12,0.7110706567764282
2018-09-13,0.7170617580413818
2018-09-14,0.7188039422035217
2018-09-17,0.7145919799804688
2018-09-18,0.7145919799804688
2018-09-19,0.7226007580757141
2018-09-20,0.7259528040885925
2018-09-21,0.7286505103111267
2018-09-24,0.7278549671173096
2018-09-25,0.7253209352493286
2018-09-26,0.7249003052711487
2018-09-27,0.725789487361908
2018-09-28,0.7205129861831665
2018-10-01,0.7223920226097107
2018-10-02,0.7228567600250244
2018-10-03,0.7187522649765015
2018-10-04,0.7096225023269653
2018-10-05,0.7080999612808228
2018-10-08,0.7052882313728333
2018-10-09,0.7073636651039124
2018-10-10,0.7114905714988708
2018-10-11,0.7064142823219299
2018-10-12,0.7124537229537964
2018-10-15,0.710782527923584
2018-10-16,0.713541567325592
2018-10-17,0.7139134407043457
2018-10-18,0.7111009955406189
2018-10-19,0.709723174571991
2018-10-22,0.7113286256790161
2018-10-23,0.7072685956954956
2018-10-24,0.7091192603111267
2018-10-25,0.7062994837760925
2018-10-26,0.7081149816513062
2018-10-29,0.709773600101471
2018-10-30,0.7063294053077698
2018-10-31,0.7099247574806213
2018-11-01,0.7083156108856201
2018-11-02,0.7205129861831665
2018-11-05,0.7198283672332764
2018-11-06,0.7212925553321838
2018-11-07,0.7243595123291016
2018-11-08,0.7275902032852173
2018-11-09,0.7266808152198792
2018-11-12,0.7226999998092651
2018-11-13,0.7175660133361816
2018-11-14,0.7231390476226807
2018-11-15,0.7234842777252197
2018-11-16,0.7271669507026672
2018-11-19,0.7317965626716614
2018-11-20,0.7295010089874268
2018-11-21,0.7216569185256958
2018-11-22,0.7262164354324341
2018-11-23,0.725021243095398
2018-11-26,0.7233796119689941
2018-11-27,0.7223502397537231
2018-11-28,0.7229612469673157
2018-11-29,0.7302521467208862
2018-11-30,0.7321876883506775
2018-12-03,0.7373108863830566
2018-12-04,0.7356890439987183
2018-12-05,0.7345919609069824
2018-12-06,0.7266386151313782
2018-12-07,0.7231180667877197
2018-12-10,0.7184939980506897
2018-12-11,0.7190985083580017
2018-12-12,0.7212925553321838
2018-12-13,0.7221259474754333
2018-12-14,0.7224911451339722
2018-12-17,0.7175660133361816
2018-12-18,0.7177205085754395
2018-12-19,0.7188039422035217
2018-12-20,0.7113893628120422
2018-12-21,0.7115918397903442
2018-12-24,0.7050197124481201
2018-12-25,0.7052186131477356
2018-12-26,0.7046124339103699
2018-12-27,0.7074787616729736
2018-12-28,0.7035317420959473
2018-12-31,0.7044734358787537
2019-01-01,0.7041757702827454
2019-01-02,0.7047911882400513
2019-01-03,0.6918978691101074
2019-01-04,0.7006235718727112
2019-01-07,0.7123776078224182
2019-01-08,0.7145919799804688
2019-01-09,0.7163323760032654
2019-01-10,0.7175660133361816
2019-01-11,0.7187005877494812
2019-01-14,0.7205129861831665
2019-01-15,0.7199423909187317
2019-01-16,0.7207674384117126
2019-01-17,0.7173087000846863
2019-01-18,0.7190313339233398
2019-01-21,0.716383695602417
2019-01-22,0.7158913612365723
2019-01-23,0.7122101187705994
2019-01-24,0.714796245098114
2019-01-25,0.7091192603111267
2019-01-28,0.7179421186447144
2019-01-29,0.7165992856025696
2019-01-30,0.7159220576286316
2019-01-31,0.7254682779312134
2019-02-01,0.7271669507026672
2019-02-04,0.7249003052711487
2019-02-05,0.7214018106460571
2019-02-06,0.7243752479553223
2019-02-07,0.7109948396682739
2019-02-08,0.709541916847229
2019-02-11,0.7101768255233765
2019-02-12,0.7063493728637695
2019-02-13,0.7104795575141907
2019-02-14,0.7092198729515076
2019-02-15,0.710328221321106
2019-02-18,0.7145408987998962
2019-02-19,0.7132158875465393
2019-02-20,0.7166917324066162
2019-02-21,0.7170000672340393
2019-02-22,0.710883617401123
2019-02-25,0.7159220576286316
2019-02-26,0.7174115777015686
2019-02-27,0.719398558139801
2019-02-28,0.7148473858833313
2019-03-01,0.7102777361869812
2019-03-04,0.7100305557250977
2019-03-05,0.7092198729515076
2019-03-06,0.7087423801422119
2019-03-07,0.7034822702407837
2019-03-08,0.7023458480834961
2019-03-11,0.7039278745651245
2019-03-12,0.7073386311531067
2019-03-13,0.7064142823219299
2019-03-14,0.7087172269821167
2019-03-15,0.706813633441925
2019-03-18,0.7082905769348145
2019-03-19,0.7099751830101013
2019-03-20,0.7089684009552002
2019-03-21,0.7135212421417236
2019-03-22,0.710782527923584
2019-03-25,0.7083156108856201
2019-03-26,0.7116121053695679
2019-03-27,0.713699460029602
2019-03-28,0.7084510922431946
2019-03-29,0.7083156108856201
2019-04-01,0.7113893628120422
2019-04-02,0.710989773273468
2019-04-03,0.7058408260345459
2019-04-04,0.7117488384246826
2019-04-05,0.7110353112220764
2019-04-08,0.7101768255233765
2019-04-09,0.7121593952178955
2019-04-10,0.7129108309745789
2019-04-11,0.7166917324066162
2019-04-12,0.7122507095336914
2019-04-15,0.7173087000846863
2019-04-16,0.7176175117492676
2019-04-17,0.7164915204048157
2019-04-18,0.7174115777015686
2019-04-19,0.714796245098114
2019-04-22,0.715103030204773
2019-04-23,0.7137249112129211
2019-04-24,0.7096678018569946
2019-04-25,0.7014589905738831
2019-04-26,0.7017790079116821
2019-04-29,0.7044287323951721
2019-04-30,0.7055171132087708
2019-05-01,0.705129086971283
2019-05-02,0.7014589905738831
2019-05-03,0.6995453238487244
2019-05-06,0.69733065366745
2019-05-07,0.6992518305778503
2019-05-08,0.7008494734764099
2019-05-09,0.6994963884353638
2019-05-10,0.6987094879150391
2019-05-13,0.6985093951225281
2019-05-14,0.6945891380310059
2019-05-15,0.6939143538475037
2019-05-16,0.6927126049995422
2019-05-17,0.6893223524093628
2019-05-20,0.690321683883667
2019-05-21,0.6920607089996338
2019-05-23,0.6877579092979431
2019-05-24,0.689959704875946
2019-05-27,0.6932889819145203
2019-05-28,0.6919936537742615
2019-05-29,0.6926167011260986
2019-05-30,0.691840410232544
2019-05-31,0.6906077861785889
2019-06-03,0.6929622888565063
2019-06-04,0.6972042322158813
2019-06-05,0.6991393566131592
2019-06-06,0.6971070170402527
2019-06-07,0.6975446939468384
2019-06-10,0.6995893716812134
2019-06-11,0.6961122155189514
2019-06-12,0.6960880160331726
2019-06-13,0.6930487751960754
2019-06-14,0.6913239359855652
2019-06-17,0.6878904104232788
2019-06-18,0.6854009628295898
2019-06-19,0.6880418062210083
2019-06-20,0.688548743724823
2019-06-21,0.6922379732131958
2019-06-24,0.6944299936294556
2019-06-25,0.696567952632904
2019-06-26,0.6961848735809326
2019-06-27,0.6986606121063232
2019-06-28,0.7003781795501709
2019-07-01,0.702331006526947
2019-07-02,0.6964758634567261
2019-07-03,0.699594259262085
2019-07-04,0.7031310796737671
2019-07-05,0.702538251876831
2019-07-08,0.6982752084732056
2019-07-09,0.6973987221717834
2019-07-10,0.6927126049995422
2019-07-11,0.6961848735809326
2019-07-12,0.6972576975822449
2019-07-15,0.7017790079116821
2019-07-16,0.7040022611618042
2019-07-17,0.701655924320221
2019-07-18,0.7010164856910706
2019-07-19,0.7067188024520874
2019-07-22,0.7043097019195557
2019-07-23,0.7031854391098022
2019-07-24,0.6997410655021667
2019-07-25,0.697934091091156
2019-07-26,0.6952168941497803
2019-07-29,0.6906220316886902
2019-07-30,0.6899406909942627
2019-07-31,0.6875215172767639
2019-08-01,0.6846501231193542
2019-08-02,0.6803507804870605
2019-08-05,0.6793016791343689
2019-08-06,0.6763520240783691
2019-08-07,0.6763017177581787
2019-08-08,0.6758126616477966
2019-08-09,0.6811710596084595
2019-08-12,0.6776812076568604
2019-08-13,0.6755889058113098
2019-08-14,0.6797772645950317
2019-08-15,0.6754018664360046
2019-08-16,0.6772773265838623
2019-08-19,0.6786608695983887
2019-08-20,0.6755843758583069
2019-08-21,0.6775205135345459
2019-08-22,0.678499698638916
2019-08-23,0.6755843758583069
2019-08-26,0.6708078384399414
2019-08-27,0.6769564151763916
2019-08-28,0.6754383444786072
2019-08-29,0.6739588975906372
2019-08-30,0.673582136631012
2019-09-02,0.672766387462616
2019-09-03,0.6712490320205688
2019-09-04,0.6763977408409119
2019-09-05,0.6799945831298828
2019-09-06,0.6811803579330444
2019-09-09,0.6846688985824585
2019-09-10,0.6865302920341492
2019-09-11,0.6858522295951843
2019-09-12,0.6873797178268433
2019-09-13,0.6863889098167419
2019-09-16,0.6879944801330566
2019-09-17,0.686294674873352
2019-09-18,0.6866245269775391
2019-09-19,0.6825705766677856
2019-09-20,0.6792786121368408
2019-09-23,0.6769014596939087
2019-09-24,0.6775985956192017
2019-09-25,0.6799483299255371
2019-09-26,0.6755387783050537
2019-09-27,0.6754018664360046
2019-09-30,0.6760868430137634
2019-10-01,0.6753106117248535
2019-10-02,0.6708707809448242
2019-10-03,0.6709608435630798
2019-10-04,0.6745316982269287
2019-10-07,0.6764526963233948
2019-10-08,0.6732510924339294
2019-10-09,0.6728116869926453
2019-10-10,0.6718172430992126
2019-10-11,0.6763200163841248
2019-10-14,0.679638683795929
2019-10-15,0.6775398254394531
2019-10-16,0.6753197908401489
2019-10-17,0.6756391525268555
2019-10-18,0.6825472712516785
2019-10-21,0.6847720146179199
2019-10-22,0.6870585680007935
2019-10-23,0.6861298680305481
2019-10-24,0.6850300431251526
2019-10-25,0.6816632747650146
2019-10-28,0.682400107383728
2019-10-29,0.6839599013328552
2019-10-30,0.6855888962745667
2019-10-31,0.6897883415222168
2019-11-01,0.6892986297607422
2019-11-04,0.6917997598648071
2019-11-05,0.6890279054641724
2019-11-06,0.6890848875045776
2019-11-07,0.6877300143241882
2019-11-08,0.6860997080802917
2019-11-11,0.6858004927635193
2019-11-12,0.6850253343582153
2019-11-13,0.6843999624252319
2019-11-14,0.6839500665664673
2019-11-15,0.6788313388824463
2019-11-18,0.6815982460975647
2019-11-19,0.680522084236145
2019-11-20,0.6824899911880493
2019-11-21,0.6798997521400452
2019-11-22,0.6789419054985046
2019-11-25,0.6792001724243164
2019-11-26,0.677639901638031
2019-11-27,0.6789000034332275
2019-11-28,0.6767200231552124
2019-11-29,0.6769000291824341
2019-12-02,0.6764801144599915
2019-12-03,0.6818817257881165
2019-12-04,0.6848700046539307
2019-12-05,0.684960126876831
2019-12-06,0.6833000183105469
2019-12-09,0.683531641960144
2019-12-10,0.6827998757362366
2019-12-11,0.6811400055885315
2019-12-12,0.687049150466919
2019-12-13,0.6927126049995422
2019-12-16,0.6874789595603943
2019-12-17,0.6874316930770874
2019-12-18,0.6852600574493408
2019-12-19,0.6854700446128845
2019-12-20,0.6893000602722168
2019-12-23,0.6903898119926453
2019-12-24,0.6925197839736938
2019-12-25,0.6921852231025696
2019-12-26,0.6924728155136108
2019-12-27,0.6946374177932739
2019-12-30,0.6982996463775635
2019-12-31,0.7001398801803589
2020-01-01,0.7017002105712891
2020-01-02,0.7019514441490173
2020-01-03,0.6985191702842712
2020-01-06,0.694420337677002
2020-01-07,0.693731427192688
2020-01-08,0.6860399842262268
2020-01-09,0.6873801350593567
2020-01-10,0.6853210926055908
2020-01-13,0.6900601387023926
2020-01-14,0.6898902058601379
2020-01-15,0.6896551251411438
2020-01-16,0.6907795071601868
2020-01-17,0.6901001930236816
2020-01-20,0.6881791353225708
2020-01-21,0.6876397132873535
2020-01-22,0.684689998626709
2020-01-23,0.6842987537384033
2020-01-24,0.6839804649353027
2020-01-27,0.680188775062561
2020-01-28,0.6761700510978699
2020-01-29,0.6764206886291504
2020-01-30,0.6752194762229919
2020-01-31,0.6708257794380188
2020-02-03,0.66936194896698
2020-02-04,0.6690497994422913
2020-02-05,0.6731785535812378
2020-02-06,0.6751797795295715
2020-02-07,0.6733997464179993
2020-02-10,0.6672316193580627
2020-02-11,0.6690099835395813
2020-02-12,0.6720998883247375
2020-02-13,0.6713197827339172
2020-02-14,0.6721997857093811
2020-02-17,0.6725989580154419
2020-02-18,0.6711999773979187
2020-02-19,0.6696000099182129
2020-02-20,0.6684000492095947
2020-02-21,0.6613800525665283
2020-02-24,0.6606900691986084
2020-02-25,0.6612007021903992
2020-02-26,0.6605198383331299
2020-02-27,0.6546516418457031
2020-02-28,0.6580203175544739
2020-03-02,0.6516313552856445
2020-03-03,0.6547498106956482
2020-03-04,0.6582195162773132
2020-03-05,0.6626901030540466
2020-03-06,0.6615506410598755
2020-03-09,0.6613581776618958
2020-03-10,0.6597998738288879
2020-03-11,0.6499098539352417
2020-03-12,0.647939920425415
2020-03-13,0.6274116039276123
2020-03-16,0.6177682876586914
2020-03-17,0.6099420189857483
2020-03-18,0.5992200374603271
2020-03-19,0.5809798836708069
2020-03-20,0.5742902159690857
2020-03-23,0.5753309726715088
2020-03-24,0.5876600742340088
2020-03-25,0.597550094127655
2020-03-26,0.5908098220825195
2020-03-27,0.60791015625
2020-03-30,0.618058443069458
2020-03-31,0.6168993711471558
2020-04-01,0.6136998534202576
2020-04-02,0.6091395616531372
2020-04-03,0.6063215136528015
2020-04-06,0.5994700789451599
2020-04-07,0.6117599606513977
2020-04-08,0.6152199506759644
2020-04-09,0.6235308051109314
2020-04-10,0.6332600712776184
2020-04-13,0.6335208415985107
2020-04-14,0.6401106119155884
2020-04-15,0.6434298753738403
2020-04-16,0.6308901309967041
2020-04-17,0.6358600854873657
2020-04-20,0.6340188980102539
2020-04-21,0.6345701217651367
2020-04-22,0.6293998956680298
2020-04-23,0.6298998594284058
2020-04-24,0.6376798748970032
2020-04-27,0.6397543549537659
2020-04-28,0.6449116468429565
2020-04-29,0.6502699255943298
2020-04-30,0.6555013060569763
2020-05-01,0.6495501399040222
2020-05-04,0.6376819014549255
2020-05-05,0.642611563205719
2020-05-06,0.6436000466346741
2020-05-07,0.6390756368637085
2020-05-08,0.6503299474716187
2020-05-11,0.653710126876831
2020-05-12,0.6484664082527161
2020-05-13,0.6455298662185669
2020-05-14,0.6454944014549255
2020-05-15,0.6471235156059265
2020-05-18,0.6425785422325134
2020-05-19,0.652600109577179
2020-05-20,0.6540094017982483
2020-05-21,0.65923011302948
2020-05-22,0.6566894054412842
2020-05-25,0.6545788049697876
2020-05-26,0.6547399163246155
2020-05-27,0.6646699905395508
2020-05-28,0.6620806455612183
2020-05-29,0.6633498668670654
2020-06-01,0.6659784913063049
2020-06-02,0.6786000728607178
2020-06-03,0.6914199590682983
2020-06-04,0.6929046511650085
2020-06-05,0.6939899921417236
2020-06-08,0.700239896774292
2020-06-09,0.7024494409561157
2020-06-10,0.6942998170852661
2020-06-11,0.6968300938606262
2020-06-12,0.6830880641937256
2020-06-15,0.6825007200241089
2020-06-16,0.695820152759552
2020-06-17,0.6895315051078796
2020-06-18,0.6875702142715454
2020-06-19,0.6857205629348755
2020-06-22,0.6822911500930786
2020-06-23,0.6931601762771606
2020-06-24,0.6940299272537231
2020-06-25,0.685678243637085
2020-06-26,0.6888190507888794
2020-06-29,0.6861910820007324
2020-06-30,0.6871907711029053
2020-07-01,0.69020015001297
2020-07-02,0.6913239359855652
2020-07-03,0.6919199228286743
2020-07-06,0.694840133190155
2020-07-07,0.6976999044418335
2020-07-08,0.6942322850227356
2020-07-09,0.6989096999168396
2020-07-10,0.695894181728363
2020-07-13,0.6950284838676453
2020-07-14,0.6940106749534607
2020-07-15,0.6988999247550964
2020-07-16,0.7009181976318359
2020-07-17,0.6978002190589905
2020-07-20,0.7004998922348022
2020-07-21,0.7025925517082214
2020-07-22,0.7135599255561829
2020-07-23,0.7140816450119019
2020-07-24,0.7100104689598083
2020-07-27,0.7098188996315002
2020-07-28,0.7159000635147095
2020-07-29,0.71602463722229
2020-07-30,0.7171697616577148
2020-07-31,0.7203676700592041
2020-08-03,0.7146890163421631
2020-08-04,0.7117944359779358
2020-08-05,0.7177102565765381
2020-08-06,0.7199097275733948
2020-08-07,0.7230997681617737
2020-08-10,0.7157120108604431
2020-08-11,0.7158001661300659
2020-08-12,0.7145199775695801
2020-08-13,0.7164863348007202
2020-08-14,0.7148800492286682
2020-08-17,0.7192589044570923
2020-08-18,0.7218131422996521
2020-08-19,0.7257947325706482
2020-08-20,0.7188039422035217
2020-08-21,0.7206116914749146
2020-08-24,0.7161374688148499
2020-08-25,0.7168900370597839
2020-08-26,0.7199320793151855
2020-08-27,0.7245011925697327
2020-08-28,0.7269898653030396
2020-08-31,0.7373000383377075
2020-09-01,0.738099992275238
2020-09-02,0.7378494143486023
2020-09-03,0.7331109642982483
2020-09-04,0.725584089756012
2020-09-07,0.7282207608222961
2020-09-08,0.7280998229980469
2020-09-09,0.7209399938583374
2020-09-10,0.727660059928894
2020-09-11,0.7262997627258301
2020-09-14,0.728151798248291
2020-09-15,0.7286000847816467
2020-09-16,0.7296819686889648
2020-09-17,0.7295500040054321
2020-09-18,0.7313095927238464
2020-09-21,0.729341447353363
2020-09-22,0.7231180667877197
2020-09-23,0.717442512512207
2020-09-24,0.7069001197814941
2020-09-25,0.7057162523269653
2020-09-28,0.7041906118392944
2020-09-29,0.7095197439193726
2020-09-30,0.714360237121582
2020-10-01,0.716650664806366
2020-10-02,0.7182875871658325
2020-10-05,0.7177205085754395
2020-10-06,0.7193209528923035
2020-10-07,0.7110099792480469
2020-10-08,0.713820219039917
2020-10-09,0.7177998423576355
2020-10-12,0.7224597930908203
2020-10-13,0.721188485622406
2020-10-14,0.7164401412010193
2020-10-15,0.7141479849815369
2020-10-16,0.7088397741317749
2020-10-19,0.7095997929573059
2020-10-20,0.7056167125701904
2020-10-21,0.7049998641014099
2020-10-22,0.7105603218078613
2020-10-23,0.7126100659370422
2020-10-26,0.7132006287574768
2020-10-27,0.7117098569869995
2020-10-28,0.7123100757598877
2020-10-29,0.7055200934410095
2020-10-30,0.7037599682807922
2020-11-02,0.7008199691772461
2020-11-03,0.7053698301315308
2020-11-04,0.7196833491325378
2020-11-05,0.7180498242378235
2020-11-06,0.7262701988220215
2020-11-09,0.7286717891693115
2020-11-10,0.7282000184059143
2020-11-11,0.7281697988510132
2020-11-12,0.7284275889396667
2020-11-13,0.7240185737609863
2020-11-16,0.729080855846405
2020-11-17,0.7320997714996338
2020-11-18,0.7296000123023987
2020-11-19,0.7301988005638123
2020-11-20,0.7269100546836853
2020-11-23,0.7317001819610596
2020-11-24,0.7298204302787781
2020-11-25,0.7366699576377869
2020-11-26,0.736485481262207
2020-11-27,0.7357999682426453
2020-11-30,0.7400281429290771
2020-12-01,0.7356798052787781
2020-12-02,0.7380890846252441
2020-12-03,0.7418001294136047
2020-12-04,0.7438998222351074
2020-12-07,0.7431573867797852
2020-12-08,0.7417599558830261
2020-12-09,0.7410997152328491
2020-12-10,0.7434999346733093
2020-12-11,0.7524397969245911
2020-12-14,0.7551102638244629
2020-12-15,0.7539203763008118
2020-12-16,0.7555609345436096
2020-12-17,0.7569999694824219
2020-12-18,0.7615299224853516
2020-12-21,0.7587425708770752
2020-12-22,0.7575200796127319
2020-12-23,0.7551700472831726
2020-12-24,0.7579599022865295
2020-12-25,0.7606801390647888
2020-12-28,0.7611914277076721
2020-12-29,0.758892297744751
2020-12-30,0.7609898447990417
2020-12-31,0.7689290642738342
2021-01-01,0.7702973484992981
2021-01-04,0.7712300419807434
2021-01-05,0.7670999765396118
2021-01-06,0.7766000628471375
2021-01-07,0.781700074672699
2021-01-08,0.7768999934196472
2021-01-11,0.7716525793075562
2021-01-12,0.7707497477531433
2021-01-13,0.7776049971580505
2021-01-14,0.774713397026062
2021-01-15,0.777580201625824
2021-01-18,0.7688876986503601
2021-01-19,0.7686986327171326
2021-01-20,0.7711800932884216
2021-01-21,0.7755701541900635
2021-01-22,0.7761022448539734
2021-01-25,0.7715799808502197
2021-01-26,0.7718997597694397
2021-01-27,0.7753139734268188
2021-01-28,0.765099823474884
2021-01-29,0.7669699192047119
2021-02-01,0.761997640132904
2021-02-02,0.7634601593017578
2021-02-03,0.760820746421814
2021-02-04,0.7636000514030457
2021-02-05,0.7603002190589905
2021-02-08,0.7679199576377869
2021-02-09,0.7710998058319092
2021-02-10,0.7740501165390015
2021-02-11,0.7725348472595215
2021-02-12,0.7753999829292297
2021-02-15,0.7764095664024353
2021-02-16,0.7786197066307068
2021-02-17,0.773790180683136
2021-02-18,0.7758697867393494
2021-02-19,0.7767997980117798
2021-02-22,0.7888488173484802
2021-02-23,0.7915400266647339
2021-02-24,0.7908827066421509
2021-02-25,0.7977026104927063
2021-02-26,0.7870000004768372
2021-03-01,0.7752419114112854
2021-03-02,0.7772001028060913
2021-03-03,0.7825197577476501
2021-03-04,0.7758102416992188
2021-03-05,0.7715603113174438
2021-03-08,0.7709101438522339
2021-03-09,0.7656674981117249
2021-03-10,0.7717835903167725
2021-03-11,0.773200273513794
2021-03-12,0.7787615656852722
2021-03-15,0.7762998938560486
2021-03-16,0.7750135660171509
2021-03-17,0.77455735206604
2021-03-18,0.7813000679016113
2021-03-19,0.7753699421882629
2021-03-22,0.7722502946853638
2021-03-23,0.7745501399040222
2021-03-24,0.7604701519012451
2021-03-25,0.7591003179550171
2021-03-26,0.7594000697135925
2021-03-29,0.7637377381324768
2021-03-30,0.7641170620918274
2021-03-31,0.7608798146247864
2021-04-01,0.7594098448753357
2021-04-02,0.7619001269340515
2021-04-05,0.7620998620986938
2021-04-06,0.7658727169036865
2021-04-07,0.7666947841644287
2021-04-08,0.7613884806632996
2021-04-09,0.7659003138542175
2021-04-12,0.7626002430915833
2021-04-13,0.7627707123756409
2021-04-14,0.7647499442100525
2021-04-15,0.772509753704071
2021-04-16,0.7751697301864624
2021-04-19,0.7714025974273682
2021-04-20,0.7767002582550049
2021-04-21,0.7723796963691711
2021-04-22,0.7754402756690979
2021-04-23,0.7705348134040833
2021-04-26,0.7743114233016968
2021-04-27,0.7799704074859619
2021-04-28,0.7770001888275146
2021-04-29,0.7801297307014465
2021-04-30,0.777762234210968
2021-05-03,0.7722997665405273
2021-05-04,0.7758914828300476
2021-05-05,0.7713799476623535
2021-05-06,0.7751199007034302
2021-05-07,0.7787312865257263
2021-05-10,0.7858793139457703
2021-05-11,0.7838999032974243
2021-05-12,0.7838096022605896
2021-05-13,0.7732301950454712
2021-05-14,0.7726202011108398
2021-05-17,0.7778711318969727
2021-05-18,0.7773698568344116
2021-05-19,0.7789981961250305
2021-05-20,0.772030234336853
2021-05-21,0.7770001888275146
2021-05-24,0.7730000615119934
2021-05-25,0.7750802040100098
2021-05-26,0.7753139734268188
2021-05-27,0.7739902138710022
2021-05-28,0.774250328540802
2021-05-31,0.7710099816322327
2021-06-01,0.7743498086929321
2021-06-02,0.7755900025367737
2021-06-03,0.7744301557540894
2021-06-04,0.7665772438049316
2021-06-07,0.7744001746177673
2021-06-08,0.7756296992301941
2021-06-09,0.7736998200416565
2021-06-10,0.7729498147964478
2021-06-11,0.7747998237609863
2021-06-14,0.7708911895751953
2021-06-15,0.7712002992630005
2021-06-16,0.7686217427253723
2021-06-17,0.7616726756095886
2021-06-18,0.7556899189949036
2021-06-21,0.7503997683525085
2021-06-22,0.7534897923469543
2021-06-23,0.7554810047149658
2021-06-24,0.7574437856674194
2021-06-25,0.7582076191902161
2021-06-28,0.7594998478889465
2021-06-29,0.756840169429779
2021-06-30,0.7513599991798401
2021-07-01,0.7497701644897461
2021-07-02,0.7465806603431702
2021-07-05,0.7518599033355713
2021-07-06,0.7543002963066101
2021-07-07,0.7494998574256897
2021-07-08,0.7484413981437683
2021-07-09,0.7433286309242249
2021-07-12,0.749007523059845
2021-07-13,0.7480998039245605
2021-07-14,0.7441999316215515
2021-07-15,0.7480382323265076
2021-07-16,0.7423000931739807
2021-07-19,0.7390999794006348
2021-07-20,0.7339202165603638
2021-07-21,0.7338911294937134
2021-07-22,0.7352616786956787
2021-07-23,0.7380498647689819
2021-07-26,0.7368219494819641
2021-07-27,0.738825261592865
2021-07-28,0.7366374135017395
2021-07-29,0.7377101182937622
2021-07-30,0.739609956741333
2021-08-02,0.7342305779457092
2021-08-03,0.7360599637031555
2021-08-04,0.7396799921989441
2021-08-05,0.7382999658584595
2021-08-06,0.7402998805046082
2021-08-09,0.7337833642959595
2021-08-10,0.733100175857544
2021-08-11,0.7343798875808716
2021-08-12,0.7374087572097778
2021-08-13,0.734149694442749
2021-08-16,0.736572265625
2021-08-17,0.7341066002845764
2021-08-18,0.7255598902702332
2021-08-19,0.7230997681617737
2021-08-20,0.714620053768158
2021-08-23,0.7139797210693359
2021-08-24,0.7209597229957581
2021-08-25,0.724879801273346
2021-08-26,0.727660059928894
2021-08-27,0.7238398790359497
2021-08-30,0.731598436832428
2021-08-31,0.7291233539581299
2021-09-01,0.7317901849746704
2021-09-02,0.7368001937866211
2021-09-03,0.7399300932884216
2021-09-06,0.7445018887519836
2021-09-07,0.7436713576316833
2021-09-08,0.7386598587036133
2021-09-09,0.7363770008087158
2021-09-10,0.7370826601982117
2021-09-13,0.7368110418319702
2021-09-14,0.7365902066230774
2021-09-15,0.7317097783088684
2021-09-16,0.7341200709342957
2021-09-17,0.7291499972343445
2021-09-20,0.7264010310173035
2021-09-21,0.7259702086448669
2021-09-22,0.7227997779846191
2021-09-23,0.7233999967575073
2021-09-24,0.7299802899360657
2021-09-27,0.7266121506690979
2021-09-28,0.7280601263046265
2021-09-29,0.7244277596473694
2021-09-30,0.7179998159408569
2021-10-01,0.7231180667877197
2021-10-04,0.7275214195251465
2021-10-05,0.7289697527885437
2021-10-06,0.7290754914283752
2021-10-07,0.728141188621521
2021-10-08,0.7316797971725464
2021-10-11,0.729490339756012
2021-10-12,0.7348402738571167
2021-10-13,0.7335088849067688
2021-10-14,0.7386069893836975
2021-10-15,0.741379976272583
2021-10-18,0.7424786686897278
2021-10-19,0.7417000532150269
2021-10-20,0.7477194666862488
2021-10-21,0.7515299320220947
2021-10-22,0.7463700175285339
2021-10-25,0.7469096779823303
2021-10-26,0.7491798400878906
2021-10-27,0.7512978315353394
2021-10-28,0.7500750422477722
2021-10-29,0.7531600594520569
2021-11-01,0.7518287897109985
2021-11-02,0.7520498633384705
2021-11-03,0.7438998222351074
2021-11-04,0.746900200843811
2021-11-05,0.740932822227478
2021-11-08,0.7395902872085571
2021-11-09,0.7414799928665161
2021-11-10,0.7376197576522827
2021-11-11,0.7334120869636536
2021-11-12,0.7291999459266663
2021-11-15,0.7332506775856018
2021-11-16,0.734489917755127
2021-11-17,0.7301614880561829
2021-11-18,0.7268604040145874
2021-11-19,0.7279000878334045
2021-11-22,0.7231698036193848
2021-11-23,0.7228044867515564
2021-11-24,0.7222198247909546
2021-11-25,0.7202001214027405
2021-11-26,0.7173703908920288
2021-11-29,0.7142806053161621
2021-11-30,0.714580237865448
2021-12-01,0.7124998569488525
2021-12-02,0.7107598185539246
2021-12-03,0.70878005027771
2021-12-06,0.7017898559570312
2021-12-07,0.7049203515052795
2021-12-08,0.712259829044342
2021-12-09,0.7170000672340393
2021-12-10,0.7146124243736267
2021-12-13,0.7166095972061157
2021-12-14,0.7133176326751709
2021-12-15,0.7106002569198608
2021-12-16,0.7166501879692078
2021-12-17,0.717560887336731
2021-12-20,0.7116981744766235
2021-12-21,0.7109498381614685
2021-12-22,0.7147799134254456
2021-12-23,0.72139972448349
2021-12-24,0.7233200073242188
2021-12-27,0.7231285572052002
2021-12-28,0.7236999869346619
2021-12-29,0.7233999967575073
2021-12-30,0.7258790135383606
2021-12-31,0.7249801754951477
2022-01-03,0.7268181443214417
2022-01-04,0.7197999358177185
2022-01-05,0.7238802313804626
2022-01-06,0.7220800518989563
2022-01-07,0.7162600159645081
2022-01-10,0.7179111242294312
2022-01-11,0.71809983253479
2022-01-12,0.7209799885749817
2022-01-13,0.7282207608222961
2022-01-14,0.7282260060310364
2022-01-17,0.7216517329216003
2022-01-18,0.7210798263549805
2022-01-19,0.7187501788139343
2022-01-20,0.721700131893158
2022-01-21,0.7217090129852295
2022-01-24,0.7187884449958801
2022-01-25,0.715449869632721
2022-01-26,0.7158800363540649
2022-01-27,0.7122999429702759
2022-01-28,0.7035500407218933
2022-01-31,0.6997998356819153
2022-02-01,0.7068301439285278
2022-02-02,0.7133991122245789
2022-02-03,0.7120797634124756
2022-02-04,0.7145000696182251
2022-02-07,0.7080298066139221
2022-02-08,0.7129998207092285
2022-02-09,0.7145919799804688
2022-02-10,0.7177411317825317
2022-02-11,0.7161697745323181
2022-02-14,0.7144796252250671
2022-02-15,0.7132098078727722
2022-02-16,0.7149087190628052
2022-02-17,0.7194502949714661
2022-02-18,0.71893310546875
2022-02-21,0.7171697616577148
2022-02-22,0.718450129032135
2022-02-23,0.7226895689964294
2022-02-24,0.7227997779846191
2022-02-25,0.7160200476646423
2022-02-28,0.7186489701271057
2022-03-01,0.7262001037597656
2022-03-02,0.7261425852775574
2022-03-03,0.729341447353363
2022-03-04,0.7336999773979187
2022-03-07,0.7394808530807495
2022-03-08,0.7328498363494873
2022-03-09,0.7267916798591614
2022-03-10,0.731689989566803
2022-03-11,0.7365999817848206
2022-03-14,0.72965008020401
2022-03-15,0.71986985206604
2022-03-16,0.7191000580787659
2022-03-17,0.7288799285888672
2022-03-18,0.738099992275238
2022-03-21,0.7409987449645996
2022-03-22,0.7395793199539185
2022-03-23,0.7462301850318909
2022-03-24,0.7499175071716309
2022-03-25,0.7514277100563049
2022-03-28,0.7518231272697449
2022-03-29,0.7499501705169678
2022-03-30,0.7514672875404358
2022-03-31,0.7503001093864441
2022-04-01,0.7491927742958069
2022-04-04,0.7486487030982971
2022-04-05,0.7543901801109314
2022-04-06,0.7585699558258057
2022-04-07,0.7505084872245789
2022-04-08,0.7478480935096741
2022-04-11,0.7446514964103699
2022-04-12,0.7415317296981812
2022-04-13,0.7454997897148132
2022-04-14,0.7451497912406921
2022-04-15,0.7410151958465576
2022-04-18,0.7393824458122253
2022-04-19,0.7357593774795532
2022-04-20,0.7393988370895386
2022-04-21,0.7446997761726379
2022-04-22,0.7361114025115967
2022-04-25,0.7236937284469604
2022-04-26,0.717849850654602
2022-04-27,0.714600145816803
2022-04-28,0.7125704288482666
2022-04-29,0.710883617401123
2022-05-02,0.7065390348434448
2022-05-03,0.7050997614860535
2022-05-04,0.7103786468505859
2022-05-05,0.7252898812294006
2022-05-06,0.712100088596344
2022-05-09,0.7046997547149658
2022-05-10,0.6957392692565918
2022-05-11,0.693600058555603
2022-05-12,0.692750096321106
2022-05-13,0.6871907711029053
2022-05-16,0.6946181058883667
2022-05-17,0.6972820162773132
2022-05-18,0.7032843232154846
2022-05-19,0.695900022983551
2022-05-20,0.7041500210762024
2022-05-23,0.7062894701957703
2022-05-24,0.7088980674743652
2022-05-25,0.7103200554847717
2022-05-26,0.708939790725708
2022-05-27,0.7098793983459473
2022-05-30,0.7162810564041138
2022-05-31,0.7195202112197876
2022-06-01,0.7182618379592896
2022-06-02,0.7173600792884827
2022-06-03,0.726900041103363
2022-06-06,0.7204922437667847
2022-06-07,0.7188607454299927
2022-06-08,0.7220602631568909
2022-06-09,0.7186489701271057
2022-06-10,0.7098188996315002
2022-06-13,0.7018282413482666
2022-06-14,0.6941600441932678
2022-06-15,0.6889899373054504
2022-06-16,0.7016903758049011
2022-06-17,0.704049825668335
2022-06-20,0.6953000426292419
2022-06-21,0.6969500780105591
2022-06-22,0.6961801052093506
2022-06-23,0.6905218958854675
2022-06-24,0.6903502941131592
2022-06-27,0.6943383812904358
2022-06-28,0.6922522783279419
2022-06-29,0.6904398798942566
2022-06-30,0.6880465745925903
2022-07-01,0.6897598505020142
2022-07-04,0.6815796494483948
2022-07-05,0.6873797178268433
2022-07-06,0.6793201565742493
2022-07-07,0.6786000728607178
2022-07-08,0.6849000453948975
2022-07-11,0.6845798492431641
2022-07-12,0.6743316054344177
2022-07-13,0.674700140953064
2022-07-14,0.6732302308082581
2022-07-15,0.6754885315895081
2022-07-18,0.6814774870872498
2022-07-19,0.6810198426246643
2022-07-20,0.6897978782653809
2022-07-21,0.6887384057044983
2022-07-22,0.692290186882019
2022-07-25,0.6904694437980652
2022-07-26,0.6951202750205994
2022-07-27,0.6947387456893921
2022-07-28,0.6994900107383728
2022-07-29,0.7000839710235596
2022-08-01,0.6971215605735779
2022-08-02,0.7023902535438538
2022-08-03,0.6890298128128052
2022-08-04,0.693899929523468
2022-08-05,0.6959198713302612
2022-08-08,0.6902502179145813
2022-08-09,0.6987700462341309
2022-08-10,0.6957005858421326
2022-08-11,0.7078142762184143
2022-08-12,0.7102898359298706
2022-08-15,0.7116677761077881
2022-08-16,0.7020002603530884
2022-08-17,0.7019400596618652
2022-08-18,0.693040132522583
2022-08-19,0.691119909286499
2022-08-22,0.6877105832099915
2022-08-23,0.6878700256347656
2022-08-24,0.6923002004623413
2022-08-25,0.6907985806465149
2022-08-26,0.6963981986045837
2022-08-29,0.6866905689239502
2022-08-30,0.6907508373260498
2022-08-31,0.6857398152351379
2022-09-01,0.6828502416610718
2022-09-02,0.6795302033424377
2022-09-05,0.6790295243263245
2022-09-06,0.6813998818397522
2022-09-07,0.6730109453201294
2022-09-08,0.6751401424407959
2022-09-09,0.6765899658203125
2022-09-12,0.6846998333930969
2022-09-13,0.689398467540741
2022-09-14,0.6743001937866211
2022-09-15,0.6751797795295715
2022-09-16,0.6687299013137817
2022-09-19,0.6726998686790466
2022-09-20,0.6733698844909668
2022-09-21,0.6694202423095703
2022-09-22,0.661010205745697
2022-09-23,0.66454017162323
2022-09-26,0.653069794178009
2022-09-27,0.6476000547409058
2022-09-28,0.6438001394271851
2022-09-29,0.6504995822906494
2022-09-30,0.6512998938560486
2022-10-03,0.6420958042144775
2022-10-04,0.6501798629760742
2022-10-05,0.6514102220535278
2022-10-06,0.651269793510437
2022-10-07,0.6414409279823303
2022-10-10,0.6369832158088684
2022-10-11,0.6294810771942139
2022-10-12,0.6266409754753113
2022-10-13,0.6277306079864502
2022-10-14,0.630099892616272
2022-10-17,0.6223937273025513
2022-10-18,0.6298815608024597
2022-10-19,0.6316401362419128
2022-10-20,0.6263701915740967
2022-10-21,0.6274706721305847
2022-10-24,0.6371902227401733
2022-10-25,0.6329598426818848
2022-10-26,0.6385700106620789
2022-10-27,0.6493498086929321
2022-10-28,0.6450905799865723
2022-10-31,0.6401310563087463
2022-11-01,0.6409898996353149
2022-11-02,0.6396700143814087
2022-11-03,0.6338501572608948
2022-11-04,0.6288517117500305
2022-11-07,0.6439315676689148
2022-11-08,0.6474796533584595
2022-11-09,0.65091872215271
2022-11-10,0.6434178352355957
2022-11-11,0.6606900691986084
2022-11-14,0.6698821187019348
2022-11-15,0.669189989566803
2022-11-16,0.6769499778747559
2022-11-17,0.6739497780799866
2022-11-18,0.6689200401306152
2022-11-21,0.6682080030441284
2022-11-22,0.6607800126075745
2022-11-23,0.66498202085495
2022-11-24,0.6743502020835876
2022-11-25,0.6765598058700562
2022-11-28,0.6711905002593994
2022-11-29,0.665198802947998
2022-11-30,0.668408989906311
2022-12-01,0.6799598932266235
2022-12-02,0.6811015009880066
2022-12-05,0.6813009977340698
2022-12-06,0.6707807779312134
2022-12-07,0.6698821187019348
2022-12-08,0.6726998686790466
2022-12-09,0.6776500344276428
2022-12-12,0.6781408190727234
2022-12-13,0.6754000186920166
2022-12-14,0.6842299699783325
2022-12-15,0.6857798099517822
2022-12-16,0.6705918908119202
2022-12-19,0.6687487363815308
2022-12-20,0.6707807779312134
2022-12-21,0.6688498258590698
2022-12-22,0.6716818809509277
2022-12-23,0.6678001284599304
2022-12-26,0.6712490320205688
2022-12-27,0.674458920955658
2022-12-28,0.6729927659034729
2022-12-29,0.6747100949287415
2022-12-30,0.6766000390052795
2023-01-02,0.6823097467422485
2023-01-03,0.6805600523948669
2023-01-04,0.6727999448776245
2023-01-05,0.6829108595848083
2023-01-06,0.6755697727203369
2023-01-09,0.689398467540741
2023-01-10,0.6909699440002441
2023-01-11,0.6895001530647278
2023-01-12,0.6910998225212097
2023-01-13,0.6967815160751343
2023-01-16,0.6973500847816467
2023-01-17,0.6966398358345032
2023-01-18,0.6988413333892822
2023-01-19,0.6944000720977783
2023-01-20,0.691399872303009
2023-01-23,0.6982703804969788
2023-01-24,0.702928364276886
2023-01-25,0.7046719789505005
2023-01-26,0.7108199596405029
2023-01-27,0.7113898396492004
2023-01-30,0.7107977271080017
2023-01-31,0.7058099508285522
2023-02-01,0.7051399946212769
2023-02-02,0.7145000696182251
2023-02-03,0.7074687480926514
2023-02-06,0.6920798420906067
2023-02-07,0.6887801885604858
2023-02-08,0.6964598298072815
2023-02-09,0.6930001974105835
2023-02-10,0.6939384341239929
2023-02-13,0.6913477778434753
2023-02-14,0.6970000863075256
2023-02-15,0.6987583041191101
2023-02-16,0.690689742565155
2023-02-17,0.6862400770187378
2023-02-20,0.686940610408783
2023-02-21,0.6909002065658569
2023-02-22,0.686190128326416
2023-02-23,0.6812916994094849
2023-02-24,0.6810133457183838
2023-02-27,0.6735684871673584
2023-02-28,0.6743001937866211
2023-03-01,0.6730788350105286
2023-03-02,0.6759798526763916
2023-03-03,0.6735000014305115
2023-03-06,0.6754611730575562
2023-03-07,0.6733099818229675
2023-03-08,0.6591001749038696
2023-03-09,0.6594000458717346
2023-03-10,0.6591001749038696
2023-03-13,0.6634203791618347
2023-03-14,0.6659198999404907
2023-03-15,0.6689097881317139
2023-03-16,0.6618300080299377
2023-03-17,0.6663401126861572
2023-03-20,0.6713212132453918
2023-03-21,0.6716899871826172
2023-03-22,0.667789876461029
2023-03-23,0.6699314713478088
2023-03-24,0.6681597828865051
2023-03-27,0.665530800819397
2023-03-28,0.6660095453262329
2023-03-29,0.6706907749176025
2023-03-30,0.6682482361793518
2023-03-31,0.6716818809509277
2023-04-03,0.6658897995948792
2023-04-04,0.6788502335548401
2023-04-05,0.6758081316947937
2023-04-06,0.6716683506965637
2023-04-07,0.6676012873649597
2023-04-10,0.6673500537872314
2023-04-11,0.6648299694061279
2023-04-12,0.6654002070426941
2023-04-13,0.6699000597000122
2023-04-14,0.6783998608589172
2023-04-17,0.6705199480056763
2023-04-18,0.6700401306152344
2023-04-19,0.6735698580741882
2023-04-20,0.6705514192581177
2023-04-21,0.6743178963661194
2023-04-24,0.6693485379219055
2023-04-25,0.6703805327415466
2023-04-26,0.663640022277832
2023-04-27,0.6608380675315857
2023-04-28,0.6630398035049438
2023-05-01,0.6612401008605957
2023-05-02,0.6622801423072815
2023-05-03,0.6673001646995544
2023-05-04,0.6641517877578735
2023-05-05,0.6696098446846008
2023-05-08,0.6747683882713318
2023-05-09,0.6780994534492493
2023-05-10,0.6766906976699829
2023-05-11,0.6781914234161377
2023-05-12,0.669989824295044
2023-05-15,0.6646903157234192
2023-05-16,0.6703001260757446
2023-05-17,0.6657789945602417
2023-05-18,0.6655617952346802
2023-05-19,0.6629980802536011
2023-05-22,0.666100025177002
2023-05-23,0.6649687886238098
2023-05-24,0.6613581776618958
2023-05-25,0.6545102000236511
2023-05-26,0.6498485803604126
2023-05-29,0.6526989340782166
2023-05-30,0.6528502106666565
2023-05-31,0.6517800092697144
2023-06-01,0.6506401300430298
2023-06-02,0.657799482345581
2023-06-05,0.6599997878074646
2023-06-06,0.6613494157791138
2023-06-07,0.6679089665412903
2023-06-08,0.665860116481781
2023-06-09,0.671259880065918
2023-06-12,0.6744998693466187
2023-06-13,0.6753101944923401
2023-06-14,0.6769289374351501
2023-06-15,0.6796895265579224
2023-06-16,0.688029944896698
2023-06-19,0.6875999569892883
2023-06-20,0.6851379871368408
2023-06-21,0.6788820624351501
2023-06-22,0.6798702478408813
2023-06-23,0.6760699152946472
2023-06-26,0.6680517792701721
2023-06-27,0.6674498319625854
2023-06-28,0.668140172958374
2023-06-29,0.6600616574287415
2023-06-30,0.6619710922241211
2023-07-03,0.6658321619033813
2023-07-04,0.6674097180366516
2023-07-05,0.6692701578140259
2023-07-06,0.6656903028488159
2023-07-07,0.6628398895263672
2023-07-10,0.6688382029533386
2023-07-11,0.667900025844574
2023-07-12,0.6693798899650574
2023-07-13,0.6792786121368408
2023-07-14,0.6888617873191833
2023-07-17,0.6837793588638306
2023-07-18,0.6810500025749207
2023-07-19,0.6814821362495422
2023-07-20,0.6769999265670776
2023-07-21,0.6778190732002258
2023-07-24,0.6725800037384033
2023-07-25,0.6733009219169617
2023-07-26,0.6787599325180054
2023-07-27,0.6759999394416809
2023-07-28,0.6711859703063965
2023-07-31,0.6660805344581604
2023-08-01,0.6716818809509277
2023-08-02,0.6617608070373535
2023-08-03,0.6544999480247498
2023-08-04,0.6561206579208374
2023-08-07,0.657371461391449
2023-08-08,0.6572591066360474
2023-08-09,0.6531601548194885
2023-08-10,0.6536802053451538
2023-08-11,0.6512498259544373
2023-08-14,0.6495404839515686
2023-08-15,0.6488400101661682
2023-08-16,0.6457903981208801
2023-08-17,0.6414697170257568
2023-08-18,0.6406888961791992
2023-08-21,0.6414697170257568
2023-08-22,0.6414080262184143
2023-08-23,0.6427999138832092
2023-08-24,0.6480587720870972
2023-08-25,0.6413956880569458
2023-08-28,0.6416714191436768
2023-08-29,0.6428180932998657
2023-08-30,0.647659957408905
2023-08-31,0.6478782296180725
2023-09-01,0.6488408446311951
2023-09-04,0.6452862024307251
2023-09-05,0.6458100080490112
2023-09-06,0.6375396251678467
2023-09-07,0.6383001804351807
2023-09-08,0.6377400159835815
2023-09-11,0.6397993564605713
2023-09-12,0.643200159072876
2023-09-13,0.6428180932998657
2023-09-14,0.6421617865562439
2023-09-15,0.6432398557662964
2023-09-18,0.6440501809120178
2023-09-19,0.643960177898407
2023-09-20,0.646600067615509
2023-09-21,0.6436100006103516
2023-09-22,0.6409598588943481
2023-09-25,0.6440999507904053
2023-09-26,0.6422001123428345
2023-09-27,0.6393861770629883
2023-09-28,0.634759783744812
2023-09-29,0.6427974700927734
2023-10-02,0.6437202095985413
2023-10-03,0.6362699270248413
2023-10-04,0.6308901309967041
2023-10-05,0.6329101920127869
2023-10-06,0.6371049880981445
2023-10-09,0.6371999979019165
2023-10-10,0.6420900225639343
2023-10-11,0.643347442150116
2023-10-12,0.6418097615242004
2023-10-13,0.6316800117492676
2023-10-16,0.6312999725341797
2023-10-17,0.6337798237800598
2023-10-18,0.6362699270248413
2023-10-19,0.6332400441169739
2023-10-20,0.6326999664306641
2023-10-23,0.6320393085479736
2023-10-24,0.6336702108383179
2023-10-25,0.6360999345779419
2023-10-26,0.6296999454498291
2023-10-27,0.6335999369621277
2023-10-30,0.6338903307914734
2023-10-31,0.637100100517273
2023-11-01,0.6339948177337646
2023-11-02,0.642259955406189
2023-11-03,0.6427900195121765
2023-11-06,0.6516865491867065
2023-11-07,0.6489419341087341
2023-11-08,0.6430099010467529
2023-11-09,0.6405698657035828
2023-11-10,0.6361699104309082
2023-11-13,0.6364598870277405
2023-11-14,0.6381002068519592
2023-11-15,0.6499837636947632
2023-11-16,0.6511502265930176
2023-11-17,0.6470816731452942
2023-11-20,0.6513597369194031
2023-11-21,0.6564001441001892
2023-11-22,0.6559097170829773
2023-11-23,0.6542789936065674
2023-11-24,0.6560100317001343
2023-11-27,0.658129870891571
2023-11-28,0.661250114440918
2023-11-29,0.6658999919891357
2023-11-30,0.6619009971618652
2023-12-01,0.6606799960136414
2023-12-04,0.6682884097099304
2023-12-05,0.6617100238800049
2023-12-06,0.6554699540138245
2023-12-07,0.6551401019096375
2023-12-08,0.6594479084014893
2023-12-11,0.6579799652099609
2023-12-12,0.6565001010894775
2023-12-13,0.6564600467681885
2023-12-14,0.6665000319480896
2023-12-15,0.6702682375907898
2023-12-18,0.6698910593986511
2023-12-19,0.6703715920448303
2023-12-20,0.6762998700141907
2023-12-21,0.6739816665649414
2023-12-22,0.6796802878379822
2023-12-25,0.6808788776397705
2023-12-26,0.6806008219718933
2023-12-27,0.6823800802230835
2023-12-28,0.6854700446128845
2023-12-29,0.6826302409172058
2024-01-01,0.6820491552352905
2024-01-02,0.6810504198074341
2024-01-03,0.6765698194503784
2024-01-04,0.6736002564430237
2024-01-05,0.6706593036651611
2024-01-08,0.6716412901878357
2024-01-09,0.6720001101493835
2024-01-10,0.6684702038764954
2024-01-11,0.6703999042510986
2024-01-12,0.6698498129844666
2024-01-15,0.6689097881317139
2024-01-16,0.6650399565696716
2024-01-17,0.6588900089263916
2024-01-18,0.6551997661590576
2024-01-19,0.6582845449447632
2024-01-22,0.6595479249954224
2024-01-23,0.6570599675178528
2024-01-24,0.6586300730705261
2024-01-25,0.6576697826385498
2024-01-26,0.6585879921913147
2024-01-29,0.6578601002693176
2024-01-30,0.6614194512367249
2024-01-31,0.659480094909668
2024-02-01,0.656150758266449
2024-02-02,0.6574898362159729
2024-02-05,0.6505080461502075
2024-02-06,0.6480293273925781
2024-02-07,0.6529674530029297
2024-02-08,0.6521880626678467
2024-02-09,0.6497599482536316
2024-02-12,0.6525583267211914
2024-02-13,0.6528898477554321
2024-02-14,0.6453399062156677
2024-02-15,0.6498798131942749
2024-02-16,0.6525498628616333
2024-02-19,0.6537913680076599
2024-02-20,0.6530783176422119
2024-02-21,0.6553500890731812
2024-02-22,0.6553199887275696
2024-02-23,0.6559101939201355
2024-02-26,0.6565384864807129
2024-02-27,0.6539598107337952
2024-02-28,0.6543898582458496
2024-02-29,0.6494700312614441
2024-03-01,0.6498401165008545
2024-03-04,0.6527883410453796
2024-03-05,0.6507620811462402
2024-03-06,0.6503900289535522
2024-03-07,0.6566298604011536
2024-03-08,0.6621301770210266
2024-03-11,0.6624314785003662
2024-03-12,0.6615506410598755
2024-03-13,0.6607297658920288
2024-03-14,0.6627599000930786
2024-03-15,0.6579297780990601
2024-03-18,0.6557978987693787
2024-03-19,0.655750572681427
2024-03-20,0.6526401042938232
2024-03-21,0.6597799062728882
2024-03-22,0.657418966293335
2024-03-25,0.6515804529190063
2024-03-26,0.6538896560668945
2024-03-27,0.6538982391357422
2024-03-28,0.6521999835968018
2024-03-29,0.6516780853271484
2024-04-01,0.6533001661300659
2024-04-02,0.6487903594970703
2024-04-03,0.651439905166626
2024-04-04,0.6568998694419861
2024-04-05,0.6587702035903931
2024-04-08,0.6570215821266174
2024-04-09,0.6604998111724854
2024-04-10,0.662850022315979
2024-04-11,0.6507201194763184
2024-04-12,0.6540607213973999
2024-04-15,0.6475803256034851
2024-04-16,0.644250214099884
2024-04-17,0.6412801146507263
2024-04-18,0.6439813375473022
2024-04-19,0.6424699425697327
2024-04-22,0.6425991654396057
2024-04-23,0.6452862024307251
2024-04-24,0.6488901376724243
2024-04-25,0.6496999263763428
2024-04-26,0.6523199677467346
2024-04-29,0.6541398763656616
2024-04-30,0.6561899185180664
2024-05-01,0.6478001475334167
2024-05-02,0.653190016746521
2024-05-03,0.6571398973464966
2024-05-06,0.6609079837799072
2024-05-07,0.6623920202255249
2024-05-08,0.6589199900627136
2024-05-09,0.657680094242096
2024-05-10,0.6620998978614807
2024-05-13,0.6601008772850037
2024-05-14,0.6612882018089294
2024-05-15,0.6626027226448059
2024-05-16,0.6701065301895142
2024-05-17,0.6683151721954346
2024-05-20,0.6700705885887146
2024-05-21,0.6672093272209167
2024-05-22,0.6667097806930542
2024-05-23,0.6619185209274292
2024-05-24,0.6601487994194031
2024-05-27,0.6624007821083069
2024-05-28,0.6655617952346802
2024-05-29,0.6647999286651611
2024-05-30,0.6613699793815613
2024-05-31,0.6630301475524902
2024-06-03,0.6656903028488159
2024-06-04,0.669008195400238
2024-06-05,0.6646201014518738
2024-06-06,0.6657789945602417
2024-06-07,0.6669601202011108
2024-06-10,0.6582714915275574
2024-06-11,0.6608948111534119
2024-06-12,0.6607699394226074
2024-06-13,0.6662899851799011
2024-06-14,0.6633102893829346
2024-06-17,0.6612882018089294
2024-06-18,0.6622077822685242
2024-06-19,0.6661200523376465
2024-06-20,0.6675300002098083
2024-06-21,0.6660698652267456
2024-06-24,0.6635000109672546
2024-06-25,0.6654599905014038
2024-06-26,0.6644800901412964
2024-06-27,0.6644783020019531
2024-06-28,0.6650599241256714
2024-07-01,0.6674007773399353
2024-07-02,0.6654599905014038
2024-07-03,0.6668298244476318
2024-07-04,0.6710900068283081
2024-07-05,0.6725085377693176
2024-07-08,0.6746591329574585
2024-07-09,0.6743202209472656
2024-07-10,0.6741496920585632
2024-07-11,0.6751797795295715
2024-07-12,0.6768500804901123
2024-07-15,0.6771998405456543
2024-07-16,0.6763300895690918
2024-07-17,0.6731998324394226
2024-07-18,0.6730697751045227
2024-07-19,0.6705500483512878
2024-07-22,0.6696308851242065
2024-07-23,0.6640105843544006
2024-07-24,0.6612094640731812
2024-07-25,0.6574798822402954
2024-07-26,0.6542999744415283
2024-07-29,0.6554999947547913
2024-07-30,0.6551405787467957
2024-07-31,0.6541501879692078
2024-08-01,0.6547001004219055
2024-08-02,0.6494898200035095
2024-08-05,0.6497219204902649
2024-08-06,0.6515498757362366
2024-08-07,0.6515001654624939
2024-08-08,0.6515973806381226
2024-08-09,0.659200131893158
2024-08-12,0.6569784283638
2024-08-13,0.6585316061973572
2024-08-14,0.6638598442077637
2024-08-15,0.6600006818771362
2024-08-16,0.6612488627433777
2024-08-19,0.6672983765602112
2024-08-20,0.6735321879386902
2024-08-21,0.6747274398803711
2024-08-22,0.6749701499938965
2024-08-23,0.6708199381828308
2024-08-26,0.6787806153297424
2024-08-27,0.6772910952568054
2024-08-28,0.6787898540496826
2024-08-29,0.6783100962638855
2024-08-30,0.67958003282547
2024-09-02,0.6768001914024353
2024-09-03,0.6787299513816833
2024-09-04,0.6714000701904297
2024-09-05,0.6716187596321106
2024-09-06,0.6740502119064331
2024-09-09,0.6670802235603333
2024-09-10,0.6657878756523132
2024-09-11,0.6653298139572144
2024-09-12,0.6676998138427734
2024-09-13,0.6726899147033691
2024-09-16,0.6713797450065613
2024-09-17,0.6751897931098938
2024-09-18,0.6762696504592896
2024-09-19,0.676369845867157
2024-09-20,0.6809576749801636
2024-09-23,0.6809993982315063
2024-09-24,0.6834102272987366
2024-09-25,0.6905400156974792
2024-09-26,0.6821599006652832
2024-09-27,0.689280092716217
2024-09-30,0.6918787360191345
2024-10-01,0.6915801763534546
2024-10-02,0.6879992485046387
2024-10-03,0.6887099742889404
2024-10-04,0.6850300431251526
2024-10-07,0.6800592541694641
2024-10-08,0.6755999326705933
2024-10-09,0.6739597916603088
2024-10-10,0.6717401146888733
2024-10-11,0.6740997433662415
2024-10-14,0.6731105446815491
2024-10-15,0.6725999116897583
2024-10-16,0.6682080030441284
2024-10-17,0.6664889454841614
2024-10-18,0.6699718832969666
2024-10-21,0.6716818809509277
2024-10-22,0.6653094291687012
2024-10-23,0.6685997843742371
2024-10-24,0.663599967956543
2024-10-25,0.663702130317688
2024-10-28,0.6603406071662903
2024-10-29,0.6582671999931335
2024-10-30,0.6563001871109009
2024-10-31,0.6572798490524292
2024-11-01,0.657680094242096
2024-11-04,0.6591914296150208
2024-11-05,0.6584101915359497
2024-11-06,0.6641499996185303
2024-11-07,0.6567001342773438
2024-11-08,0.6676815152168274
2024-11-11,0.65845787525177
2024-11-12,0.6577605605125427
2024-11-13,0.6529401540756226
2024-11-14,0.6492705345153809
2024-11-15,0.6455498337745667
2024-11-18,0.6463413834571838
2024-11-19,0.650590181350708
2024-11-20,0.6541501879692078
2024-11-21,0.6513999700546265
2024-11-22,0.6510289311408997
2024-11-25,0.6539880037307739
2024-11-26,0.646379828453064
2024-11-27,0.6475173830986023
2024-11-28,0.6497219204902649
2024-11-29,0.6507400274276733
2024-12-02,0.6502415537834167
2024-12-03,0.6475300192832947
2024-12-04,0.6485504508018494
2024-12-05,0.6432936787605286
2024-12-06,0.6449898481369019
2024-12-09,0.639991819858551
2024-12-10,0.643790602684021
2024-12-11,0.6376001834869385
2024-12-12,0.6383902430534363
2024-12-13,0.6375001668930054
2024-12-16,0.6367115378379822
2024-12-17,0.6376400589942932
2024-12-18,0.6341153979301453
2024-12-19,0.6206199526786804
2024-12-20,0.6233997941017151
2024-12-23,0.6252892017364502
2024-12-24,0.6244925856590271
2024-12-25,0.6239081621170044
2024-12-26,0.6244574785232544
2024-12-27,0.6223007440567017
2024-12-30,0.6225099563598633
2024-12-31,0.621999979019165
2025-01-02,0.6194201707839966
2025-01-03,0.6200800538063049
2025-01-06,0.6220104694366455
2025-01-07,0.623910129070282
2025-01-08,0.6234919428825378
2025-01-09,0.6211604475975037
2025-01-10,0.6189700961112976
2025-01-13,0.6154982447624207
2025-01-14,0.6192100048065186
2025-01-15,0.619160532951355
2025-01-16,0.6235401034355164
2025-01-17,0.6210300922393799
2025-01-20,0.6195403337478638
2025-01-21,0.6281000375747681
2025-01-22,0.6262015104293823
2025-01-23,0.6275002360343933
2025-01-24,0.6283262372016907
2025-01-27,0.6292909979820251
2025-01-28,0.6263799667358398
2025-01-29,0.6254573464393616
2025-01-30,0.6239782571792603
2025-01-31,0.6215001940727234
2025-02-03,0.614420473575592
2025-02-04,0.6217397451400757
2025-02-05,0.6251093745231628
2025-02-06,0.6285473704338074
2025-02-07,0.6281801462173462
2025-02-10,0.6258898973464966
2025-02-11,0.6271283030509949
2025-02-12,0.629830002784729
2025-02-13,0.6282985806465149
2025-02-14,0.6316919922828674
2025-02-17,0.6356511116027832
2025-02-18,0.6356107592582703
2025-02-19,0.6353119015693665
2025-02-20,0.6341274976730347
2025-02-21,0.6404098868370056
2025-02-24,0.6370319724082947
2025-02-25,0.6338099837303162
2025-02-26,0.6352877020835876
2025-02-27,0.6310780644416809
2025-02-28,0.623219907283783
2025-03-03,0.6220685243606567
2025-03-04,0.6215812563896179
2025-03-05,0.6269985437393188
2025-03-06,0.6338099837303162
2025-03-07,0.6332280039787292
2025-03-10,0.6303898096084595
2025-03-11,0.6279513835906982
2025-03-12,0.6295286417007446
2025-03-13,0.6327592134475708
2025-03-14,0.6287410259246826
2025-03-17,0.6326191425323486
2025-03-18,0.638198733329773
2025-03-19,0.6361202001571655
2025-03-20,0.6364116668701172
2025-03-21,0.6303898096084595
2025-03-24,0.6288319230079651
2025-03-25,0.6285908222198486
2025-03-26,0.6309000849723816
2025-03-27,0.6287015080451965
2025-03-28,0.6301594376564026
2025-03-31,0.6282907128334045
2025-04-01,0.6241885423660278
2025-04-02,0.6289584636688232
2025-04-03,0.6264698505401611
2025-04-04,0.6323510408401489
2025-04-07,0.5987701416015625
2025-04-08,0.5997613072395325
2025-04-09,0.595528781414032
2025-04-10,0.6133614778518677
2025-04-11,0.6223394870758057
2025-04-14,0.6301316618919373
2025-04-15,0.631991446018219
2025-04-16,0.6337898373603821
2025-04-17,0.6372998952865601
2025-04-22,0.6421988606452942
2025-04-23,0.6376200914382935
2025-04-24,0.6365291476249695
2025-04-25,0.6403483152389526
2025-04-28,0.63840651512146
2025-04-29,0.6428800821304321
2025-04-30,0.6386919617652893
2025-05-01,0.6413093209266663
2025-05-02,0.6386797428131104
2025-05-05,0.644558310508728
2025-05-06,0.6461409330368042
2025-05-07,0.6506688594818115
2025-05-08,0.6434799432754517
2025-05-09,0.6392595171928406
2025-05-12,0.642091691493988
2025-05-13,0.6371780633926392
2025-05-14,0.6472617387771606
2025-05-15,0.6428800821304321
2025-05-16,0.640578031539917
2025-05-19,0.6410001516342163
2025-05-20,0.6455819606781006
2025-05-21,0.6425999999046326
2025-05-22,0.6433101892471313
2025-05-23,0.6409804821014404
2025-05-26,0.6501189470291138
2025-05-27,0.6481007933616638
2025-05-28,0.6447120904922485
2025-05-29,0.6425207257270813
2025-05-30,0.6445998549461365
2025-06-02,0.644321620464325
2025-06-03,0.6498401165008545
2025-06-04,0.646608829498291
2025-06-05,0.6490682363510132
2025-06-06,0.6510501503944397
2025-06-09,0.6500217914581299
2025-06-10,0.6518101692199707
2025-06-11,0.6527202129364014
2025-06-12,0.6509501338005066
2025-06-13,0.6527999043464661
2025-06-16,0.6499997973442078
2025-06-17,0.6511001586914062
2025-06-18,0.6479797959327698
2025-06-19,0.6507408618927002
2025-06-20,0.6488786935806274
2025-06-23,0.6446704864501953
2025-06-24,0.6477800011634827
2025-06-25,0.6495999097824097
2025-06-26,0.6523114442825317
2025-06-27,0.654630184173584
2025-06-30,0.6533215045928955
2025-07-01,0.6578081846237183
2025-07-02,0.6583105325698853
2025-07-03,0.6582901477813721
2025-07-04,0.6577298641204834
2025-07-07,0.6551792025566101
2025-07-08,0.6506096124649048
2025-07-09,0.6524518728256226
2025-07-10,0.6535905003547668
2025-07-11,0.6594000458717346
2025-07-14,0.6578081846237183
2025-07-15,0.6544716358184814
2025-07-16,0.651898980140686
2025-07-17,0.6525000333786011
2025-07-18,0.649819016456604
2025-07-21,0.6512112617492676
2025-07-22,0.6528096795082092
2025-07-23,0.6554712057113647
2025-07-24,0.6603999137878418
2025-07-25,0.6597176194190979
2025-07-28,0.6572980284690857
2025-07-29,0.6524008512496948
2025-07-30,0.651321530342102
2025-07-31,0.6447120904922485
2025-08-01,0.6429089903831482
2025-08-04,0.6469100117683411
2025-08-05,0.6474796533584595
2025-08-06,0.6472994685173035
2025-08-07,0.6500217914581299
2025-08-08,0.6525711417198181
2025-08-11,0.6517715454101562
2025-08-12,0.6514403223991394
2025-08-13,0.6529802083969116
2025-08-14,0.6551706194877625
2025-08-15,0.6497514843940735
2025-08-18,0.651296079158783
2025-08-19,0.6494801044464111
2025-08-20,0.6454598307609558
2025-08-21,0.6436100006103516
2025-08-22,0.6425496339797974
2025-08-25,0.6484898924827576
2025-08-26,0.6481099724769592
2025-08-27,0.6495801210403442
2025-08-28,0.6511399745941162
2025-08-29,0.6532399654388428
2025-09-01,0.6543598771095276
2025-09-02,0.6556801199913025
2025-09-03,0.6518301367759705
2025-09-04,0.6544399857521057
2025-09-05,0.6521999835968018
2025-09-08,0.655450165271759
2025-09-09,0.6598090529441833
2025-09-10,0.6584700345993042
2025-09-11,0.6619316339492798
2025-09-12,0.6668000221252441
2025-09-15,0.6648998260498047
2025-09-16,0.6673001646995544
2025-09-17,0.6688998937606812
2025-09-18,0.6652501225471497
2025-09-19,0.6617901921272278
2025-09-22,0.6589308381080627
2025-09-23,0.660199761390686
2025-09-24,0.6597799062728882
2025-09-25,0.6586921215057373
2025-09-26,0.6537314653396606
2025-09-29,0.6553998589515686
2025-09-30,0.6581978797912598
2025-10-01,0.6610700488090515
2025-10-02,0.6615498065948486
2025-10-03,0.6598090529441833
2025-10-06,0.6593101024627686
2025-10-07,0.6616500020027161
2025-10-08,0.6580505967140198
2025-10-09,0.6584500670433044
2025-10-10,0.6561291813850403
2025-10-13,0.6498401165008545
2025-10-14,0.651159942150116
2025-10-15,0.6491301655769348
2025-10-16,0.6508001685142517
2025-10-17,0.64823979139328
2025-10-20,0.6501701474189758
2025-10-21,0.6516313552856445
2025-10-22,0.6491904854774475
2025-10-23,0.6489999890327454
2025-10-24,0.6514798402786255
2025-10-27,0.653398334980011
2025-10-28,0.6558598279953003
2025-10-29,0.6585099697113037
2025-10-30,0.657680094242096
2025-10-31,0.6559299826622009
2025-11-03,0.6545702219009399
2025-11-04,0.6541078090667725
2025-11-05,0.6485601663589478
2025-11-06,0.6509907841682434
2025-11-07,0.6483898758888245
2025-11-10,0.650239884853363
2025-11-11,0.653488039970398
2025-11-12,0.6529499292373657
2025-11-13,0.6536400318145752
2025-11-14,0.6529000401496887
2025-11-17,0.6533001661300659
2025-11-18,0.6492701172828674
2025-11-19,0.6509018540382385
2025-11-20,0.649000883102417
2025-11-21,0.6449499130249023
2025-11-24,0.6462398767471313
2025-11-25,0.6465799808502197
2025-11-26,0.6470301151275635
2025-11-27,0.6524859666824341
2025-11-28,0.653579831123352
2025-12-01,0.6551298499107361
2025-12-02,0.6544001698493958
2025-12-03,0.6573700904846191
2025-12-04,0.6605019569396973
2025-12-05,0.660641610622406
2025-12-08,0.6635400652885437
2025-12-09,0.6627300977706909
2025-12-10,0.6640987992286682
2025-12-11,0.6674498319625854
2025-12-12,0.6665000319480896
2025-12-15,0.6647300720214844
2025-12-16,0.6641799807548523
2025-12-17,0.6634001135826111
2025-12-18,0.6601501107215881
2025-12-19,0.6613800525665283
2025-12-22,0.6610198020935059
2025-12-23,0.6658400893211365
2025-12-24,0.6701900959014893
2025-12-26,0.6705604195594788
2025-12-29,0.6714099645614624
2025-12-30,0.6695501804351807
2025-12-31,0.6697999835014343
2026-01-02,0.6678299903869629
2026-01-05,0.6683902144432068
2026-01-06,0.6713401079177856
2026-01-07,0.6737000942230225
2026-01-08,0.672210156917572
2026-01-09,0.6701065301895142
2026-01-12,0.6685801148414612
2026-01-13,0.6707807779312134
2026-01-14,0.6683598756790161
2026-01-15,0.6682798862457275
2026-01-16,0.6704210042953491
2026-01-19,0.6687598824501038
2026-01-20,0.6709878444671631
2026-01-21,0.6731699109077454
2026-01-22,0.6754794120788574
2026-01-23,0.6840506792068481
2026-01-26,0.691399872303009
2026-01-27,0.691472053527832
2026-01-28,0.6995800137519836
2026-01-29,0.7039799094200134
2026-01-30,0.7047300934791565
2026-02-02,0.6946277618408203
2026-02-03,0.6955500841140747
2026-02-04,0.7022520899772644
2026-02-05,0.699440062046051
2026-02-06,0.6916399002075195
2026-02-09,0.7033699154853821
2026-02-10,0.7083597779273987
2026-02-11,0.7074797749519348
2026-02-12,0.7125298380851746
2026-02-13,0.7087101936340332
2026-02-16,0.7070400714874268
2026-02-17,0.7072985768318176
2026-02-18,0.708320140838623
2026-02-19,0.704379141330719
2026-02-20,0.7056102752685547
2026-02-23,0.7111399173736572
2026-02-24,0.706070065498352
2026-02-25,0.7060999870300293
2026-02-26,0.7120498418807983
2026-02-27,0.71017986536026
2026-03-02,0.7058109045028687
2026-03-03,0.710580050945282
2026-03-04,0.7040701508522034
2026-03-05,0.7075998783111572
2026-03-06,0.7011299729347229
2026-03-09,0.6966199278831482
2026-03-10,0.7068586349487305
2026-03-11,0.712100088596344
2026-03-12,0.7129209637641907
2026-03-13,0.7075298428535461
2026-03-16,0.7005700469017029
2026-03-17,0.706848680973053
2026-03-18,0.710909903049469
2026-03-19,0.7029501795768738
2026-03-20,0.708109974861145
2026-03-23,0.7007802128791809
2026-03-24,0.7006098031997681
2026-03-25,0.6996901631355286
2026-03-26,0.6942901611328125
2026-03-27,0.6887398958206177
2026-03-30,0.6850901246070862
2026-03-31,0.6845901012420654
2026-04-01,0.692051112651825
2026-04-02,0.6923999190330505
2026-04-03,0.6911499500274658
2026-04-06,0.6885501742362976
2026-04-07,0.6916901469230652
2026-04-08,0.707679033279419
2026-04-09,0.703937828540802
2026-04-10,0.7075698375701904
2026-04-13,0.7019898295402527
2026-04-14,0.7099298238754272
2026-04-15,0.7129300832748413
2026-04-16,0.7175799012184143
2026-04-17,0.7159000635147095
2026-04-20,0.7134998440742493
2026-04-21,0.7174198627471924
2026-04-22,0.7156198024749756
2026-04-23,0.7158001661300659
2026-04-24,0.7129616141319275
